Official_Experiment_ROI_dataset_03_instance_01_0_exec,"{'task_file': '/Users/hdrop/Documents/Personal FIles/master-thesis-experiments/data/data_files/03_dataset_10_workers_10_tasks/instance_01/tasks.csv', 'worker_file': '/Users/hdrop/Documents/Personal FIles/master-thesis-experiments/data/data_files/03_dataset_10_workers_10_tasks/instance_01/workers.csv', 'workers': {'w08', 'w03', 'w00', 'w09', 'w05', 'w06', 'w04', 'w07', 'w02', 'w01'}, 'workers_df':         cost           skills  user_id user_name  y_star_index
0   7.266811  [t00, t06, t05]        0       w00  1.000000e+00
1  10.422680  [t01, t05, t07]        1       w01  2.578525e-11
2   2.331524       [t02, t07]        2       w02  1.000000e+00
3   4.680573       [t00, t07]        3       w03  1.878924e-11
4   5.201652  [t01, t07, t03]        4       w04  1.000000e+00
5  15.673393       [t02, t03]        5       w05 -1.986560e-11
6  17.213325       [t00, t03]        6       w06 -2.008652e-11
7  22.752349  [t01, t03, t09]        7       w07 -1.125653e-12
8  33.967294  [t02, t09, t08]        8       w08 -8.266918e-12
9  17.583698       [t00, t08]        9       w09  4.176300e-13, 'tasks_df':   skill  skill_id  valuation  x_star_index
0   t00         0   2.886278  1.000000e+00
1   t01         1   4.301118  1.000000e+00
2   t02         2   2.438114  1.000000e+00
3   t03         3   2.657543  1.000000e+00
4   t04         4   9.872805  1.773988e-11
5   t05         5   9.482851  1.000000e+00
6   t06         6   9.254941  1.000000e+00
7   t07         7   9.424133  1.000000e+00
8   t08         8   5.604565 -1.146654e-13
9   t09         9   4.586187 -2.952304e-12, 'task_set': {'t00', 't07', 't09', 't08', 't04', 't01', 't02', 't05', 't06', 't03'}, 'worker_task_dict': {'w00': ['t00', 't06', 't05'], 'w01': ['t01', 't05', 't07'], 'w02': ['t02', 't07'], 'w03': ['t00', 't07'], 'w04': ['t01', 't07', 't03'], 'w05': ['t02', 't03'], 'w06': ['t00', 't03'], 'w07': ['t01', 't03', 't09'], 'w08': ['t02', 't09', 't08'], 'w09': ['t00', 't08']}, 'task_val_dict': {'t00': 2.886278157493404, 't01': 4.301118077620684, 't02': 2.438114059346556, 't03': 2.6575427249987005, 't04': 9.872804773676409, 't05': 9.48285137876636, 't06': 9.25494073227557, 't07': 9.424132937564869, 't08': 5.604564506323368, 't09': 4.586186603641666}, 'worke_cost': {'w00': 7.266811376102311, 'w01': 10.422680364600966, 'w02': 2.331524333675788, 'w03': 4.68057269166353, 'w04': 5.201651547640288, 'w05': 15.67339310498923, 'w06': 17.213325009425468, 'w07': 22.752348987033216, 'w08': 33.967294193192856, 'w09': 17.583698284473446}, 'n': 10, 'm': 10, 'solution': {'w02', 'w04', 'w00'}, 'value': 25.644990810647755}"
Official_Experiment_ROI_dataset_03_instance_02_1_exec,"{'task_file': '/Users/hdrop/Documents/Personal FIles/master-thesis-experiments/data/data_files/03_dataset_10_workers_10_tasks/instance_02/tasks.csv', 'worker_file': '/Users/hdrop/Documents/Personal FIles/master-thesis-experiments/data/data_files/03_dataset_10_workers_10_tasks/instance_02/workers.csv', 'workers': {'w08', 'w03', 'w00', 'w09', 'w05', 'w06', 'w04', 'w07', 'w02', 'w01'}, 'workers_df':         cost           skills  user_id user_name  y_star_index
0   6.471245  [t00, t06, t05]        0       w00  1.000000e+00
1   3.692443  [t01, t05, t07]        1       w01  1.500277e-09
2   6.729693       [t02, t07]        2       w02  1.526376e-10
3   7.280368  [t00, t07, t03]        3       w03  1.348679e-09
4   5.762044       [t01, t03]        4       w04  1.000000e+00
5  10.208068       [t02, t03]        5       w05  8.989452e-11
6  14.001141       [t00, t03]        6       w06 -2.173492e-11
7  18.221022  [t01, t03, t09]        7       w07  3.017654e-11
8  32.746874       [t02, t09]        8       w08 -4.013220e-11
9  16.871542       [t00, t09]        9       w09 -1.471976e-11, 'tasks_df':   skill  skill_id  valuation  x_star_index
0   t00         0   7.512106  1.000000e+00
1   t01         1   4.033601  1.000000e+00
2   t02         2   2.165522  1.687760e-10
3   t03         3   9.689980  1.000000e+00
4   t04         4   9.224762  3.402437e-11
5   t05         5   9.228918  1.000000e+00
6   t06         6   6.526636  1.000000e+00
7   t07         7   2.039546  2.857547e-09
8   t08         8   7.342657  2.989071e-11
9   t09         9   2.172063 -8.496034e-12, 'task_set': {'t00', 't07', 't09', 't08', 't04', 't01', 't02', 't05', 't06', 't03'}, 'worker_task_dict': {'w00': ['t00', 't06', 't05'], 'w01': ['t01', 't05', 't07'], 'w02': ['t02', 't07'], 'w03': ['t00', 't07', 't03'], 'w04': ['t01', 't03'], 'w05': ['t02', 't03'], 'w06': ['t00', 't03'], 'w07': ['t01', 't03', 't09'], 'w08': ['t02', 't09'], 'w09': ['t00', 't09']}, 'task_val_dict': {'t00': 7.512105973147217, 't01': 4.033600915565337, 't02': 2.16552244822549, 't03': 9.689980027555414, 't04': 9.224761958446178, 't05': 9.228917864362945, 't06': 6.5266364542712, 't07': 2.039545736191388, 't08': 7.342657453713406, 't09': 2.172062989277096}, 'worke_cost': {'w00': 6.471245294052498, 'w01': 3.6924426975531888, 'w02': 6.729693175768883, 'w03': 7.280367932967817, 'w04': 5.762043938392159, 'w05': 10.208067846652549, 'w06': 14.001140902934242, 'w07': 18.221022334041635, 'w08': 32.74687362012312, 'w09': 16.871541863180482}, 'n': 10, 'm': 10, 'solution': {'w01', 'w03', 'w00'}, 'value': 21.586731046519994}"
Official_Experiment_ROI_dataset_03_instance_03_2_exec,"{'task_file': '/Users/hdrop/Documents/Personal FIles/master-thesis-experiments/data/data_files/03_dataset_10_workers_10_tasks/instance_03/tasks.csv', 'worker_file': '/Users/hdrop/Documents/Personal FIles/master-thesis-experiments/data/data_files/03_dataset_10_workers_10_tasks/instance_03/workers.csv', 'workers': {'w08', 'w03', 'w00', 'w09', 'w05', 'w06', 'w04', 'w07', 'w02', 'w01'}, 'workers_df':         cost           skills  user_id user_name  y_star_index
0  11.931742  [t00, t06, t05]        0       w00  3.340866e-10
1   6.086981       [t01, t05]        1       w01  1.000000e+00
2   8.619777  [t02, t05, t07]        2       w02  8.699639e-11
3   2.712328       [t00, t07]        3       w03  1.000000e+00
4  11.483656  [t01, t07, t03]        4       w04  5.997571e-10
5  10.158106       [t02, t03]        5       w05  4.967542e-09
6  15.125015  [t00, t03, t09]        6       w06  1.541901e-10
7  20.267458  [t01, t09, t08]        7       w07  3.563976e-11
8  27.921560  [t02, t08, t04]        8       w08  5.355418e-11
9  33.253652  [t00, t04, t06]        9       w09  1.747329e-11, 'tasks_df':   skill  skill_id  valuation  x_star_index
0   t00         0   7.964057  1.000000e+00
1   t01         1   6.994947  1.000000e+00
2   t02         2   1.340224  4.971434e-09
3   t03         3   8.659306  5.696396e-09
4   t04         4   9.030315  5.629661e-11
5   t05         5   5.407889  1.000000e+00
6   t06         6   3.854850  3.095564e-10
7   t07         7   3.217307  1.000000e+00
8   t08         8   5.155829  6.642975e-11
9   t09         9   1.056369  1.221708e-10, 'task_set': {'t00', 't07', 't09', 't08', 't04', 't01', 't02', 't05', 't06', 't03'}, 'worker_task_dict': {'w00': ['t00', 't06', 't05'], 'w01': ['t01', 't05'], 'w02': ['t02', 't05', 't07'], 'w03': ['t00', 't07'], 'w04': ['t01', 't07', 't03'], 'w05': ['t02', 't03'], 'w06': ['t00', 't03', 't09'], 'w07': ['t01', 't09', 't08'], 'w08': ['t02', 't08', 't04'], 'w09': ['t00', 't04', 't06']}, 'task_val_dict': {'t00': 7.964056671117929, 't01': 6.994946625217097, 't02': 1.340224465597878, 't03': 8.65930613518189, 't04': 9.030314560860578, 't05': 5.407888856826848, 't06': 3.85485039508241, 't07': 3.217306652191866, 't08': 5.155829236377491, 't09': 1.0563692491150904}, 'worke_cost': {'w00': 11.93174207326372, 'w01': 6.086980620826864, 'w02': 8.619776649156101, 'w03': 2.712327704403613, 'w04': 11.483655873422483, 'w05': 10.158105828583423, 'w06': 15.125014905976975, 'w07': 20.267457978110127, 'w08': 27.921560092659032, 'w09': 33.25365237438099}, 'n': 10, 'm': 10, 'solution': {'w01', 'w03'}, 'value': 14.784890480123263}"
Official_Experiment_ROI_dataset_03_instance_04_3_exec,"{'task_file': '/Users/hdrop/Documents/Personal FIles/master-thesis-experiments/data/data_files/03_dataset_10_workers_10_tasks/instance_04/tasks.csv', 'worker_file': '/Users/hdrop/Documents/Personal FIles/master-thesis-experiments/data/data_files/03_dataset_10_workers_10_tasks/instance_04/workers.csv', 'workers': {'w08', 'w03', 'w00', 'w09', 'w05', 'w06', 'w04', 'w07', 'w02', 'w01'}, 'workers_df':         cost           skills  user_id user_name  y_star_index
0   2.303398            [t00]        0       w00  5.890061e-10
1   8.484300       [t01, t06]        1       w01  5.506974e-11
2   5.915291  [t02, t06, t05]        2       w02  1.000000e+00
3   3.211999            [t00]        3       w03  8.247997e-11
4   3.268315       [t01, t05]        4       w04  1.000000e+00
5  16.715887  [t02, t05, t07]        5       w05 -4.881117e-11
6  13.305656  [t00, t07, t03]        6       w06  1.000000e+00
7  18.738013  [t01, t03, t09]        7       w07  7.657668e-11
8  23.704434  [t02, t09, t08]        8       w08 -1.767442e-11
9  17.219686       [t00, t08]        9       w09 -1.799835e-11, 'tasks_df':   skill  skill_id  valuation  x_star_index
0   t00         0   2.443414  1.000000e+00
1   t01         1   6.329848  1.000000e+00
2   t02         2   5.829871  1.000000e+00
3   t03         3   8.745641  1.000000e+00
4   t04         4   3.679523  3.841063e-11
5   t05         5   5.308782  1.000000e+00
6   t06         6   4.107719  1.000000e+00
7   t07         7   3.591500  1.000000e+00
8   t08         8   4.123006 -4.978163e-11
9   t09         9   3.122761  6.487579e-11, 'task_set': {'t00', 't07', 't09', 't08', 't04', 't01', 't02', 't05', 't06', 't03'}, 'worker_task_dict': {'w00': ['t00'], 'w01': ['t01', 't06'], 'w02': ['t02', 't06', 't05'], 'w03': ['t00'], 'w04': ['t01', 't05'], 'w05': ['t02', 't05', 't07'], 'w06': ['t00', 't07', 't03'], 'w07': ['t01', 't03', 't09'], 'w08': ['t02', 't09', 't08'], 'w09': ['t00', 't08']}, 'task_val_dict': {'t00': 2.4434139277194924, 't01': 6.329848147345361, 't02': 5.829870865976025, 't03': 8.745640873804163, 't04': 3.679522733483415, 't05': 5.308781550193375, 't06': 4.107718987526342, 't07': 3.5914997683480645, 't08': 4.1230059046596015, 't09': 3.122760619625368}, 'worke_cost': {'w00': 2.303398242897625, 'w01': 8.484299852769034, 'w02': 5.915291462243287, 'w03': 3.211998591159112, 'w04': 3.2683153660906497, 'w05': 16.715886626705878, 'w06': 13.30565636011524, 'w07': 18.73801307279951, 'w08': 23.704434127773258, 'w09': 17.219685755251458}, 'n': 10, 'm': 10, 'solution': {'w02', 'w06', 'w04'}, 'value': 13.867510932463649}"
Official_Experiment_ROI_dataset_03_instance_05_4_exec,"{'task_file': '/Users/hdrop/Documents/Personal FIles/master-thesis-experiments/data/data_files/03_dataset_10_workers_10_tasks/instance_05/tasks.csv', 'worker_file': '/Users/hdrop/Documents/Personal FIles/master-thesis-experiments/data/data_files/03_dataset_10_workers_10_tasks/instance_05/workers.csv', 'workers': {'w08', 'w03', 'w00', 'w09', 'w05', 'w06', 'w04', 'w07', 'w02', 'w01'}, 'workers_df':         cost           skills  user_id user_name  y_star_index
0   3.821610            [t00]        0       w00  1.564030e-10
1   9.621256  [t01, t06, t05]        1       w01  1.329429e-10
2   6.474753       [t02, t05]        2       w02  7.952815e-12
3   2.249547       [t00, t05]        3       w03  1.000000e+00
4   1.109698  [t01, t05, t07]        4       w04  1.000000e+00
5  19.922637            [t02]        5       w05  2.231383e-11
6  22.420683  [t00, t07, t03]        6       w06 -1.253048e-11
7  13.277110  [t01, t03, t09]        7       w07  9.725117e-11
8  11.275287  [t02, t09, t08]        8       w08  1.000000e+00
9  27.142746  [t00, t08, t04]        9       w09 -2.139988e-11, 'tasks_df':   skill  skill_id  valuation  x_star_index
0   t00         0   2.859610  1.000000e+00
1   t01         1   2.499327  1.000000e+00
2   t02         2   3.585829  1.000000e+00
3   t03         3   4.967058  1.018645e-10
4   t04         4   1.703474 -1.954345e-11
5   t05         5   6.566717  1.000000e+00
6   t06         6   5.647958  1.495084e-10
7   t07         7   9.446975  1.000000e+00
8   t08         8   9.820989  1.000000e+00
9   t09         9   7.710739  1.000000e+00, 'task_set': {'t00', 't07', 't09', 't08', 't04', 't01', 't02', 't05', 't06', 't03'}, 'worker_task_dict': {'w00': ['t00'], 'w01': ['t01', 't06', 't05'], 'w02': ['t02', 't05'], 'w03': ['t00', 't05'], 'w04': ['t01', 't05', 't07'], 'w05': ['t02'], 'w06': ['t00', 't07', 't03'], 'w07': ['t01', 't03', 't09'], 'w08': ['t02', 't09', 't08'], 'w09': ['t00', 't08', 't04']}, 'task_val_dict': {'t00': 2.8596097517679344, 't01': 2.4993271521288425, 't02': 3.5858293267509525, 't03': 4.967057741714239, 't04': 1.7034739755702923, 't05': 6.566717281910474, 't06': 5.647958137220806, 't07': 9.446975237826624, 't08': 9.820988546103226, 't09': 7.710739035851267}, 'worke_cost': {'w00': 3.8216096499070655, 'w01': 9.6212555251312, 'w02': 6.474752822459848, 'w03': 2.249547052148092, 'w04': 1.1096977353741675, 'w05': 19.922636673979763, 'w06': 22.420682803343105, 'w07': 13.277110184494544, 'w08': 11.27528673086423, 'w09': 27.142746129322376}, 'n': 10, 'm': 10, 'solution': {'w08', 'w03', 'w04'}, 'value': 27.85565481395283}"
Official_Experiment_ROI_dataset_03_instance_06_5_exec,"{'task_file': '/Users/hdrop/Documents/Personal FIles/master-thesis-experiments/data/data_files/03_dataset_10_workers_10_tasks/instance_06/tasks.csv', 'worker_file': '/Users/hdrop/Documents/Personal FIles/master-thesis-experiments/data/data_files/03_dataset_10_workers_10_tasks/instance_06/workers.csv', 'workers': {'w08', 'w03', 'w00', 'w09', 'w05', 'w06', 'w04', 'w07', 'w02', 'w01'}, 'workers_df':         cost           skills  user_id user_name  y_star_index
0   8.662274  [t00, t06, t05]        0       w00  1.000000e+00
1   9.522623  [t01, t05, t07]        1       w01  1.179576e-12
2   5.460013  [t02, t07, t03]        2       w02  1.000000e+00
3   5.557871       [t00, t03]        3       w03  2.381987e-11
4   7.893951  [t01, t03, t09]        4       w04  1.000000e+00
5  12.000086       [t02, t09]        5       w05  8.483887e-12
6  14.736969       [t00, t09]        6       w06 -2.720775e-12
7  20.160366       [t01, t09]        7       w07 -2.205192e-12
8  17.449630  [t02, t09, t08]        8       w08  3.327284e-12
9  24.923484  [t00, t08, t04]        9       w09 -2.321970e-12, 'tasks_df':   skill  skill_id  valuation  x_star_index
0   t00         0   9.648760  1.000000e+00
1   t01         1   5.535680  1.000000e+00
2   t02         2   7.940414  1.000000e+00
3   t03         3   2.986403  1.000000e+00
4   t04         4   4.824736 -5.292128e-13
5   t05         5   1.180598  1.000000e+00
6   t06         6   4.106132  1.000000e+00
7   t07         7   2.220644  1.000000e+00
8   t08         8   1.358979  1.399684e-12
9   t09         9   6.381115  1.000000e+00, 'task_set': {'t00', 't07', 't09', 't08', 't04', 't01', 't02', 't05', 't06', 't03'}, 'worker_task_dict': {'w00': ['t00', 't06', 't05'], 'w01': ['t01', 't05', 't07'], 'w02': ['t02', 't07', 't03'], 'w03': ['t00', 't03'], 'w04': ['t01', 't03', 't09'], 'w05': ['t02', 't09'], 'w06': ['t00', 't09'], 'w07': ['t01', 't09'], 'w08': ['t02', 't09', 't08'], 'w09': ['t00', 't08', 't04']}, 'task_val_dict': {'t00': 9.64875972204953, 't01': 5.535680051116393, 't02': 7.940414097005402, 't03': 2.9864028463014014, 't04': 4.824735992106016, 't05': 1.180598073686905, 't06': 4.106132111393835, 't07': 2.2206438161421875, 't08': 1.358979354295379, 't09': 6.381114591829803}, 'worke_cost': {'w00': 8.662274253718262, 'w01': 9.522623036095364, 'w02': 5.460012599966039, 'w03': 5.557870516472523, 'w04': 7.893951356591213, 'w05': 12.000085954297266, 'w06': 14.73696891633247, 'w07': 20.160366378449915, 'w08': 17.449629668334246, 'w09': 24.92348408839112}, 'n': 10, 'm': 10, 'solution': {'w02', 'w03', 'w04'}, 'value': 15.801180651414942}"
Official_Experiment_ROI_dataset_03_instance_07_6_exec,"{'task_file': '/Users/hdrop/Documents/Personal FIles/master-thesis-experiments/data/data_files/03_dataset_10_workers_10_tasks/instance_07/tasks.csv', 'worker_file': '/Users/hdrop/Documents/Personal FIles/master-thesis-experiments/data/data_files/03_dataset_10_workers_10_tasks/instance_07/workers.csv', 'workers': {'w08', 'w03', 'w00', 'w09', 'w05', 'w06', 'w04', 'w07', 'w02', 'w01'}, 'workers_df':         cost           skills  user_id user_name  y_star_index
0   2.770158            [t00]        0       w00  1.000000e+00
1   2.893804       [t01, t06]        1       w01  1.094330e-10
2   2.383517  [t02, t06, t05]        2       w02  1.000000e+00
3   7.953364            [t00]        3       w03  1.751934e-12
4   3.339349  [t01, t05, t07]        4       w04  1.000000e+00
5   8.704580       [t02, t07]        5       w05  2.085707e-11
6  19.345707       [t00, t07]        6       w06 -1.643895e-11
7   7.072982       [t01, t07]        7       w07  6.050121e-12
8  28.870937       [t02, t07]        8       w08  1.973397e-12
9  16.060419  [t00, t07, t03]        9       w09  5.268994e-11, 'tasks_df':   skill  skill_id  valuation  x_star_index
0   t00         0   9.330461  1.000000e+00
1   t01         1   4.486821  1.000000e+00
2   t02         2   9.118641  1.000000e+00
3   t03         3   7.200677  6.253096e-11
4   t04         4   3.734104  6.834206e-12
5   t05         5   1.196913  1.000000e+00
6   t06         6   8.964241  1.000000e+00
7   t07         7   7.853096  1.000000e+00
8   t08         8   6.741989  9.240737e-12
9   t09         9   6.661031  9.198206e-12, 'task_set': {'t00', 't07', 't09', 't08', 't04', 't01', 't02', 't05', 't06', 't03'}, 'worker_task_dict': {'w00': ['t00'], 'w01': ['t01', 't06'], 'w02': ['t02', 't06', 't05'], 'w03': ['t00'], 'w04': ['t01', 't05', 't07'], 'w05': ['t02', 't07'], 'w06': ['t00', 't07'], 'w07': ['t01', 't07'], 'w08': ['t02', 't07'], 'w09': ['t00', 't07', 't03']}, 'task_val_dict': {'t00': 9.33046102477014, 't01': 4.486820593850157, 't02': 9.11864149276705, 't03': 7.200677414822473, 't04': 3.7341043596566057, 't05': 1.1969128935793092, 't06': 8.964241368038056, 't07': 7.853096105417902, 't08': 6.7419888610669805, 't09': 6.661030771982087}, 'worke_cost': {'w00': 2.7701584656052383, 'w01': 2.8938044755826686, 'w02': 2.383516833744012, 'w03': 7.953364005393936, 'w04': 3.3393489367527525, 'w05': 8.704579870856636, 'w06': 19.345706821136947, 'w07': 7.0729819858017695, 'w08': 28.87093684230993, 'w09': 16.06041864082971}, 'n': 10, 'm': 10, 'solution': {'w02', 'w04', 'w00'}, 'value': 32.45714924232061}"
Official_Experiment_ROI_dataset_03_instance_08_7_exec,"{'task_file': '/Users/hdrop/Documents/Personal FIles/master-thesis-experiments/data/data_files/03_dataset_10_workers_10_tasks/instance_08/tasks.csv', 'worker_file': '/Users/hdrop/Documents/Personal FIles/master-thesis-experiments/data/data_files/03_dataset_10_workers_10_tasks/instance_08/workers.csv', 'workers': {'w08', 'w03', 'w00', 'w09', 'w05', 'w06', 'w04', 'w07', 'w02', 'w01'}, 'workers_df':         cost           skills  user_id user_name  y_star_index
0   8.073081  [t00, t06, t05]        0       w00  1.678938e-11
1   6.392452  [t01, t05, t07]        1       w01  1.000000e+00
2   7.274542  [t02, t07, t03]        2       w02  2.052449e-11
3  10.433641       [t00, t03]        3       w03 -1.181477e-12
4   3.178283       [t01, t03]        4       w04  3.637180e-11
5   8.835300       [t02, t03]        5       w05 -5.237473e-13
6  21.211057  [t00, t03, t09]        6       w06 -3.314737e-13
7  21.773164       [t01, t09]        7       w07 -1.284351e-12
8  31.965440  [t02, t09, t08]        8       w08 -7.365992e-13
9  17.683092       [t00, t08]        9       w09 -4.801278e-13, 'tasks_df':   skill  skill_id  valuation  x_star_index
0   t00         0   1.146079  1.121996e-11
1   t01         1   9.558597  1.000000e+00
2   t02         2   1.252091  1.521549e-11
3   t03         3   1.994472  4.911878e-11
4   t04         4   3.670145  1.199577e-12
5   t05         5   4.768218  1.000000e+00
6   t06         6   1.906781  1.548647e-11
7   t07         7   7.224344  1.000000e+00
8   t08         8   5.513764 -3.684944e-13
9   t09         9   5.898990 -1.754181e-12, 'task_set': {'t00', 't07', 't09', 't08', 't04', 't01', 't02', 't05', 't06', 't03'}, 'worker_task_dict': {'w00': ['t00', 't06', 't05'], 'w01': ['t01', 't05', 't07'], 'w02': ['t02', 't07', 't03'], 'w03': ['t00', 't03'], 'w04': ['t01', 't03'], 'w05': ['t02', 't03'], 'w06': ['t00', 't03', 't09'], 'w07': ['t01', 't09'], 'w08': ['t02', 't09', 't08'], 'w09': ['t00', 't08']}, 'task_val_dict': {'t00': 1.1460788606226673, 't01': 9.558597482574983, 't02': 1.2520913119366672, 't03': 1.994471599513047, 't04': 3.670145410564554, 't05': 4.768218091812273, 't06': 1.9067810906525609, 't07': 7.224343506452304, 't08': 5.513763606310734, 't09': 5.898989614209741}, 'worke_cost': {'w00': 8.07308094481813, 'w01': 6.392451544086873, 'w02': 7.274541953991487, 'w03': 10.433640922612366, 'w04': 3.1782832699762835, 'w05': 8.83530049473334, 'w06': 21.21105738221432, 'w07': 21.773164396172835, 'w08': 31.96543957633827, 'w09': 17.683091930693145}, 'n': 10, 'm': 10, 'solution': {'w01', 'w04'}, 'value': 13.974895866289453}"
Official_Experiment_ROI_dataset_03_instance_09_8_exec,"{'task_file': '/Users/hdrop/Documents/Personal FIles/master-thesis-experiments/data/data_files/03_dataset_10_workers_10_tasks/instance_09/tasks.csv', 'worker_file': '/Users/hdrop/Documents/Personal FIles/master-thesis-experiments/data/data_files/03_dataset_10_workers_10_tasks/instance_09/workers.csv', 'workers': {'w08', 'w03', 'w00', 'w09', 'w05', 'w06', 'w04', 'w07', 'w02', 'w01'}, 'workers_df':         cost           skills  user_id user_name  y_star_index
0   3.785188       [t00, t06]        0       w00  2.709789e-10
1   6.440164            [t01]        1       w01 -5.599168e-12
2   2.724806       [t02, t06]        2       w02  1.000000e+00
3   7.405130            [t00]        3       w03 -1.391204e-12
4   4.091046  [t01, t06, t05]        4       w04  1.317600e-10
5   6.251394       [t02, t05]        5       w05  6.768071e-12
6  10.827125       [t00, t05]        6       w06 -1.181162e-11
7   8.511716  [t01, t05, t07]        7       w07  1.000000e+00
8  22.393737       [t02, t07]        8       w08 -1.745655e-11
9  31.095648  [t00, t07, t03]        9       w09 -8.919145e-12, 'tasks_df':   skill  skill_id  valuation  x_star_index
0   t00         0   2.322731  2.182160e-10
1   t01         1   1.707418  1.000000e+00
2   t02         2   4.151069  1.000000e+00
3   t03         3   6.597537 -2.242903e-12
4   t04         4   9.551855  1.492797e-11
5   t05         5   5.016395  1.000000e+00
6   t06         6   4.477406  1.000000e+00
7   t07         7   7.046429  1.000000e+00
8   t08         8   7.351582  1.541021e-11
9   t09         9   8.088492  1.544440e-11, 'task_set': {'t00', 't07', 't09', 't08', 't04', 't01', 't02', 't05', 't06', 't03'}, 'worker_task_dict': {'w00': ['t00', 't06'], 'w01': ['t01'], 'w02': ['t02', 't06'], 'w03': ['t00'], 'w04': ['t01', 't06', 't05'], 'w05': ['t02', 't05'], 'w06': ['t00', 't05'], 'w07': ['t01', 't05', 't07'], 'w08': ['t02', 't07'], 'w09': ['t00', 't07', 't03']}, 'task_val_dict': {'t00': 2.3227314066729923, 't01': 1.7074180238334655, 't02': 4.151069180329392, 't03': 6.597537474508913, 't04': 9.551854945976666, 't05': 5.016395079824508, 't06': 4.47740621261895, 't07': 7.046429179071555, 't08': 7.351581951458053, 't09': 8.088491545917776}, 'worke_cost': {'w00': 3.7851883117894407, 'w01': 6.440164257139839, 'w02': 2.724806257766709, 'w03': 7.405129500107525, 'w04': 4.091046028402396, 'w05': 6.251394198591655, 'w06': 10.82712513918729, 'w07': 8.511716084465895, 'w08': 22.39373710226953, 'w09': 31.09564762060199}, 'n': 10, 'm': 10, 'solution': {'w02', 'w04'}, 'value': 8.536436210437211}"
Official_Experiment_ROI_dataset_03_instance_10_9_exec,"{'task_file': '/Users/hdrop/Documents/Personal FIles/master-thesis-experiments/data/data_files/03_dataset_10_workers_10_tasks/instance_10/tasks.csv', 'worker_file': '/Users/hdrop/Documents/Personal FIles/master-thesis-experiments/data/data_files/03_dataset_10_workers_10_tasks/instance_10/workers.csv', 'workers': {'w08', 'w03', 'w00', 'w09', 'w05', 'w06', 'w04', 'w07', 'w02', 'w01'}, 'workers_df':         cost           skills  user_id user_name  y_star_index
0   5.245839  [t00, t06, t05]        0       w00  1.000000e+00
1   2.860544            [t01]        1       w01  1.202486e-09
2   4.819403       [t02, t05]        2       w02  1.749974e-12
3   3.131736       [t00, t05]        3       w03  7.418865e-12
4   2.815667       [t01, t05]        4       w04  1.000000e+00
5   5.528340            [t02]        5       w05  4.655320e-12
6   8.508315       [t00, t05]        6       w06 -3.637648e-13
7  23.057737  [t01, t05, t07]        7       w07 -1.856963e-12
8  11.771270  [t02, t07, t03]        8       w08  1.000000e+00
9  21.579479            [t00]        9       w09  8.810685e-13, 'tasks_df':   skill  skill_id  valuation  x_star_index
0   t00         0   5.886240  1.000000e+00
1   t01         1   3.929104  1.000000e+00
2   t02         2   8.122979  1.000000e+00
3   t03         3   9.598338  1.000000e+00
4   t04         4   8.046660  1.388356e-12
5   t05         5   7.733498  1.000000e+00
6   t06         6   6.773302  1.000000e+00
7   t07         7   4.102954  1.000000e+00
8   t08         8   5.349904  1.179814e-12
9   t09         9   4.915330  1.128109e-12, 'task_set': {'t00', 't07', 't09', 't08', 't04', 't01', 't02', 't05', 't06', 't03'}, 'worker_task_dict': {'w00': ['t00', 't06', 't05'], 'w01': ['t01'], 'w02': ['t02', 't05'], 'w03': ['t00', 't05'], 'w04': ['t01', 't05'], 'w05': ['t02'], 'w06': ['t00', 't05'], 'w07': ['t01', 't05', 't07'], 'w08': ['t02', 't07', 't03'], 'w09': ['t00']}, 'task_val_dict': {'t00': 5.886239677449699, 't01': 3.929104153153973, 't02': 8.122978783332176, 't03': 9.598337973384355, 't04': 8.046659920431726, 't05': 7.733498252339465, 't06': 6.773301577387594, 't07': 4.102953772820522, 't08': 5.349903889026296, 't09': 4.915329546061435}, 'worke_cost': {'w00': 5.245839086589011, 'w01': 2.860543952019655, 'w02': 4.819402555234685, 'w03': 3.131736284385163, 'w04': 2.815666817500128, 'w05': 5.528340160654575, 'w06': 8.508315276754729, 'w07': 23.057736683079167, 'w08': 11.77127020055807, 'w09': 21.579479380309365}, 'n': 10, 'm': 10, 'solution': {'w08', 'w03', 'w04', 'w00'}, 'value': 23.181901800835405}"
Official_Experiment_ROI_dataset_03_instance_11_10_exec,"{'task_file': '/Users/hdrop/Documents/Personal FIles/master-thesis-experiments/data/data_files/03_dataset_10_workers_10_tasks/instance_11/tasks.csv', 'worker_file': '/Users/hdrop/Documents/Personal FIles/master-thesis-experiments/data/data_files/03_dataset_10_workers_10_tasks/instance_11/workers.csv', 'workers': {'w08', 'w03', 'w00', 'w09', 'w05', 'w06', 'w04', 'w07', 'w02', 'w01'}, 'workers_df':         cost           skills  user_id user_name  y_star_index
0   1.882362  [t00, t06, t05]        0       w00  1.000000e+00
1   2.520957       [t01, t05]        1       w01  6.059887e-11
2   2.525467       [t02, t05]        2       w02  1.000000e+00
3   6.328193  [t00, t05, t07]        3       w03  7.218293e-12
4   4.409245       [t01, t07]        4       w04  6.219816e-11
5  10.036865       [t02, t07]        5       w05  2.927114e-13
6  20.592067  [t00, t07, t03]        6       w06 -4.884226e-12
7  15.838513            [t01]        7       w07 -3.358323e-12
8  18.407601       [t02, t03]        8       w08  9.755877e-12
9  26.072300  [t00, t03, t09]        9       w09 -1.477395e-12, 'tasks_df':   skill  skill_id  valuation  x_star_index
0   t00         0   2.138098  1.000000e+00
1   t01         1   1.251781  4.710533e-11
2   t02         2   5.466847  1.000000e+00
3   t03         3   8.444141  1.325550e-11
4   t04         4   8.383463  1.327004e-11
5   t05         5   4.025879  1.000000e+00
6   t06         6   8.132749  1.000000e+00
7   t07         7   1.848445  4.460121e-11
8   t08         8   4.110105  1.027827e-11
9   t09         9   4.539668  7.436471e-12, 'task_set': {'t00', 't07', 't09', 't08', 't04', 't01', 't02', 't05', 't06', 't03'}, 'worker_task_dict': {'w00': ['t00', 't06', 't05'], 'w01': ['t01', 't05'], 'w02': ['t02', 't05'], 'w03': ['t00', 't05', 't07'], 'w04': ['t01', 't07'], 'w05': ['t02', 't07'], 'w06': ['t00', 't07', 't03'], 'w07': ['t01'], 'w08': ['t02', 't03'], 'w09': ['t00', 't03', 't09']}, 'task_val_dict': {'t00': 2.13809789442496, 't01': 1.2517808567439723, 't02': 5.466846847960811, 't03': 8.444141004879413, 't04': 8.383463345745092, 't05': 4.025879206363705, 't06': 8.132748815242142, 't07': 1.8484447288673405, 't08': 4.110104800959888, 't09': 4.539667593394137}, 'worke_cost': {'w00': 1.8823620389181783, 'w01': 2.520956656778853, 'w02': 2.525467180804581, 'w03': 6.328192668230264, 'w04': 4.40924469656513, 'w05': 10.0368646367758, 'w06': 20.59206658598827, 'w07': 15.8385131681517, 'w08': 18.407600797669133, 'w09': 26.072300021245372}, 'n': 10, 'm': 10, 'solution': {'w02', 'w00'}, 'value': 15.355743544268858}"
Official_Experiment_ROI_dataset_03_instance_12_11_exec,"{'task_file': '/Users/hdrop/Documents/Personal FIles/master-thesis-experiments/data/data_files/03_dataset_10_workers_10_tasks/instance_12/tasks.csv', 'worker_file': '/Users/hdrop/Documents/Personal FIles/master-thesis-experiments/data/data_files/03_dataset_10_workers_10_tasks/instance_12/workers.csv', 'workers': {'w08', 'w03', 'w00', 'w09', 'w05', 'w06', 'w04', 'w07', 'w02', 'w01'}, 'workers_df':         cost                skills  user_id user_name  y_star_index
0  13.442491            [t00, t06]        0       w00 -1.657707e-13
1   6.324348       [t01, t06, t05]        1       w01  1.000000e+00
2   8.731435       [t02, t05, t07]        2       w02  1.023350e-11
3   4.323934            [t00, t07]        3       w03  1.000000e+00
4   3.950574            [t01, t07]        4       w04  7.383822e-14
5  24.054629            [t02, t07]        5       w05 -1.641233e-13
6   9.737406                 [t00]        6       w06  3.775418e-13
7   8.807721  [t01, t07, t03, t09]        7       w07  1.000000e+00
8  30.037797       [t02, t09, t08]        8       w08 -2.270101e-12
9  30.513596  [t00, t08, t04, t06]        9       w09  2.712282e-13, 'tasks_df':   skill  skill_id  valuation  x_star_index
0   t00         0   5.471916  1.000000e+00
1   t01         1   7.161809  1.000000e+00
2   t02         2   2.299129  5.941944e-12
3   t03         3   9.298699  1.000000e+00
4   t04         4   4.100783  1.133481e-12
5   t05         5   3.916566  1.000000e+00
6   t06         6   3.678943  1.000000e+00
7   t07         7   4.917903  1.000000e+00
8   t08         8   1.782879 -1.013975e-12
9   t09         9   1.997592  1.000000e+00, 'task_set': {'t00', 't07', 't09', 't08', 't04', 't01', 't02', 't05', 't06', 't03'}, 'worker_task_dict': {'w00': ['t00', 't06'], 'w01': ['t01', 't06', 't05'], 'w02': ['t02', 't05', 't07'], 'w03': ['t00', 't07'], 'w04': ['t01', 't07'], 'w05': ['t02', 't07'], 'w06': ['t00'], 'w07': ['t01', 't07', 't03', 't09'], 'w08': ['t02', 't09', 't08'], 'w09': ['t00', 't08', 't04', 't06']}, 'task_val_dict': {'t00': 5.471915621741925, 't01': 7.161808637750422, 't02': 2.299129202803279, 't03': 9.298698775397884, 't04': 4.100783139268755, 't05': 3.9165661668442304, 't06': 3.6789430023921934, 't07': 4.917902738828243, 't08': 1.7828787183838457, 't09': 1.9975917063681223}, 'worke_cost': {'w00': 13.442491427886834, 'w01': 6.32434792824158, 'w02': 8.73143477619194, 'w03': 4.323933581139173, 'w04': 3.9505736461121415, 'w05': 24.05462900707464, 'w06': 9.73740603795223, 'w07': 8.807720862549072, 'w08': 30.03779671305165, 'w09': 30.513595922972776}, 'n': 10, 'm': 10, 'solution': {'w01', 'w03', 'w04', 'w07'}, 'value': 13.036850631281048}"
Official_Experiment_ROI_dataset_03_instance_13_12_exec,"{'task_file': '/Users/hdrop/Documents/Personal FIles/master-thesis-experiments/data/data_files/03_dataset_10_workers_10_tasks/instance_13/tasks.csv', 'worker_file': '/Users/hdrop/Documents/Personal FIles/master-thesis-experiments/data/data_files/03_dataset_10_workers_10_tasks/instance_13/workers.csv', 'workers': {'w08', 'w03', 'w00', 'w09', 'w05', 'w06', 'w04', 'w07', 'w02', 'w01'}, 'workers_df':         cost           skills  user_id user_name  y_star_index
0   6.866260       [t00, t06]        0       w00  1.000000e+00
1   5.325608  [t01, t06, t05]        1       w01  5.915629e-11
2   2.149175       [t02, t05]        2       w02  1.000000e+00
3   2.922907       [t00, t05]        3       w03  6.871134e-11
4   6.606785  [t01, t05, t07]        4       w04  1.000000e+00
5   9.512667       [t02, t07]        5       w05  2.358787e-11
6  15.236847       [t00, t07]        6       w06 -2.308293e-12
7  13.892734  [t01, t07, t03]        7       w07  9.199025e-12
8  19.272505       [t02, t03]        8       w08 -2.902388e-12
9  30.429884  [t00, t03, t09]        9       w09 -1.617695e-12, 'tasks_df':   skill  skill_id  valuation  x_star_index
0   t00         0   5.277532  1.000000e+00
1   t01         1   2.761255  1.000000e+00
2   t02         2   8.370974  1.000000e+00
3   t03         3   3.600096  4.319649e-12
4   t04         4   8.296961  2.435081e-12
5   t05         5   5.572697  1.000000e+00
6   t06         6   7.076839  1.000000e+00
7   t07         7   5.907422  1.000000e+00
8   t08         8   7.911097  2.426870e-12
9   t09         9   7.866933 -2.497496e-13, 'task_set': {'t00', 't07', 't09', 't08', 't04', 't01', 't02', 't05', 't06', 't03'}, 'worker_task_dict': {'w00': ['t00', 't06'], 'w01': ['t01', 't06', 't05'], 'w02': ['t02', 't05'], 'w03': ['t00', 't05'], 'w04': ['t01', 't05', 't07'], 'w05': ['t02', 't07'], 'w06': ['t00', 't07'], 'w07': ['t01', 't07', 't03'], 'w08': ['t02', 't03'], 'w09': ['t00', 't03', 't09']}, 'task_val_dict': {'t00': 5.277531789182203, 't01': 2.7612547527910363, 't02': 8.370973967451274, 't03': 3.6000964133821425, 't04': 8.29696054841456, 't05': 5.572697134504212, 't06': 7.076838939066243, 't07': 5.907421719182357, 't08': 7.911096634677077, 't09': 7.866933266038471}, 'worke_cost': {'w00': 6.86626044691743, 'w01': 5.325607941662486, 'w02': 2.149175115941475, 'w03': 2.9229066204904828, 'w04': 6.606785022563636, 'w05': 9.512666806429827, 'w06': 15.236846705062174, 'w07': 13.892734034872571, 'w08': 19.2725051723512, 'w09': 30.429883945876878}, 'n': 10, 'm': 10, 'solution': {'w02', 'w01', 'w03'}, 'value': 18.661606904900523}"
Official_Experiment_ROI_dataset_03_instance_14_13_exec,"{'task_file': '/Users/hdrop/Documents/Personal FIles/master-thesis-experiments/data/data_files/03_dataset_10_workers_10_tasks/instance_14/tasks.csv', 'worker_file': '/Users/hdrop/Documents/Personal FIles/master-thesis-experiments/data/data_files/03_dataset_10_workers_10_tasks/instance_14/workers.csv', 'workers': {'w08', 'w03', 'w00', 'w09', 'w05', 'w06', 'w04', 'w07', 'w02', 'w01'}, 'workers_df':         cost           skills  user_id user_name  y_star_index
0   3.462974       [t00, t06]        0       w00  1.000000e+00
1   3.122794       [t01, t06]        1       w01  7.392532e-11
2  11.006599       [t02, t06]        2       w02 -1.356106e-13
3   7.601428  [t00, t06, t05]        3       w03  8.107666e-11
4   3.098383       [t01, t05]        4       w04  5.056691e-11
5  16.471015       [t02, t05]        5       w05 -1.501641e-11
6  15.682801       [t00, t05]        6       w06 -1.752940e-11
7   8.625909  [t01, t05, t07]        7       w07  1.000000e+00
8  22.248534  [t02, t07, t03]        8       w08  3.138928e-11
9  22.505514  [t00, t03, t09]        9       w09  3.509924e-11, 'tasks_df':   skill  skill_id  valuation  x_star_index
0   t00         0   8.471434  1.000000e+00
1   t01         1   9.430762  1.000000e+00
2   t02         2   3.160166  1.927971e-11
3   t03         3   8.314580  7.963554e-11
4   t04         4   2.538525  9.619858e-12
5   t05         5   8.789777  1.000000e+00
6   t06         6   6.919990  1.000000e+00
7   t07         7   6.730222  1.000000e+00
8   t08         8   9.505219  1.720486e-11
9   t09         9   7.243312  4.997195e-11, 'task_set': {'t00', 't07', 't09', 't08', 't04', 't01', 't02', 't05', 't06', 't03'}, 'worker_task_dict': {'w00': ['t00', 't06'], 'w01': ['t01', 't06'], 'w02': ['t02', 't06'], 'w03': ['t00', 't06', 't05'], 'w04': ['t01', 't05'], 'w05': ['t02', 't05'], 'w06': ['t00', 't05'], 'w07': ['t01', 't05', 't07'], 'w08': ['t02', 't07', 't03'], 'w09': ['t00', 't03', 't09']}, 'task_val_dict': {'t00': 8.471434126485416, 't01': 9.430761685843564, 't02': 3.1601659132060407, 't03': 8.314580479291717, 't04': 2.5385251941158664, 't05': 8.789776823256421, 't06': 6.919989990028272, 't07': 6.730222458553685, 't08': 9.505219428921365, 't09': 7.243311893337385}, 'worke_cost': {'w00': 3.462974240640471, 'w01': 3.122794371545752, 'w02': 11.006599346587103, 'w03': 7.601427803264287, 'w04': 3.0983829016378808, 'w05': 16.471014594288885, 'w06': 15.682801042056257, 'w07': 8.625909051732389, 'w08': 22.248534128836244, 'w09': 22.505514281954724}, 'n': 10, 'm': 10, 'solution': {'w04', 'w00'}, 'value': 27.050605483335318}"
Official_Experiment_ROI_dataset_03_instance_15_14_exec,"{'task_file': '/Users/hdrop/Documents/Personal FIles/master-thesis-experiments/data/data_files/03_dataset_10_workers_10_tasks/instance_15/tasks.csv', 'worker_file': '/Users/hdrop/Documents/Personal FIles/master-thesis-experiments/data/data_files/03_dataset_10_workers_10_tasks/instance_15/workers.csv', 'workers': {'w08', 'w03', 'w00', 'w09', 'w05', 'w06', 'w04', 'w07', 'w02', 'w01'}, 'workers_df':         cost                skills  user_id user_name  y_star_index
0  10.724108            [t00, t06]        0       w00 -3.819483e-13
1   2.475267                 [t01]        1       w01  1.000000e+00
2  14.619698            [t02, t06]        2       w02 -3.546639e-13
3   3.286092            [t00, t06]        3       w03  6.995678e-11
4   4.146445            [t01, t06]        4       w04  1.300325e-12
5  13.483048       [t02, t06, t05]        5       w05  1.000000e+00
6  13.497126            [t00, t05]        6       w06  3.202182e-13
7  19.032920  [t01, t05, t07, t03]        7       w07  3.897321e-12
8  35.646518       [t02, t03, t09]        8       w08 -4.775781e-13
9  18.377157  [t00, t09, t08, t04]        9       w09  1.000000e+00, 'tasks_df':   skill  skill_id  valuation  x_star_index
0   t00         0   5.547868  1.000000e+00
1   t01         1   4.744767  1.000000e+00
2   t02         2   6.268219  1.000000e+00
3   t03         3   3.234346  3.125165e-12
4   t04         4   5.231530  1.000000e+00
5   t05         5   7.750892  1.000000e+00
6   t06         6   3.125278  1.000000e+00
7   t07         7   3.199158  3.831223e-12
8   t08         8   3.920331  1.000000e+00
9   t09         9   6.051217  1.000000e+00, 'task_set': {'t00', 't07', 't09', 't08', 't04', 't01', 't02', 't05', 't06', 't03'}, 'worker_task_dict': {'w00': ['t00', 't06'], 'w01': ['t01'], 'w02': ['t02', 't06'], 'w03': ['t00', 't06'], 'w04': ['t01', 't06'], 'w05': ['t02', 't06', 't05'], 'w06': ['t00', 't05'], 'w07': ['t01', 't05', 't07', 't03'], 'w08': ['t02', 't03', 't09'], 'w09': ['t00', 't09', 't08', 't04']}, 'task_val_dict': {'t00': 5.547867873098813, 't01': 4.744766816921181, 't02': 6.268219440870659, 't03': 3.234345720473823, 't04': 5.231529970984085, 't05': 7.750891742554413, 't06': 3.125278100503667, 't07': 3.199157706047514, 't08': 3.9203307558434606, 't09': 6.051217348478489}, 'worke_cost': {'w00': 10.724108303474, 'w01': 2.4752665002740164, 'w02': 14.619698243104454, 'w03': 3.286091690822396, 'w04': 4.14644507586446, 'w05': 13.483047588029404, 'w06': 13.497126002536618, 'w07': 19.03292046390389, 'w08': 35.64651846177238, 'w09': 18.37715706087916}, 'n': 10, 'm': 10, 'solution': {'w01', 'w03', 'w05'}, 'value': 8.192618194822916}"
Official_Experiment_ROI_dataset_03_instance_16_15_exec,"{'task_file': '/Users/hdrop/Documents/Personal FIles/master-thesis-experiments/data/data_files/03_dataset_10_workers_10_tasks/instance_16/tasks.csv', 'worker_file': '/Users/hdrop/Documents/Personal FIles/master-thesis-experiments/data/data_files/03_dataset_10_workers_10_tasks/instance_16/workers.csv', 'workers': {'w08', 'w03', 'w00', 'w09', 'w05', 'w06', 'w04', 'w07', 'w02', 'w01'}, 'workers_df':         cost                     skills  user_id user_name  y_star_index
0   3.174108                 [t00, t06]        0       w00  1.000000e+00
1   2.592416            [t01, t06, t05]        1       w01  1.000000e+00
2  11.799956                 [t02, t05]        2       w02  4.263909e-11
3   5.761807                 [t00, t05]        3       w03  1.705515e-11
4   5.959815                 [t01, t05]        4       w04  3.595782e-11
5  26.237336            [t02, t05, t07]        5       w05 -3.559119e-11
6  12.273457                 [t00, t07]        6       w06  3.936007e-12
7  33.450002  [t01, t02, t07, t03, t09]        7       w07  9.159542e-11
8  20.080697            [t00, t09, t08]        8       w08  2.818329e-12
9  26.829081  [t01, t02, t08, t04, t06]        9       w09  2.853783e-11, 'tasks_df':   skill  skill_id  valuation  x_star_index
0   t00         0   7.248951  1.000000e+00
1   t01         1   3.708385  1.000000e+00
2   t02         2   6.734434  1.485133e-10
3   t03         3   9.581756  1.290469e-10
4   t04         4   7.807337  6.527919e-11
5   t05         5   3.162325  1.000000e+00
6   t06         6   6.933973  1.000000e+00
7   t07         7   2.903722  6.350544e-11
8   t08         8   2.383019  3.974094e-11
9   t09         9   6.817006  1.228279e-10, 'task_set': {'t00', 't07', 't09', 't08', 't04', 't01', 't02', 't05', 't06', 't03'}, 'worker_task_dict': {'w00': ['t00', 't06'], 'w01': ['t01', 't06', 't05'], 'w02': ['t02', 't05'], 'w03': ['t00', 't05'], 'w04': ['t01', 't05'], 'w05': ['t02', 't05', 't07'], 'w06': ['t00', 't07'], 'w07': ['t01', 't02', 't07', 't03', 't09'], 'w08': ['t00', 't09', 't08'], 'w09': ['t01', 't02', 't08', 't04', 't06']}, 'task_val_dict': {'t00': 7.248950750813632, 't01': 3.708384676304613, 't02': 6.734434131068947, 't03': 9.58175557997478, 't04': 7.807336952025082, 't05': 3.162325172636809, 't06': 6.933972670682733, 't07': 2.903722170987577, 't08': 2.383018995075972, 't09': 6.8170063732658}, 'worke_cost': {'w00': 3.174108409410485, 'w01': 2.592415868146786, 'w02': 11.799955618149095, 'w03': 5.761807204556323, 'w04': 5.95981451637903, 'w05': 26.237336071827507, 'w06': 12.27345659883522, 'w07': 33.45000159382655, 'w08': 20.08069742931999, 'w09': 26.829080908802958}, 'n': 10, 'm': 10, 'solution': {'w01', 'w00'}, 'value': 15.287108992880516}"
Official_Experiment_ROI_dataset_03_instance_17_16_exec,"{'task_file': '/Users/hdrop/Documents/Personal FIles/master-thesis-experiments/data/data_files/03_dataset_10_workers_10_tasks/instance_17/tasks.csv', 'worker_file': '/Users/hdrop/Documents/Personal FIles/master-thesis-experiments/data/data_files/03_dataset_10_workers_10_tasks/instance_17/workers.csv', 'workers': {'w08', 'w03', 'w00', 'w09', 'w05', 'w06', 'w04', 'w07', 'w02', 'w01'}, 'workers_df':         cost                     skills  user_id user_name  y_star_index
0   3.744828                 [t00, t06]        0       w00  1.000000e+00
1  10.220344            [t01, t06, t05]        1       w01 -2.335144e-13
2   2.556970                 [t02, t05]        2       w02  1.000000e+00
3   3.609958                 [t00, t05]        3       w03  5.698855e-12
4   3.316345                 [t01, t05]        4       w04  1.000000e+00
5  19.263227                 [t02, t05]        5       w05 -2.149804e-13
6  11.753542                 [t00, t05]        6       w06 -3.002228e-12
7  31.315663  [t01, t02, t05, t07, t03]        7       w07 -1.093843e-12
8  16.023799            [t00, t03, t09]        8       w08  5.134395e-12
9  19.625280       [t01, t09, t08, t04]        9       w09  8.287985e-11, 'tasks_df':   skill  skill_id  valuation  x_star_index
0   t00         0   7.579192  1.000000e+00
1   t01         1   5.079573  1.000000e+00
2   t02         2   7.270240  1.000000e+00
3   t03         3   4.633983  5.207676e-12
4   t04         4   2.020665  7.843084e-11
5   t05         5   2.457145  1.000000e+00
6   t06         6   6.600834  1.000000e+00
7   t07         7   7.425111  7.898527e-13
8   t08         8   8.780819  8.480689e-11
9   t09         9   5.307739  8.863252e-11, 'task_set': {'t00', 't07', 't09', 't08', 't04', 't01', 't02', 't05', 't06', 't03'}, 'worker_task_dict': {'w00': ['t00', 't06'], 'w01': ['t01', 't06', 't05'], 'w02': ['t02', 't05'], 'w03': ['t00', 't05'], 'w04': ['t01', 't05'], 'w05': ['t02', 't05'], 'w06': ['t00', 't05'], 'w07': ['t01', 't02', 't05', 't07', 't03'], 'w08': ['t00', 't03', 't09'], 'w09': ['t01', 't09', 't08', 't04']}, 'task_val_dict': {'t00': 7.57919200978825, 't01': 5.0795733498605, 't02': 7.270240042933889, 't03': 4.63398255290759, 't04': 2.0206645740139746, 't05': 2.4571454699387565, 't06': 6.600834418380403, 't07': 7.425110596601096, 't08': 8.780818528291231, 't09': 5.307738866293908}, 'worke_cost': {'w00': 3.744828227090109, 'w01': 10.22034435339632, 'w02': 2.556969950470755, 'w03': 3.6099576864731047, 'w04': 3.316345231465326, 'w05': 19.263227245933564, 'w06': 11.75354206941608, 'w07': 31.31566268183056, 'w08': 16.023798790057754, 'w09': 19.62527977115504}, 'n': 10, 'm': 10, 'solution': {'w02', 'w04', 'w00'}, 'value': 19.36884188187561}"
Official_Experiment_ROI_dataset_03_instance_18_17_exec,"{'task_file': '/Users/hdrop/Documents/Personal FIles/master-thesis-experiments/data/data_files/03_dataset_10_workers_10_tasks/instance_18/tasks.csv', 'worker_file': '/Users/hdrop/Documents/Personal FIles/master-thesis-experiments/data/data_files/03_dataset_10_workers_10_tasks/instance_18/workers.csv', 'workers': {'w08', 'w03', 'w00', 'w09', 'w05', 'w06', 'w04', 'w07', 'w02', 'w01'}, 'workers_df':         cost                     skills  user_id user_name  y_star_index
0   3.415389                 [t00, t06]        0       w00  3.333333e-01
1  16.025935                 [t01, t06]        1       w01 -7.869143e-11
2   8.332219            [t02, t06, t05]        2       w02  6.666667e-01
3   2.697974            [t00, t05, t07]        3       w03  3.333333e-01
4   3.477677                 [t01, t07]        4       w04  6.666667e-01
5  16.599674            [t02, t07, t03]        5       w05  1.174859e-10
6  24.130286            [t00, t03, t09]        6       w06 -3.917810e-11
7   4.128641                      [t01]        7       w07 -2.432912e-11
8  25.356180  [t02, t00, t09, t08, t04]        8       w08  3.333333e-01
9  30.705003  [t01, t02, t04, t06, t05]        9       w09 -3.135081e-11, 'tasks_df':   skill  skill_id  valuation  x_star_index
0   t00         0   4.411155  1.000000e+00
1   t01         1   1.850293  6.666667e-01
2   t02         2   8.635460  1.000000e+00
3   t03         3   6.656709  6.862866e-11
4   t04         4   9.946489  3.333333e-01
5   t05         5   1.413919  1.000000e+00
6   t06         6   9.619733  1.000000e+00
7   t07         7   4.251215  1.000000e+00
8   t08         8   6.855668  3.333333e-01
9   t09         9   1.601628  3.333333e-01, 'task_set': {'t00', 't07', 't09', 't08', 't04', 't01', 't02', 't05', 't06', 't03'}, 'worker_task_dict': {'w00': ['t00', 't06'], 'w01': ['t01', 't06'], 'w02': ['t02', 't06', 't05'], 'w03': ['t00', 't05', 't07'], 'w04': ['t01', 't07'], 'w05': ['t02', 't07', 't03'], 'w06': ['t00', 't03', 't09'], 'w07': ['t01'], 'w08': ['t02', 't00', 't09', 't08', 't04'], 'w09': ['t01', 't02', 't04', 't06', 't05']}, 'task_val_dict': {'t00': 4.411154886409894, 't01': 1.8502926112031812, 't02': 8.635459702696952, 't03': 6.656709203148276, 't04': 9.946489178202429, 't05': 1.413919399787535, 't06': 9.619733395531188, 't07': 4.251215175699889, 't08': 6.85566818556471, 't09': 1.601628486319279}, 'worke_cost': {'w00': 3.4153893546922327, 'w01': 16.02593514421144, 'w02': 8.332219422295237, 'w03': 2.697973822790327, 'w04': 3.477676989482449, 'w05': 16.59967433272614, 'w06': 24.13028558264422, 'w07': 4.128641116585536, 'w08': 25.356179969885584, 'w09': 30.70500273679575}, 'n': 10, 'm': 10, 'solution': {'w08', 'w03', 'w00'}, 'value': 15.265725262843727}"
Official_Experiment_ROI_dataset_03_instance_19_18_exec,"{'task_file': '/Users/hdrop/Documents/Personal FIles/master-thesis-experiments/data/data_files/03_dataset_10_workers_10_tasks/instance_19/tasks.csv', 'worker_file': '/Users/hdrop/Documents/Personal FIles/master-thesis-experiments/data/data_files/03_dataset_10_workers_10_tasks/instance_19/workers.csv', 'workers': {'w08', 'w03', 'w00', 'w09', 'w05', 'w06', 'w04', 'w07', 'w02', 'w01'}, 'workers_df':         cost                     skills  user_id user_name  y_star_index
0  14.090968                 [t00, t06]        0       w00  5.230594e-12
1   6.246713            [t01, t06, t05]        1       w01  7.757742e-10
2   4.805553                      [t02]        2       w02  7.227461e-10
3   3.660162            [t00, t05, t07]        3       w03  1.000000e+00
4   3.469386            [t01, t07, t03]        4       w04  1.000000e+00
5  14.953164            [t02, t03, t09]        5       w05  3.979648e-11
6   7.935915            [t00, t09, t08]        6       w06  6.681526e-10
7  14.584065  [t01, t02, t08, t04, t06]        7       w07  1.000000e+00
8  34.188101       [t00, t06, t05, t07]        8       w08 -1.161226e-11
9  48.661906                 [t01, t07]        9       w09 -1.126624e-12, 'tasks_df':   skill  skill_id  valuation  x_star_index
0   t00         0   4.744790  1.000000e+00
1   t01         1   7.493238  1.000000e+00
2   t02         2   8.475792  1.000000e+00
3   t03         3   8.886792  1.000000e+00
4   t04         4   4.785173  1.000000e+00
5   t05         5   9.352123  1.000000e+00
6   t06         6   9.341700  1.000000e+00
7   t07         7   9.316989  1.000000e+00
8   t08         8   1.836467  1.000000e+00
9   t09         9   4.175884  6.890578e-10, 'task_set': {'t00', 't07', 't09', 't08', 't04', 't01', 't02', 't05', 't06', 't03'}, 'worker_task_dict': {'w00': ['t00', 't06'], 'w01': ['t01', 't06', 't05'], 'w02': ['t02'], 'w03': ['t00', 't05', 't07'], 'w04': ['t01', 't07', 't03'], 'w05': ['t02', 't03', 't09'], 'w06': ['t00', 't09', 't08'], 'w07': ['t01', 't02', 't08', 't04', 't06'], 'w08': ['t00', 't06', 't05', 't07'], 'w09': ['t01', 't07']}, 'task_val_dict': {'t00': 4.744790358675415, 't01': 7.493238452938582, 't02': 8.475792390729563, 't03': 8.886792193588295, 't04': 4.785173033678866, 't05': 9.352122705715702, 't06': 9.341699992476451, 't07': 9.31698930618048, 't08': 1.8364671588903567, 't09': 4.175883560511048}, 'worke_cost': {'w00': 14.090967812549028, 'w01': 6.24671314043823, 'w02': 4.805552561980459, 'w03': 3.660162394637544, 'w04': 3.4693855055422373, 'w05': 14.953163927732533, 'w06': 7.93591483015102, 'w07': 14.58406516209006, 'w08': 34.188101316299175, 'w09': 48.66190612911875}, 'n': 10, 'm': 10, 'solution': {'w02', 'w01', 'w03', 'w04'}, 'value': 39.429611797706016}"
Official_Experiment_ROI_dataset_03_instance_20_19_exec,"{'task_file': '/Users/hdrop/Documents/Personal FIles/master-thesis-experiments/data/data_files/03_dataset_10_workers_10_tasks/instance_20/tasks.csv', 'worker_file': '/Users/hdrop/Documents/Personal FIles/master-thesis-experiments/data/data_files/03_dataset_10_workers_10_tasks/instance_20/workers.csv', 'workers': {'w08', 'w03', 'w00', 'w09', 'w05', 'w06', 'w04', 'w07', 'w02', 'w01'}, 'workers_df':         cost                     skills  user_id user_name  y_star_index
0   9.876190            [t00, t06, t05]        0       w00  1.000000e+00
1  12.038056                      [t01]        1       w01 -2.336238e-12
2   1.270316                      [t02]        2       w02  1.000000e+00
3   3.808217                 [t00, t05]        3       w03  3.153588e-11
4   8.005761                 [t01, t05]        4       w04  6.892645e-12
5  11.287784                 [t02, t05]        5       w05 -6.138184e-12
6  13.583460            [t00, t05, t07]        6       w06 -7.543609e-12
7   7.662808            [t01, t07, t03]        7       w07  1.000000e+00
8  16.538743                 [t02, t03]        8       w08 -4.173773e-12
9  21.612441  [t00, t01, t03, t09, t08]        9       w09  2.625265e-11, 'tasks_df':   skill  skill_id  valuation  x_star_index
0   t00         0   1.997088  1.000000e+00
1   t01         1   9.441271  1.000000e+00
2   t02         2   3.688755  1.000000e+00
3   t03         3   7.607904  1.000000e+00
4   t04         4   9.045981  7.008466e-12
5   t05         5   4.302172  1.000000e+00
6   t06         6   8.056404  1.000000e+00
7   t07         7   4.416100  1.000000e+00
8   t08         8   6.699928  3.622661e-11
9   t09         9   4.245098  3.278873e-11, 'task_set': {'t00', 't07', 't09', 't08', 't04', 't01', 't02', 't05', 't06', 't03'}, 'worker_task_dict': {'w00': ['t00', 't06', 't05'], 'w01': ['t01'], 'w02': ['t02'], 'w03': ['t00', 't05'], 'w04': ['t01', 't05'], 'w05': ['t02', 't05'], 'w06': ['t00', 't05', 't07'], 'w07': ['t01', 't07', 't03'], 'w08': ['t02', 't03'], 'w09': ['t00', 't01', 't03', 't09', 't08']}, 'task_val_dict': {'t00': 1.9970878249855528, 't01': 9.441270810437544, 't02': 3.6887554890402567, 't03': 7.607904338869802, 't04': 9.045981078709346, 't05': 4.302171780726928, 't06': 8.056404361387292, 't07': 4.416099784971918, 't08': 6.699928334600076, 't09': 4.245097663892805}, 'worke_cost': {'w00': 9.87619024249456, 'w01': 12.038055652073638, 'w02': 1.2703164770040702, 'w03': 3.808217154152816, 'w04': 8.00576081739401, 'w05': 11.28778430056902, 'w06': 13.58345985732177, 'w07': 7.662807995879739, 'w08': 16.538742959192813, 'w09': 21.612440776382464}, 'n': 10, 'm': 10, 'solution': {'w02', 'w03', 'w07'}, 'value': 18.71194840199538}"
Official_Experiment_ROI_dataset_03_instance_21_20_exec,"{'task_file': '/Users/hdrop/Documents/Personal FIles/master-thesis-experiments/data/data_files/03_dataset_10_workers_10_tasks/instance_21/tasks.csv', 'worker_file': '/Users/hdrop/Documents/Personal FIles/master-thesis-experiments/data/data_files/03_dataset_10_workers_10_tasks/instance_21/workers.csv', 'workers': {'w08', 'w03', 'w00', 'w09', 'w05', 'w06', 'w04', 'w07', 'w02', 'w01'}, 'workers_df':         cost                     skills  user_id user_name  y_star_index
0   6.327574            [t00, t06, t05]        0       w00  1.000000e+00
1   7.914349                 [t01, t05]        1       w01  5.295189e-11
2   6.249608            [t02, t05, t07]        2       w02  1.253338e-09
3  10.143804                 [t00, t07]        3       w03  2.652302e-11
4   3.461136            [t01, t07, t03]        4       w04  1.000000e+00
5  31.980348            [t02, t03, t09]        5       w05 -6.717815e-11
6  19.768644            [t00, t09, t08]        6       w06  8.511449e-10
7  22.427444  [t01, t02, t08, t04, t06]        7       w07  2.086831e-10
8  20.554156                 [t00, t06]        8       w08 -8.192616e-11
9  50.632863  [t01, t02, t06, t05, t07]        9       w09 -1.256400e-11, 'tasks_df':   skill  skill_id  valuation  x_star_index
0   t00         0   5.624603  1.000000e+00
1   t01         1   6.721057  1.000000e+00
2   t02         2   1.672575  1.104864e-09
3   t03         3   7.285551  1.000000e+00
4   t04         4   2.630089  1.896970e-10
5   t05         5   8.433051  1.000000e+00
6   t06         6   1.815336  1.000000e+00
7   t07         7   6.181220  1.000000e+00
8   t08         8   9.788955  1.102917e-09
9   t09         9   4.181052  7.426625e-10, 'task_set': {'t00', 't07', 't09', 't08', 't04', 't01', 't02', 't05', 't06', 't03'}, 'worker_task_dict': {'w00': ['t00', 't06', 't05'], 'w01': ['t01', 't05'], 'w02': ['t02', 't05', 't07'], 'w03': ['t00', 't07'], 'w04': ['t01', 't07', 't03'], 'w05': ['t02', 't03', 't09'], 'w06': ['t00', 't09', 't08'], 'w07': ['t01', 't02', 't08', 't04', 't06'], 'w08': ['t00', 't06'], 'w09': ['t01', 't02', 't06', 't05', 't07']}, 'task_val_dict': {'t00': 5.624603413448694, 't01': 6.721057362127968, 't02': 1.6725746836189952, 't03': 7.285551064830488, 't04': 2.6300887895249323, 't05': 8.433050553693903, 't06': 1.8153364481576544, 't07': 6.181220149915975, 't08': 9.788955185191243, 't09': 4.181052388385323}, 'worke_cost': {'w00': 6.327573652599812, 'w01': 7.914348648524553, 'w02': 6.249608453362074, 'w03': 10.143803883802043, 'w04': 3.461135584744767, 'w05': 31.98034780281261, 'w06': 19.768643936177163, 'w07': 22.427443664905294, 'w08': 20.554155896267226, 'w09': 50.63286334774776}, 'n': 10, 'm': 10, 'solution': {'w04', 'w00'}, 'value': 26.27210975483011}"
Official_Experiment_ROI_dataset_03_instance_22_21_exec,"{'task_file': '/Users/hdrop/Documents/Personal FIles/master-thesis-experiments/data/data_files/03_dataset_10_workers_10_tasks/instance_22/tasks.csv', 'worker_file': '/Users/hdrop/Documents/Personal FIles/master-thesis-experiments/data/data_files/03_dataset_10_workers_10_tasks/instance_22/workers.csv', 'workers': {'w08', 'w03', 'w00', 'w09', 'w05', 'w06', 'w04', 'w07', 'w02', 'w01'}, 'workers_df':         cost           skills  user_id user_name  y_star_index
0  11.599957       [t00, t06]        0       w00  1.240241e-09
1   2.947310  [t01, t06, t05]        1       w01  1.000000e+00
2   3.411142  [t02, t05, t07]        2       w02  1.369577e-08
3  16.280187            [t00]        3       w03 -2.266653e-10
4   6.631431       [t01, t07]        4       w04 -1.199331e-11
5   6.401138       [t02, t07]        5       w05  2.844777e-10
6  22.454845  [t00, t07, t03]        6       w06 -1.084811e-10
7   2.683094  [t01, t03, t09]        7       w07  1.000000e+00
8   1.845597  [t02, t09, t08]        8       w08  1.000000e+00
9  18.682512  [t00, t08, t04]        9       w09  1.000000e+00, 'tasks_df':   skill  skill_id  valuation  x_star_index
0   t00         0  10.228995  1.000000e+00
1   t01         1   3.570906  1.000000e+00
2   t02         2   2.587313  1.000000e+00
3   t03         3  14.752078  1.000000e+00
4   t04         4  17.837184  1.000000e+00
5   t05         5   5.397553  1.000000e+00
6   t06         6  10.926053  1.000000e+00
7   t07         7   1.483844  1.209763e-08
8   t08         8   2.345166  1.000000e+00
9   t09         9  17.346437  1.000000e+00, 'task_set': {'t00', 't07', 't09', 't08', 't04', 't01', 't02', 't05', 't06', 't03'}, 'worker_task_dict': {'w00': ['t00', 't06'], 'w01': ['t01', 't06', 't05'], 'w02': ['t02', 't05', 't07'], 'w03': ['t00'], 'w04': ['t01', 't07'], 'w05': ['t02', 't07'], 'w06': ['t00', 't07', 't03'], 'w07': ['t01', 't03', 't09'], 'w08': ['t02', 't09', 't08'], 'w09': ['t00', 't08', 't04']}, 'task_val_dict': {'t00': 10.228994732759062, 't01': 3.5709064374536585, 't02': 2.5873128704290407, 't03': 14.75207771018068, 't04': 17.837184266815747, 't05': 5.39755340719747, 't06': 10.926053442911966, 't07': 1.4838443449317804, 't08': 2.3451659074036204, 't09': 17.346437083250088}, 'worke_cost': {'w00': 11.599957065221474, 'w01': 2.947310417471922, 'w02': 3.41114192499874, 'w03': 16.280186703672534, 'w04': 6.6314308682056815, 'w05': 6.401138255868173, 'w06': 22.45484514359377, 'w07': 2.6830941799155807, 'w08': 1.8455972082784475, 'w09': 18.6825116506449}, 'n': 10, 'm': 10, 'solution': {'w09', 'w01', 'w08', 'w07'}, 'value': 58.83317240209047}"
Official_Experiment_ROI_dataset_03_instance_23_22_exec,"{'task_file': '/Users/hdrop/Documents/Personal FIles/master-thesis-experiments/data/data_files/03_dataset_10_workers_10_tasks/instance_23/tasks.csv', 'worker_file': '/Users/hdrop/Documents/Personal FIles/master-thesis-experiments/data/data_files/03_dataset_10_workers_10_tasks/instance_23/workers.csv', 'workers': {'w08', 'w03', 'w00', 'w09', 'w05', 'w06', 'w04', 'w07', 'w02', 'w01'}, 'workers_df':         cost           skills  user_id user_name  y_star_index
0   7.202292            [t00]        0       w00  1.143414e-11
1  11.411015  [t01, t06, t05]        1       w01  1.000000e+00
2   2.593074       [t02, t05]        2       w02  1.000000e+00
3  19.219505            [t00]        3       w03 -2.489296e-12
4  24.694168  [t01, t05, t07]        4       w04 -3.436531e-12
5  12.878070  [t02, t07, t03]        5       w05  3.665421e-11
6   6.968476  [t00, t03, t09]        6       w06  1.000000e+00
7   1.135584       [t01, t09]        7       w07  8.398494e-11
8   3.897243            [t02]        8       w08  1.970161e-11
9  12.515185  [t00, t09, t08]        9       w09  6.735644e-12, 'tasks_df':   skill  skill_id  valuation  x_star_index
0   t00         0   8.684412  1.000000e+00
1   t01         1  14.485894  1.000000e+00
2   t02         2  14.294653  1.000000e+00
3   t03         3  10.524974  1.000000e+00
4   t04         4  17.409887  4.320258e-12
5   t05         5   3.855462  1.000000e+00
6   t06         6  14.422853  1.000000e+00
7   t07         7   8.693675  3.593953e-11
8   t08         8   1.050438  5.206876e-12
9   t09         9   1.064590  1.000000e+00, 'task_set': {'t00', 't07', 't09', 't08', 't04', 't01', 't02', 't05', 't06', 't03'}, 'worker_task_dict': {'w00': ['t00'], 'w01': ['t01', 't06', 't05'], 'w02': ['t02', 't05'], 'w03': ['t00'], 'w04': ['t01', 't05', 't07'], 'w05': ['t02', 't07', 't03'], 'w06': ['t00', 't03', 't09'], 'w07': ['t01', 't09'], 'w08': ['t02'], 'w09': ['t00', 't09', 't08']}, 'task_val_dict': {'t00': 8.684411628802074, 't01': 14.485894012897486, 't02': 14.29465334012118, 't03': 10.524973766990072, 't04': 17.40988733061453, 't05': 3.85546245898048, 't06': 14.422852584373995, 't07': 8.693674755756584, 't08': 1.050438309486485, 't09': 1.064589591171439}, 'worke_cost': {'w00': 7.202292343897801, 'w01': 11.411014961870125, 'w02': 2.593073667237165, 'w03': 19.219504819672476, 'w04': 24.6941678222809, 'w05': 12.878069573414384, 'w06': 6.96847566293989, 'w07': 1.1355840587968595, 'w08': 3.897242689033738, 'w09': 12.515185142112752}, 'n': 10, 'm': 10, 'solution': {'w02', 'w06', 'w01', 'w07'}, 'value': 45.2246890324927}"
Official_Experiment_ROI_dataset_03_instance_24_23_exec,"{'task_file': '/Users/hdrop/Documents/Personal FIles/master-thesis-experiments/data/data_files/03_dataset_10_workers_10_tasks/instance_24/tasks.csv', 'worker_file': '/Users/hdrop/Documents/Personal FIles/master-thesis-experiments/data/data_files/03_dataset_10_workers_10_tasks/instance_24/workers.csv', 'workers': {'w08', 'w03', 'w00', 'w09', 'w05', 'w06', 'w04', 'w07', 'w02', 'w01'}, 'workers_df':         cost           skills  user_id user_name  y_star_index
0  14.223633            [t00]        0       w00 -1.231897e-10
1   5.162304  [t01, t06, t05]        1       w01  1.000000e+00
2   4.456146            [t02]        2       w02  1.964742e-09
3  23.235337       [t00, t05]        3       w03 -1.562608e-10
4  12.825361  [t01, t05, t07]        4       w04  1.691485e-10
5  20.688414       [t02, t07]        5       w05 -1.178758e-10
6  16.867120  [t00, t07, t03]        6       w06  2.091154e-09
7  11.333101  [t01, t03, t09]        7       w07  1.000000e+00
8   3.516675       [t02, t09]        8       w08  1.000000e+00
9   2.839191  [t00, t09, t08]        9       w09  1.000000e+00, 'tasks_df':   skill  skill_id  valuation  x_star_index
0   t00         0  18.197782  1.000000e+00
1   t01         1   5.268459  1.000000e+00
2   t02         2  12.184378  1.000000e+00
3   t03         3  12.554426  1.000000e+00
4   t04         4   7.661661  1.452498e-10
5   t05         5   9.256050  1.000000e+00
6   t06         6  12.879446  1.000000e+00
7   t07         7   4.142671  2.066897e-09
8   t08         8  13.934863  1.000000e+00
9   t09         9   6.642478  1.000000e+00, 'task_set': {'t00', 't07', 't09', 't08', 't04', 't01', 't02', 't05', 't06', 't03'}, 'worker_task_dict': {'w00': ['t00'], 'w01': ['t01', 't06', 't05'], 'w02': ['t02'], 'w03': ['t00', 't05'], 'w04': ['t01', 't05', 't07'], 'w05': ['t02', 't07'], 'w06': ['t00', 't07', 't03'], 'w07': ['t01', 't03', 't09'], 'w08': ['t02', 't09'], 'w09': ['t00', 't09', 't08']}, 'task_val_dict': {'t00': 18.19778244329493, 't01': 5.268459237365128, 't02': 12.184378448974885, 't03': 12.554425894387046, 't04': 7.661660609563196, 't05': 9.25605043719258, 't06': 12.879446004433795, 't07': 4.142671117469411, 't08': 13.93486331090367, 't09': 6.642478362209992}, 'worke_cost': {'w00': 14.223632858216169, 'w01': 5.162303524683909, 'w02': 4.456146328616046, 'w03': 23.235337199994813, 'w04': 12.825361066946554, 'w05': 20.6884137381731, 'w06': 16.867120089314113, 'w07': 11.333100614629954, 'w08': 3.516675053869678, 'w09': 2.83919115861346}, 'n': 10, 'm': 10, 'solution': {'w09', 'w01', 'w08', 'w07'}, 'value': 68.06661378696504}"
Official_Experiment_ROI_dataset_03_instance_25_24_exec,"{'task_file': '/Users/hdrop/Documents/Personal FIles/master-thesis-experiments/data/data_files/03_dataset_10_workers_10_tasks/instance_25/tasks.csv', 'worker_file': '/Users/hdrop/Documents/Personal FIles/master-thesis-experiments/data/data_files/03_dataset_10_workers_10_tasks/instance_25/workers.csv', 'workers': {'w08', 'w03', 'w00', 'w09', 'w05', 'w06', 'w04', 'w07', 'w02', 'w01'}, 'workers_df':         cost           skills  user_id user_name  y_star_index
0  20.079387            [t00]        0       w00 -1.097335e-11
1  12.650109  [t01, t06, t05]        1       w01  1.000000e+00
2  19.811583       [t02, t05]        2       w02 -2.343231e-12
3  14.985110  [t00, t05, t07]        3       w03  2.056346e-11
4   1.285877            [t01]        4       w04  1.959107e-10
5  10.228630       [t02, t07]        5       w05  3.739739e-11
6   9.714408  [t00, t07, t03]        6       w06  1.000000e+00
7  19.516510       [t01, t03]        7       w07 -6.292488e-12
8  15.383863            [t02]        8       w08 -1.061838e-11
9   3.769349            [t00]        9       w09  4.895879e-11, 'tasks_df':   skill  skill_id  valuation  x_star_index
0   t00         0   5.302131  1.000000e+00
1   t01         1  19.835395  1.000000e+00
2   t02         2   1.992124  2.069850e-11
3   t03         3  15.506133  1.000000e+00
4   t04         4   1.433748  2.796057e-12
5   t05         5  12.706096  1.000000e+00
6   t06         6  10.166000  1.000000e+00
7   t07         7  14.858290  1.000000e+00
8   t08         8   6.825986  1.253329e-11
9   t09         9   1.046055  1.924418e-12, 'task_set': {'t00', 't07', 't09', 't08', 't04', 't01', 't02', 't05', 't06', 't03'}, 'worker_task_dict': {'w00': ['t00'], 'w01': ['t01', 't06', 't05'], 'w02': ['t02', 't05'], 'w03': ['t00', 't05', 't07'], 'w04': ['t01'], 'w05': ['t02', 't07'], 'w06': ['t00', 't07', 't03'], 'w07': ['t01', 't03'], 'w08': ['t02'], 'w09': ['t00']}, 'task_val_dict': {'t00': 5.302130726901256, 't01': 19.83539508253689, 't02': 1.9921238955959557, 't03': 15.50613295531309, 't04': 1.4337482408419835, 't05': 12.70609575402904, 't06': 10.165999679193373, 't07': 14.85828959530161, 't08': 6.825985943686762, 't09': 1.0460549507820276}, 'worke_cost': {'w00': 20.079387206728825, 'w01': 12.65010868655467, 'w02': 19.81158334702333, 'w03': 14.985109523766194, 'w04': 1.285876500918623, 'w05': 10.228630156355088, 'w06': 9.714407662288174, 'w07': 19.51650987247195, 'w08': 15.383863298419026, 'w09': 3.7693488091992657}, 'n': 10, 'm': 10, 'solution': {'w06', 'w04', 'w01'}, 'value': 54.723650943513796}"
Official_Experiment_ROI_dataset_03_instance_26_25_exec,"{'task_file': '/Users/hdrop/Documents/Personal FIles/master-thesis-experiments/data/data_files/03_dataset_10_workers_10_tasks/instance_26/tasks.csv', 'worker_file': '/Users/hdrop/Documents/Personal FIles/master-thesis-experiments/data/data_files/03_dataset_10_workers_10_tasks/instance_26/workers.csv', 'workers': {'w08', 'w03', 'w00', 'w09', 'w05', 'w06', 'w04', 'w07', 'w02', 'w01'}, 'workers_df':         cost           skills  user_id user_name  y_star_index
0   7.458674       [t00, t06]        0       w00  1.000000e+00
1  24.680432  [t01, t06, t05]        1       w01 -9.020792e-11
2   4.471421  [t02, t05, t07]        2       w02  1.000000e+00
3  16.237483  [t00, t07, t03]        3       w03  3.025307e-10
4  19.659247            [t01]        4       w04 -8.360822e-11
5  15.256823       [t02, t03]        5       w05  1.650416e-10
6  18.504858            [t00]        6       w06 -8.713715e-11
7  22.266676  [t01, t03, t09]        7       w07  2.918943e-10
8  11.467950            [t02]        8       w08 -3.718938e-11
9  13.031982            [t00]        9       w09 -5.393630e-11, 'tasks_df':   skill  skill_id  valuation  x_star_index
0   t00         0  11.103040  1.000000e+00
1   t01         1   1.936700  1.306704e-10
2   t02         2  17.000340  1.000000e+00
3   t03         3   9.726659  8.260810e-10
4   t04         4   9.553130  9.334262e-11
5   t05         5   4.788027  1.000000e+00
6   t06         6   7.347690  1.000000e+00
7   t07         7   4.890836  1.000000e+00
8   t08         8   3.965633  4.356151e-11
9   t09         9   6.047248  3.277897e-10, 'task_set': {'t00', 't07', 't09', 't08', 't04', 't01', 't02', 't05', 't06', 't03'}, 'worker_task_dict': {'w00': ['t00', 't06'], 'w01': ['t01', 't06', 't05'], 'w02': ['t02', 't05', 't07'], 'w03': ['t00', 't07', 't03'], 'w04': ['t01'], 'w05': ['t02', 't03'], 'w06': ['t00'], 'w07': ['t01', 't03', 't09'], 'w08': ['t02'], 'w09': ['t00']}, 'task_val_dict': {'t00': 11.103040301797968, 't01': 1.936699622363618, 't02': 17.000340299175107, 't03': 9.726658698001089, 't04': 9.55312993500823, 't05': 4.788027107846647, 't06': 7.347689774402774, 't07': 4.890835938911681, 't08': 3.965633159477001, 't09': 6.047247898119043}, 'worke_cost': {'w00': 7.458674317472476, 'w01': 24.680432497202585, 'w02': 4.4714214923028015, 'w03': 16.23748273836219, 'w04': 19.659247467622063, 'w05': 15.256822730830088, 'w06': 18.50485835421999, 'w07': 22.26667592847376, 'w08': 11.467950187873916, 'w09': 13.031981869230208}, 'n': 10, 'm': 10, 'solution': {'w02', 'w00'}, 'value': 33.199837612358905}"
Official_Experiment_ROI_dataset_03_instance_27_26_exec,"{'task_file': '/Users/hdrop/Documents/Personal FIles/master-thesis-experiments/data/data_files/03_dataset_10_workers_10_tasks/instance_27/tasks.csv', 'worker_file': '/Users/hdrop/Documents/Personal FIles/master-thesis-experiments/data/data_files/03_dataset_10_workers_10_tasks/instance_27/workers.csv', 'workers': {'w08', 'w03', 'w00', 'w09', 'w05', 'w06', 'w04', 'w07', 'w02', 'w01'}, 'workers_df':         cost           skills  user_id user_name  y_star_index
0  13.217255            [t00]        0       w00 -2.097954e-11
1  24.257957  [t01, t06, t05]        1       w01  9.103006e-11
2  19.044116            [t02]        2       w02 -1.227407e-11
3  22.874495  [t00, t05, t07]        3       w03  8.983263e-11
4   3.955289  [t01, t07, t03]        4       w04  1.000000e+00
5   2.035423  [t02, t03, t09]        5       w05  1.000000e+00
6   7.641372       [t00, t09]        6       w06  5.073491e-11
7  17.527176       [t01, t09]        7       w07 -1.946626e-11
8  24.344812  [t02, t09, t08]        8       w08  6.544027e-12
9   3.359349  [t00, t08, t04]        9       w09  1.000000e+00, 'tasks_df':   skill  skill_id  valuation  x_star_index
0   t00         0  19.534461  1.000000e+00
1   t01         1  18.250084  1.000000e+00
2   t02         2  18.679649  1.000000e+00
3   t03         3  14.289307  1.000000e+00
4   t04         4  17.143321  1.000000e+00
5   t05         5  16.126301  2.174417e-10
6   t06         6   2.018952  2.460475e-11
7   t07         7  15.781673  1.000000e+00
8   t08         8  18.304789  1.000000e+00
9   t09         9   2.614763  1.000000e+00, 'task_set': {'t00', 't07', 't09', 't08', 't04', 't01', 't02', 't05', 't06', 't03'}, 'worker_task_dict': {'w00': ['t00'], 'w01': ['t01', 't06', 't05'], 'w02': ['t02'], 'w03': ['t00', 't05', 't07'], 'w04': ['t01', 't07', 't03'], 'w05': ['t02', 't03', 't09'], 'w06': ['t00', 't09'], 'w07': ['t01', 't09'], 'w08': ['t02', 't09', 't08'], 'w09': ['t00', 't08', 't04']}, 'task_val_dict': {'t00': 19.534460712005878, 't01': 18.250084265159067, 't02': 18.67964929876568, 't03': 14.289307492235755, 't04': 17.143321469676067, 't05': 16.12630092986415, 't06': 2.018952220657513, 't07': 15.781673383121475, 't08': 18.304788671352163, 't09': 2.6147631713528883}, 'worke_cost': {'w00': 13.217254553799442, 'w01': 24.25795700624588, 'w02': 19.04411609248541, 'w03': 22.87449491507425, 'w04': 3.955289232424305, 'w05': 2.035423017815432, 'w06': 7.641371924036305, 'w07': 17.527175710375428, 'w08': 24.34481242691671, 'w09': 3.359348900747288}, 'n': 10, 'm': 10, 'solution': {'w09', 'w05', 'w04'}, 'value': 115.24798731268194}"
Official_Experiment_ROI_dataset_03_instance_28_27_exec,"{'task_file': '/Users/hdrop/Documents/Personal FIles/master-thesis-experiments/data/data_files/03_dataset_10_workers_10_tasks/instance_28/tasks.csv', 'worker_file': '/Users/hdrop/Documents/Personal FIles/master-thesis-experiments/data/data_files/03_dataset_10_workers_10_tasks/instance_28/workers.csv', 'workers': {'w08', 'w03', 'w00', 'w09', 'w05', 'w06', 'w04', 'w07', 'w02', 'w01'}, 'workers_df':         cost           skills  user_id user_name  y_star_index
0   5.726313       [t00, t06]        0       w00  6.251847e-11
1  10.514052            [t01]        1       w01  2.903132e-11
2   7.248914       [t02, t06]        2       w02  3.889072e-12
3  16.979743            [t00]        3       w03  1.647926e-12
4  17.875799            [t01]        4       w04 -9.840030e-12
5  11.018862       [t02, t06]        5       w05 -1.084113e-11
6   2.992860       [t00, t06]        6       w06  1.000000e+00
7  23.420619       [t01, t06]        7       w07 -1.089083e-11
8   2.442286  [t02, t06, t05]        8       w08  1.000000e+00
9  22.876314  [t00, t05, t07]        9       w09  6.477660e-12, 'tasks_df':   skill  skill_id  valuation  x_star_index
0   t00         0   5.204034  1.000000e+00
1   t01         1   2.064899  5.935635e-12
2   t02         2   3.217853  1.000000e+00
3   t03         3   8.511610  1.720616e-11
4   t04         4   2.672541  9.317980e-12
5   t05         5  12.428343  1.000000e+00
6   t06         6  11.667930  1.000000e+00
7   t07         7   2.459133  1.342238e-11
8   t08         8   6.407852  1.521246e-11
9   t09         9  14.824358  1.762583e-11, 'task_set': {'t00', 't07', 't09', 't08', 't04', 't01', 't02', 't05', 't06', 't03'}, 'worker_task_dict': {'w00': ['t00', 't06'], 'w01': ['t01'], 'w02': ['t02', 't06'], 'w03': ['t00'], 'w04': ['t01'], 'w05': ['t02', 't06'], 'w06': ['t00', 't06'], 'w07': ['t01', 't06'], 'w08': ['t02', 't06', 't05'], 'w09': ['t00', 't05', 't07']}, 'task_val_dict': {'t00': 5.204034097166078, 't01': 2.064898757386359, 't02': 3.2178534963067618, 't03': 8.511609786695423, 't04': 2.672541255753753, 't05': 12.428343483675606, 't06': 11.667929741476408, 't07': 2.459132603777042, 't08': 6.4078515913509175, 't09': 14.824357890537431}, 'worke_cost': {'w00': 5.726312524466017, 'w01': 10.51405223258682, 'w02': 7.24891366990237, 'w03': 16.979743478343252, 'w04': 17.8757994591247, 'w05': 11.01886207494676, 'w06': 2.992859802625227, 'w07': 23.420618717002643, 'w08': 2.4422859937049326, 'w09': 22.87631441040968}, 'n': 10, 'm': 10, 'solution': {'w08', 'w06'}, 'value': 27.083015022294695}"
Official_Experiment_ROI_dataset_03_instance_29_28_exec,"{'task_file': '/Users/hdrop/Documents/Personal FIles/master-thesis-experiments/data/data_files/03_dataset_10_workers_10_tasks/instance_29/tasks.csv', 'worker_file': '/Users/hdrop/Documents/Personal FIles/master-thesis-experiments/data/data_files/03_dataset_10_workers_10_tasks/instance_29/workers.csv', 'workers': {'w08', 'w03', 'w00', 'w09', 'w05', 'w06', 'w04', 'w07', 'w02', 'w01'}, 'workers_df':         cost           skills  user_id user_name  y_star_index
0   7.650866       [t00, t06]        0       w00  1.000000e+00
1  10.700206  [t01, t06, t05]        1       w01  8.054666e-13
2   5.586382       [t02, t05]        2       w02  1.000000e+00
3  14.803733       [t00, t05]        3       w03 -1.282085e-12
4  19.537061  [t01, t05, t07]        4       w04 -1.219147e-12
5   6.241272            [t02]        5       w05  1.005837e-11
6  15.654547       [t00, t07]        6       w06  4.764280e-12
7   9.196434       [t01, t07]        7       w07  1.000000e+00
8  13.108719            [t02]        8       w08 -1.047598e-12
9   6.639944            [t00]        9       w09  6.390657e-11, 'tasks_df':   skill  skill_id  valuation  x_star_index
0   t00         0  14.409467  1.000000e+00
1   t01         1   6.375605  1.000000e+00
2   t02         2   6.179075  1.000000e+00
3   t03         3  17.790417  1.933429e-12
4   t04         4   2.354793  1.127330e-12
5   t05         5   2.908730  1.000000e+00
6   t06         6   1.228029  1.000000e+00
7   t07         7  10.196213  1.000000e+00
8   t08         8  13.222641  2.191872e-12
9   t09         9   8.106664  2.159652e-12, 'task_set': {'t00', 't07', 't09', 't08', 't04', 't01', 't02', 't05', 't06', 't03'}, 'worker_task_dict': {'w00': ['t00', 't06'], 'w01': ['t01', 't06', 't05'], 'w02': ['t02', 't05'], 'w03': ['t00', 't05'], 'w04': ['t01', 't05', 't07'], 'w05': ['t02'], 'w06': ['t00', 't07'], 'w07': ['t01', 't07'], 'w08': ['t02'], 'w09': ['t00']}, 'task_val_dict': {'t00': 14.409467214998529, 't01': 6.375605058157658, 't02': 6.179074816663596, 't03': 17.790416658024373, 't04': 2.3547927322652047, 't05': 2.908730449744459, 't06': 1.2280288596338131, 't07': 10.196212973475877, 't08': 13.22264141765273, 't09': 8.106663963192531}, 'worke_cost': {'w00': 7.650865512767435, 'w01': 10.700205925182846, 'w02': 5.586382309759185, 'w03': 14.803733052683535, 'w04': 19.53706064757799, 'w05': 6.241272286114311, 'w06': 15.654546596553658, 'w07': 9.196434343731774, 'w08': 13.10871915422047, 'w09': 6.6399443921721}, 'n': 10, 'm': 10, 'solution': {'w02', 'w09', 'w07'}, 'value': 18.646329467377065}"
Official_Experiment_ROI_dataset_03_instance_30_29_exec,"{'task_file': '/Users/hdrop/Documents/Personal FIles/master-thesis-experiments/data/data_files/03_dataset_10_workers_10_tasks/instance_30/tasks.csv', 'worker_file': '/Users/hdrop/Documents/Personal FIles/master-thesis-experiments/data/data_files/03_dataset_10_workers_10_tasks/instance_30/workers.csv', 'workers': {'w08', 'w03', 'w00', 'w09', 'w05', 'w06', 'w04', 'w07', 'w02', 'w01'}, 'workers_df':         cost           skills  user_id user_name  y_star_index
0  20.622623            [t00]        0       w00 -5.822226e-11
1   9.982541            [t01]        1       w01  2.763403e-09
2   9.555055       [t02, t06]        2       w02  1.000000e+00
3   5.378340  [t00, t06, t05]        3       w03  1.000000e+00
4  20.295166       [t01, t05]        4       w04 -1.125163e-11
5  12.825101            [t02]        5       w05  3.788066e-10
6  12.715772       [t00, t05]        6       w06 -8.110789e-12
7   9.497163            [t01]        7       w07  1.000000e+00
8  24.296798            [t02]        8       w08 -3.395132e-11
9  19.331945  [t00, t05, t07]        9       w09  6.910814e-10, 'tasks_df':   skill  skill_id  valuation  x_star_index
0   t00         0  17.111214  1.000000e+00
1   t01         1  15.583701  1.000000e+00
2   t02         2  16.868276  1.000000e+00
3   t03         3  18.065445  7.916806e-11
4   t04         4   4.350958  4.115185e-11
5   t05         5  14.985026  1.000000e+00
6   t06         6  18.961274  1.000000e+00
7   t07         7  11.222231  7.521776e-10
8   t08         8   1.732780  2.148804e-11
9   t09         9   6.362358  5.361086e-11, 'task_set': {'t00', 't07', 't09', 't08', 't04', 't01', 't02', 't05', 't06', 't03'}, 'worker_task_dict': {'w00': ['t00'], 'w01': ['t01'], 'w02': ['t02', 't06'], 'w03': ['t00', 't06', 't05'], 'w04': ['t01', 't05'], 'w05': ['t02'], 'w06': ['t00', 't05'], 'w07': ['t01'], 'w08': ['t02'], 'w09': ['t00', 't05', 't07']}, 'task_val_dict': {'t00': 17.111213682964053, 't01': 15.583700907971243, 't02': 16.868275534815233, 't03': 18.065444630191088, 't04': 4.350958423140079, 't05': 14.985025859604262, 't06': 18.96127407117583, 't07': 11.222231153308917, 't08': 1.732779728718442, 't09': 6.362357837997526}, 'worke_cost': {'w00': 20.622622927190623, 'w01': 9.982540880366084, 'w02': 9.555055341300717, 'w03': 5.378339722559852, 'w04': 20.295166318994188, 'w05': 12.82510094854532, 'w06': 12.7157723019015, 'w07': 9.4971628435212, 'w08': 24.29679839096085, 'w09': 19.331945285363496}, 'n': 10, 'm': 10, 'solution': {'w02', 'w03', 'w07'}, 'value': 59.078932149148855}"
