Official_Experiment_ROI_dataset_11_instance_01_0_exec,"{'task_file': 'C:\\Users\\Konstantina\\Desktop\\HDrop20-master-thesis-experiments\\data\\data_files\\11_dataset_20_workers_100_tasks\\instance_01\\tasks.csv', 'worker_file': 'C:\\Users\\Konstantina\\Desktop\\HDrop20-master-thesis-experiments\\data\\data_files\\11_dataset_20_workers_100_tasks\\instance_01\\workers.csv', 'workers': {'w0237', 'w0293', 'w0585', 'w0404', 'w1436', 'w0739', 'w0667', 'w0639', 'w0427', 'w0612', 'w1465', 'w0360', 'w0650', 'w0975', 'w1355', 'w0956', 'w0320', 'w1644', 'w0885', 'w0469'}, 'workers_df':     cost  ... y_star_index
0   15.0  ...          0.0
1   10.0  ...          0.0
2   10.0  ...          0.0
3   25.0  ...          0.0
4   20.0  ...          1.0
5   25.0  ...          0.0
6    6.0  ...          0.0
7    9.0  ...          0.0
8   15.0  ...          0.0
9   10.0  ...          0.0
10  15.0  ...          0.0
11   5.0  ...          0.0
12  10.0  ...          0.0
13  20.0  ...          1.0
14  18.0  ...          0.0
15  10.0  ...          0.0
16  22.0  ...          0.0
17  10.0  ...          0.0
18  20.0  ...          0.0
19  15.0  ...          0.0

[20 rows x 5 columns], 'tasks_df':                    skill  skill_id  valuation  x_star_index
0                    xxx       173         10           0.0
1    user interface / ia       154         17           0.0
2          forum posting        68         11           0.0
3    amazon web services        12          6           0.0
4      invitation design        79         15           0.0
..                   ...       ...        ...           ...
110           javascript         0          0           0.0
111      c++ programming         0          0           0.0
112          web hosting         0          0           0.0
113                 .net         0          0           0.0
114                mysql         0          0           0.0

[115 rows x 4 columns], 'task_set': {'video broadcasting', 'visual basic', 'electrical engineering', 'photo editing', 'swedish', 'asterisk pbx', 'web search', '3ds max', 'accounting', 'forum posting', 'metatrader', 'unix', 'pcb layout', 'robotics', 'electronics', 'creative writing', 'xml', 'website management', 'research', '.net', 'stationery design', 'joomla', 'shell script', 'photoshop', 'user interface / ia', 'web scraping', 'iphone', 'article rewriting', 'german', 'logo design', 'voip', 'website design', 'illustrator', 'graphic design', 'mathematics', 'proofreading', 'microsoft access', 'software architecture', 'ajax', '3d modelling', 'translation', 'magento', 'microcontroller', 'apache', 'facebook marketing', 'data entry', 'c++ programming', 'bulk marketing', 'excel', 'css', 'sales', 'korean', 'marketing', 'audio services', 'wordpress', 'c programming', 'customer support', 'product design', 'electronic forms', 'android', '3d animation', 'mysql', 'classifieds posting', 'ruby on rails', 'javascript', 'windows desktop', 'autocad', 'python', 'xxx', 'matlab &amp; mathematica', 'script install', 'mac os', 'polish', 'travel writing', 'sql', 'business cards', 'virtual assistant', 'youtube', 'photoshop design', 'advertising', 'internet marketing', 'amazon web services', 'project management', 'engineering', 'mechanical engineering', 'c# programming', 'html', 'ipad', 'video services', 'virtuemart', 'php', 'perl', 'cad/cam', 'invitation design', 'ecommerce', 'latex', 'asp', 'flash', 'editing', 'social networking', 'word', 'banner design', 'business analysis', 'web hosting', 'brochure design', 'videography', 'caricature &amp; cartoons', 'embedded software', 't-shirts', 'windows server', 'seo', 'transcription', 'copywriting', 'typography', 'illustration'}, 'worker_task_dict': {'w0975': ['php', 'magento'], 'w0293': ['logo design', 'graphic design', 'website design', 'photoshop', 'banner design'], 'w1355': ['website design', 'graphic design', 'wordpress', 'photoshop design', 'photoshop'], 'w0612': ['embedded software', 'microcontroller', 'c programming', 'electronics'], 'w0320': ['facebook marketing', 'social networking', 'internet marketing', 'marketing'], 'w0639': ['php', 'wordpress', 'website design', 'joomla', 'css'], 'w0885': ['graphic design', 'illustrator', 'photoshop'], 'w1465': ['editing', 'copywriting', 'article rewriting', 'proofreading'], 'w1644': ['copywriting', 'proofreading', 'research'], 'w0404': ['illustration', 'illustrator', 'graphic design', 'caricature &amp; cartoons', 'photoshop'], 'w0739': ['facebook marketing', 'social networking', 'graphic design', 'logo design'], 'w1436': ['facebook marketing', 'web search'], 'w0650': ['html', 'php', 'javascript', 'c++ programming', 'engineering'], 'w0585': ['web scraping', 'web hosting', 'seo', 'excel', 'magento'], 'w0469': ['graphic design', 'banner design', 'photoshop', 'logo design', 'brochure design'], 'w0956': ['asp', '.net', 'software architecture', 'javascript'], 'w0427': ['.net', 'c# programming', 'visual basic', 'sql', 'html'], 'w0360': ['php', 'joomla', 'mysql', 'css', 'website design'], 'w0237': ['facebook marketing', 'social networking', 'internet marketing', 'marketing'], 'w0667': ['wordpress', 'php', 'internet marketing', 'css', 'html']}, 'task_val_dict': {'xxx': 10, 'user interface / ia': 17, 'forum posting': 11, 'amazon web services': 6, 'invitation design': 15, 'german': 6, 'product design': 13, 'embedded software': 11, 'customer support': 12, 'ruby on rails': 6, 'creative writing': 8, 'polish': 10, 'swedish': 10, 'korean': 8, 'latex': 10, 'electronic forms': 6, 'robotics': 8, 'travel writing': 11, 'virtuemart': 7, 'typography': 7, 'audio services': 6, 'script install': 7, 'python': 10, 'video broadcasting': 9, '3ds max': 8, 'mathematics': 8, 'flash': 12, 'windows desktop': 11, 'proofreading': 12, 'c# programming': 9, 'xml': 10, 'electronics': 4, 'project management': 9, 'stationery design': 8, 'voip': 13, 'asp': 11, 'metatrader': 7, 'bulk marketing': 12, 'shell script': 7, 'matlab &amp; mathematica': 13, 'unix': 8, 'ajax': 7, 'perl': 14, 'ipad': 14, 'apache': 10, 'youtube': 10, 'mechanical engineering': 8, 'sales': 14, 'photo editing': 10, 'cad/cam': 6, 'business analysis': 5, 'accounting': 10, 'website management': 9, 'word': 13, 'marketing': 14, 'autocad': 9, 'visual basic': 6, 'mac os': 7, 'windows server': 10, '3d modelling': 14, 'magento': 17, 'microsoft access': 11, 'ecommerce': 6, 'microcontroller': 12, 'brochure design': 12, 'advertising': 17, 'videography': 7, 'electrical engineering': 8, 'asterisk pbx': 11, 'social networking': 6, 'engineering': 9, 'research': 8, 'virtual assistant': 8, 'business cards': 8, 'transcription': 9, 'classifieds posting': 9, 'sql': 9, 't-shirts': 4, 'pcb layout': 7, '3d animation': 5, 'data entry': 12, 'facebook marketing': 7, 'joomla': 8, 'internet marketing': 13, 'video services': 5, 'seo': 13, 'web scraping': 10, 'iphone': 12, 'banner design': 10, 'excel': 10, 'illustration': 8, 'html': 10, 'copywriting': 10, 'software architecture': 12, 'android': 5, 'logo design': 8, 'website design': 6, 'illustrator': 9, 'translation': 6, 'wordpress': 6, 'php': 0, 'graphic design': 0, 'photoshop': 0, 'photoshop design': 0, 'c programming': 0, 'css': 0, 'editing': 0, 'article rewriting': 0, 'caricature &amp; cartoons': 0, 'web search': 0, 'javascript': 0, 'c++ programming': 0, 'web hosting': 0, '.net': 0, 'mysql': 0}, 'worke_cost': {'w0975': 15.0, 'w0293': 10.0, 'w1355': 10.0, 'w0612': 25.0, 'w0320': 20.0, 'w0639': 25.0, 'w0885': 6.0, 'w1465': 9.0, 'w1644': 15.0, 'w0404': 10.0, 'w0739': 15.0, 'w1436': 5.0, 'w0650': 10.0, 'w0585': 20.0, 'w0469': 18.0, 'w0956': 10.0, 'w0427': 22.0, 'w0360': 10.0, 'w0237': 20.0, 'w0667': 15.0}, 'n': 115, 'm': 20, 'solution': {'w0585', 'w1465'}, 'value': 43.0}"
Official_Experiment_ROI_dataset_11_instance_02_1_exec,"{'task_file': 'C:\\Users\\Konstantina\\Desktop\\HDrop20-master-thesis-experiments\\data\\data_files\\11_dataset_20_workers_100_tasks\\instance_02\\tasks.csv', 'worker_file': 'C:\\Users\\Konstantina\\Desktop\\HDrop20-master-thesis-experiments\\data\\data_files\\11_dataset_20_workers_100_tasks\\instance_02\\workers.csv', 'workers': {'w0665', 'w0493', 'w0463', 'w1508', 'w1335', 'w1549', 'w0862', 'w0903', 'w1739', 'w0367', 'w0817', 'w1050', 'w0011', 'w0773', 'w1189', 'w1613', 'w0879', 'w0932', 'w1373', 'w1622'}, 'workers_df':     cost  ... y_star_index
0    5.0  ...          0.0
1   30.0  ...          0.0
2    6.0  ...          0.0
3    5.0  ...          0.0
4   16.0  ...          0.0
5   20.0  ...          0.0
6   15.0  ...          0.0
7   15.0  ...          0.0
8   35.0  ...          0.0
9   12.0  ...          0.0
10  10.0  ...          0.0
11  15.0  ...          1.0
12  11.0  ...          0.0
13  15.0  ...          0.0
14  25.0  ...          0.0
15  20.0  ...          0.0
16  12.0  ...          0.0
17  30.0  ...          0.0
18  15.0  ...          1.0
19   3.0  ...          0.0

[20 rows x 5 columns], 'tasks_df':                      skill  skill_id  valuation  x_star_index
0           concept design        41          6           0.0
1            telemarketing       147          9           0.0
2                bootstrap        28          5           0.0
3                   korean        87         13           0.0
4           product design       119          5           0.0
..                     ...       ...        ...           ...
112                 joomla         0          0           0.0
113  software architecture         0          0           0.0
114          banner design         0          0           0.0
115          photo editing         0          0           0.0
116                   blog         0          0           0.0

[117 rows x 4 columns], 'task_set': {'indesign', 'video broadcasting', 'visual basic', 'electrical engineering', 'photo editing', 'java', 'delphi', 'swedish', 'prestashop', 'asterisk pbx', 'web search', 'forum posting', 'metatrader', 'unix', 'jquery / prototype', 'linux', 'blog', 'technical writing', 'xml', 'database administration', 'finance', 'stationery design', 'joomla', 'photoshop', 'user interface / ia', 'web scraping', 'flyer design', 'iphone', 'data processing', 'academic writing', 'logo design', 'website design', 'graphic design', 'mathematics', 'proofreading', 'link building', 'microsoft access', 'software architecture', 'animation', 'ajax', 'magento', 'c++ programming', 'apache', 'mobile phone', 'data entry', 'facebook marketing', 'bulk marketing', 'css', 'excel', 'sharepoint', 'sales', 'korean', 'marketing', 'audio services', 'wordpress', 'c programming', 'customer support', 'product design', 'electronic forms', 'algorithm', 'telemarketing', 'drupal', '3d animation', 'email marketing', 'mysql', 'classifieds posting', 'ruby on rails', 'javascript', 'oracle', 'windows desktop', 'photography', 'covers &amp; packaging', 'matlab &amp; mathematica', 'anything goes', 'script install', 'bootstrap', 'business cards', 'arabic', 'photoshop design', 'advertising', 'internet marketing', 'amazon web services', 'mechanical engineering', 'c# programming', 'html', 'ipad', 'pdf', 'statistics', 'video services', 'virtuemart', 'php', 'invitation design', 'ecommerce', 'latex', 'spanish', 'editing', 'ghostwriting', 'social networking', 'word', 'banner design', 'articles', 'web hosting', 'brochure design', 'videography', 'caricature &amp; cartoons', 'unity 3d', 'voice talent', 'music', 'software testing', 'greek', 'concept design', 'seo', 'reviews', 'transcription', 'copywriting', 'ebooks', 'illustration'}, 'worker_task_dict': {'w1613': ['video broadcasting', 'linux', 'video services'], 'w0817': ['php', 'ecommerce', 'drupal', 'css', 'html'], 'w0011': ['link building', 'seo', 'internet marketing', 'marketing', 'advertising'], 'w1622': ['data entry', 'web search', 'excel', 'data processing', 'web scraping'], 'w0493': ['prestashop', 'php', 'html', 'internet marketing', 'seo'], 'w1050': ['social networking', 'facebook marketing', 'user interface / ia', 'logo design', 'php'], 'w0463': ['graphic design', 'photoshop', 'logo design', 'indesign'], 'w0862': ['php', 'css', 'html', 'website design', 'jquery / prototype'], 'w0932': ['php', 'mysql', 'javascript', 'html', 'ajax'], 'w1739': ['php', 'wordpress', 'joomla', 'website design', 'graphic design'], 'w0665': ['delphi', 'data entry', 'software architecture', 'c programming'], 'w0903': ['php', 'software architecture', 'javascript', 'prestashop', 'css'], 'w1508': ['data processing', 'telemarketing'], 'w1189': ['banner design', 'photoshop', 'photo editing', 'logo design'], 'w0367': ['php', 'iphone', 'ajax', 'jquery / prototype'], 'w0879': ['graphic design', 'banner design', 'c# programming', 'html', 'php'], 'w1549': ['php', 'link building', 'linux', 'ajax'], 'w1373': ['wordpress', 'php', 'html', 'website design'], 'w0773': ['logo design', 'photoshop', 'website design', 'banner design', 'html'], 'w1335': ['blog', 'articles']}, 'task_val_dict': {'concept design': 6, 'telemarketing': 9, 'bootstrap': 5, 'korean': 13, 'product design': 5, 'unity 3d': 10, 'forum posting': 13, 'virtuemart': 9, 'arabic': 9, 'amazon web services': 10, 'electronic forms': 6, 'invitation design': 5, 'oracle': 12, 'covers &amp; packaging': 8, 'latex': 7, 'sharepoint': 8, 'swedish': 3, 'ruby on rails': 9, 'customer support': 7, 'user interface / ia': 6, 'apache': 10, 'classifieds posting': 3, 'script install': 11, 'videography': 6, 'xml': 6, 'transcription': 13, 'c# programming': 7, '3d animation': 11, 'anything goes': 10, 'metatrader': 8, 'greek': 9, 'mechanical engineering': 13, 'word': 6, 'database administration': 12, 'drupal': 5, 'prestashop': 8, 'magento': 8, 'video broadcasting': 3, 'matlab &amp; mathematica': 9, 'sales': 7, 'proofreading': 8, 'stationery design': 9, 'editing': 14, 'email marketing': 2, 'unix': 12, 'mathematics': 6, 'finance': 8, 'microsoft access': 4, 'audio services': 7, 'caricature &amp; cartoons': 8, 'asterisk pbx': 9, 'jquery / prototype': 7, 'bulk marketing': 6, 'brochure design': 9, 'software testing': 9, 'pdf': 9, 'c++ programming': 6, 'voice talent': 3, 'technical writing': 10, 'ebooks': 11, 'ecommerce': 9, 'photoshop design': 9, 'algorithm': 7, 'business cards': 7, 'visual basic': 8, 'web search': 10, 'reviews': 10, 'web hosting': 12, 'statistics': 12, 'ipad': 13, 'electrical engineering': 4, 'photography': 8, 'windows desktop': 7, 'marketing': 12, 'java': 5, 'music': 11, 'ghostwriting': 11, 'spanish': 12, 'flyer design': 6, 'delphi': 7, 'logo design': 10, 'articles': 5, 'website design': 6, 'data processing': 4, 'mysql': 10, 'video services': 9, 'html': 12, 'css': 7, 'wordpress': 5, 'illustration': 12, 'internet marketing': 8, 'iphone': 7, 'academic writing': 9, 'mobile phone': 7, 'copywriting': 6, 'animation': 6, 'c programming': 11, 'javascript': 10, 'photoshop': 12, 'php': 15, 'linux': 0, 'link building': 0, 'seo': 0, 'advertising': 0, 'data entry': 0, 'excel': 0, 'web scraping': 0, 'social networking': 0, 'facebook marketing': 0, 'graphic design': 0, 'indesign': 0, 'ajax': 0, 'joomla': 0, 'software architecture': 0, 'banner design': 0, 'photo editing': 0, 'blog': 0}, 'worke_cost': {'w1613': 5.0, 'w0817': 30.0, 'w0011': 6.0, 'w1622': 5.0, 'w0493': 16.0, 'w1050': 20.0, 'w0463': 15.0, 'w0862': 15.0, 'w0932': 35.0, 'w1739': 12.0, 'w0665': 10.0, 'w0903': 15.0, 'w1508': 11.0, 'w1189': 15.0, 'w0367': 25.0, 'w0879': 20.0, 'w1549': 12.0, 'w1373': 30.0, 'w0773': 15.0, 'w1335': 3.0}, 'n': 117, 'm': 20, 'solution': {'w0862', 'w0011'}, 'value': 46.0}"
Official_Experiment_ROI_dataset_11_instance_03_2_exec,"{'task_file': 'C:\\Users\\Konstantina\\Desktop\\HDrop20-master-thesis-experiments\\data\\data_files\\11_dataset_20_workers_100_tasks\\instance_03\\tasks.csv', 'worker_file': 'C:\\Users\\Konstantina\\Desktop\\HDrop20-master-thesis-experiments\\data\\data_files\\11_dataset_20_workers_100_tasks\\instance_03\\workers.csv', 'workers': {'w1040', 'w0710', 'w0361', 'w0626', 'w1324', 'w0343', 'w1567', 'w0542', 'w0445', 'w0255', 'w0851', 'w0325', 'w0909', 'w0883', 'w1745', 'w0957', 'w1214', 'w1008', 'w0118', 'w1174'}, 'workers_df':     cost  ... y_star_index
0   15.0  ...          0.0
1   10.0  ...          0.0
2   10.0  ...          0.0
3   30.0  ...          0.0
4   22.0  ...          0.0
5   10.0  ...          0.0
6    6.0  ...          0.0
7   15.0  ...          0.0
8   25.0  ...          0.0
9   25.0  ...          1.0
10  10.0  ...          0.0
11  10.0  ...          0.0
12  10.0  ...          1.0
13  10.0  ...          0.0
14   8.0  ...          0.0
15   8.0  ...          0.0
16  20.0  ...          0.0
17  10.0  ...          0.0
18  10.0  ...          0.0
19  18.0  ...          0.0

[20 rows x 5 columns], 'tasks_df':                    skill  skill_id  valuation  x_star_index
0               japanese        82         10           0.0
1                 polish       115         11           0.0
2               unity 3d       152          7           0.0
3    user interface / ia       154          9           0.0
4    amazon web services        12          8           0.0
..                   ...       ...        ...           ...
110          illustrator         0          0           0.0
111           javascript         0          0           0.0
112         web scraping         0          0           0.0
113           web search         0          0           0.0
114       video services         0          0           0.0

[115 rows x 4 columns], 'task_set': {'video broadcasting', 'visual basic', 'after effects', 'photo editing', 'java', 'delphi', 'swedish', 'asterisk pbx', 'web search', '3ds max', 'forum posting', 'metatrader', 'unix', 'jquery / prototype', 'blog', 'linux', 'japanese', 'technical writing', 'electronics', 'database administration', 'website management', '.net', 'cms', 'stationery design', 'shell script', 'photoshop', 'psd to html', 'user interface / ia', 'web scraping', 'iphone', 'article rewriting', 'data processing', 'logo design', 'website design', 'illustrator', 'graphic design', 'link building', 'poster design', 'proofreading', 'software architecture', 'telecommunications engineering', 'powerpoint', 'translation', 'microcontroller', 'apache', 'facebook marketing', 'data entry', 'mobile phone', 'bulk marketing', 'css', 'excel', 'sharepoint', 'c programming', 'wordpress', 'customer support', 'product design', 'android', '3d rendering', 'algorithm', 'drupal', 'mysql', 'classifieds posting', 'javascript', 'windows desktop', 'photography', 'covers &amp; packaging', 'matlab &amp; mathematica', 'anything goes', 'script install', 'microsoft exchange', 'mac os', 'polish', 'sql', 'virtual assistant', 'youtube', 'sem / adwords', 'internet marketing', 'amazon web services', 'actionscript', 'mechanical engineering', 'c# programming', 'html', 'ipad', 'video services', 'php', 'cad/cam', 'invitation design', 'ecommerce', 'latex', 'spanish', 'asp', 'editing', 'flash', 'simplified chinese (china)', 'banner design', 'articles', 'web hosting', 'brochure design', 'caricature &amp; cartoons', 'unity 3d', 'voice talent', 'business plans', 'embedded software', 'system admin', 'leads', 'software testing', 'arduino', 'windows server', 'concept design', 'seo', 'greek', 'reviews', 'transcription', 'copywriting', 'illustration'}, 'worker_task_dict': {'w0883': ['articles', 'article rewriting', 'proofreading', 'editing', 'copywriting'], 'w0909': ['anything goes', 'seo', 'wordpress', 'articles', 'website design'], 'w0255': ['translation', 'greek', 'technical writing', 'editing'], 'w1174': ['php', 'mysql', 'html', 'website design', 'script install'], 'w0710': ['delphi', 'windows desktop', 'c programming', '.net'], 'w0445': ['graphic design', 'logo design', 'photoshop', 'illustrator', 'banner design'], 'w0626': ['logo design', 'graphic design', 'photoshop', 'illustration'], 'w0957': ['graphic design', 'logo design', 'css', 'brochure design'], 'w1745': ['linux', 'system admin', 'script install', 'apache'], 'w0118': ['transcription', 'translation', 'data entry', 'excel', 'virtual assistant'], 'w1040': ['php', 'html', 'website design', 'wordpress', 'graphic design'], 'w0325': ['graphic design', 'photoshop', 'illustrator', 'logo design', 'illustration'], 'w0851': ['graphic design', 'banner design', 'photoshop', 'brochure design', 'flash'], 'w0542': ['wordpress', 'html', 'website design', 'css', 'ecommerce'], 'w1567': ['illustration', 'logo design', 'caricature &amp; cartoons', 'illustrator'], 'w1324': ['logo design', 'graphic design', 'photoshop', 'illustration', 'website design'], 'w1214': ['php', 'translation', 'mysql', 'wordpress', 'javascript'], 'w0361': ['graphic design', 'illustrator', 'logo design', 'illustration', 'photoshop'], 'w0343': ['web scraping', 'excel', 'web search', 'data entry'], 'w1008': ['website design', 'video services', 'graphic design', 'cms', 'ecommerce']}, 'task_val_dict': {'japanese': 10, 'polish': 11, 'unity 3d': 7, 'user interface / ia': 9, 'amazon web services': 8, 'forum posting': 12, 'microsoft exchange': 7, 'latex': 9, 'simplified chinese (china)': 8, 'arduino': 14, 'product design': 10, 'covers &amp; packaging': 4, 'concept design': 6, 'embedded software': 7, 'sharepoint': 14, 'customer support': 7, 'telecommunications engineering': 11, 'invitation design': 12, 'poster design': 15, 'swedish': 13, 'asp': 9, 'after effects': 3, 'system admin': 6, 'java': 13, 'actionscript': 9, 'asterisk pbx': 11, '3d rendering': 5, 'algorithm': 4, 'editing': 9, 'leads': 10, 'unix': 9, 'cad/cam': 14, 'script install': 14, 'brochure design': 8, 'blog': 7, 'video broadcasting': 4, 'mechanical engineering': 15, 'web hosting': 12, 'cms': 11, 'delphi': 7, 'anything goes': 6, 'powerpoint': 14, 'metatrader': 12, 'business plans': 11, 'sem / adwords': 6, 'photography': 13, 'technical writing': 3, 'flash': 11, 'reviews': 9, 'caricature &amp; cartoons': 13, 'software testing': 5, 'youtube': 10, 'electronics': 11, 'database administration': 6, 'microcontroller': 6, 'c# programming': 12, 'ipad': 6, 'photo editing': 12, 'apache': 3, 'bulk marketing': 8, 'voice talent': 9, 'transcription': 6, 'link building': 11, 'sql': 10, '3ds max': 7, 'ecommerce': 11, 'drupal': 11, 'psd to html': 8, 'mac os': 7, 'website management': 14, 'virtual assistant': 10, 'stationery design': 10, 'windows server': 6, 'jquery / prototype': 10, 'classifieds posting': 11, 'shell script': 13, 'visual basic': 9, 'spanish': 12, 'matlab &amp; mathematica': 10, 'proofreading': 9, 'mysql': 9, 'website design': 7, 'internet marketing': 10, 'iphone': 12, 'facebook marketing': 9, 'graphic design': 8, '.net': 13, 'css': 6, 'data entry': 11, 'excel': 13, 'data processing': 8, 'banner design': 7, 'seo': 9, 'software architecture': 7, 'linux': 15, 'android': 10, 'illustration': 3, 'mobile phone': 9, 'c programming': 9, 'copywriting': 11, 'articles': 0, 'article rewriting': 0, 'wordpress': 0, 'translation': 0, 'greek': 0, 'php': 0, 'html': 0, 'windows desktop': 0, 'logo design': 0, 'photoshop': 0, 'illustrator': 0, 'javascript': 0, 'web scraping': 0, 'web search': 0, 'video services': 0}, 'worke_cost': {'w0883': 15.0, 'w0909': 10.0, 'w0255': 10.0, 'w1174': 30.0, 'w0710': 22.0, 'w0445': 10.0, 'w0626': 6.0, 'w0957': 15.0, 'w1745': 25.0, 'w0118': 25.0, 'w1040': 10.0, 'w0325': 10.0, 'w0851': 10.0, 'w0542': 10.0, 'w1567': 8.0, 'w1324': 8.0, 'w1214': 20.0, 'w0361': 10.0, 'w0343': 10.0, 'w1008': 18.0}, 'n': 115, 'm': 20, 'solution': {'w0343', 'w0851'}, 'value': 38.0}"
Official_Experiment_ROI_dataset_11_instance_04_3_exec,"{'task_file': 'C:\\Users\\Konstantina\\Desktop\\HDrop20-master-thesis-experiments\\data\\data_files\\11_dataset_20_workers_100_tasks\\instance_04\\tasks.csv', 'worker_file': 'C:\\Users\\Konstantina\\Desktop\\HDrop20-master-thesis-experiments\\data\\data_files\\11_dataset_20_workers_100_tasks\\instance_04\\workers.csv', 'workers': {'w0110', 'w0565', 'w0386', 'w0349', 'w0114', 'w0684', 'w0901', 'w0377', 'w0936', 'w0247', 'w0446', 'w1689', 'w1584', 'w1443', 'w0165', 'w0171', 'w0728', 'w0267', 'w1481', 'w0763'}, 'workers_df':     cost  ... y_star_index
0   10.0  ...          0.0
1   15.0  ...          0.0
2   25.0  ...          0.0
3   20.0  ...          0.0
4   20.0  ...          0.0
5   15.0  ...          0.0
6   10.0  ...          1.0
7   13.0  ...          1.0
8   15.0  ...          0.0
9   10.0  ...          0.0
10   6.0  ...          0.0
11  20.0  ...          0.0
12  12.0  ...          0.0
13   8.0  ...          0.0
14  15.0  ...          0.0
15  10.0  ...          0.0
16  15.0  ...          0.0
17  15.0  ...          0.0
18  10.0  ...          0.0
19  12.0  ...          0.0

[20 rows x 5 columns], 'tasks_df':                  skill  skill_id  valuation  x_star_index
0           typography       151         10           0.0
1       travel writing       150          7           0.0
2               polish       115         16           0.0
3             japanese        82         11           0.0
4        forum posting        68         17           0.0
..                 ...       ...        ...           ...
115           research         0          0           0.0
116          photoshop         0          0           0.0
117         prestashop         0          0           0.0
118  social networking         0          0           0.0
119   photoshop design         0          0           0.0

[120 rows x 4 columns], 'task_set': {'video broadcasting', 'electrical engineering', 'photo editing', 'delphi', 'swedish', 'prestashop', 'asterisk pbx', '3ds max', 'accounting', 'forum posting', 'metatrader', 'unix', 'jquery / prototype', 'blog', 'linux', 'japanese', 'technical writing', 'electronics', 'creative writing', 'database administration', 'research', '.net', 'finance', 'stationery design', 'copy typing', 'joomla', 'shell script', 'photoshop', 'psd to html', 'iphone', 'article rewriting', 'academic writing', 'data processing', 'german', 'logo design', 'voip', 'website design', 'illustrator', 'graphic design', 'proofreading', 'link building', 'financial markets', 'telecommunications engineering', 'software architecture', 'powerpoint', 'ajax', '3d modelling', 'translation', 'microcontroller', 'c++ programming', 'apache', 'mobile phone', 'facebook marketing', 'magento', 'data entry', 'excel', 'css', 'sales', 'korean', 'marketing', 'c programming', 'wordpress', 'game design', 'product design', '3d rendering', 'algorithm', 'drupal', '3d animation', 'email marketing', 'mysql', 'javascript', 'autocad', 'python', 'covers &amp; packaging', 'xxx', 'matlab &amp; mathematica', 'anything goes', 'mac os', 'polish', 'travel writing', 'bootstrap', 'business cards', 'sql', 'virtual assistant', 'youtube', 'photoshop design', 'sem / adwords', 'internet marketing', 'project management', 'engineering', 'actionscript', 'c# programming', 'html', 'statistics', 'php', 'perl', 'cad/cam', 'invitation design', 'ecommerce', 'latex', 'spanish', 'asp', 'ghostwriting', 'simplified chinese (china)', 'social networking', 'word', 'articles', 'brochure design', 'videography', 'caricature &amp; cartoons', 'music', 'system admin', 'software testing', 't-shirts', 'arduino', 'greek', 'concept design', 'seo', 'copywriting', 'typography'}, 'worker_task_dict': {'w1689': ['.net', 'project management'], 'w0446': ['php', 'html', 'mysql', 'javascript', 'website design'], 'w0349': ['php', 'website design', 'magento', 'javascript', 'wordpress'], 'w0377': ['metatrader', 'php', 'c programming', 'software architecture', 'sql'], 'w0165': ['articles', 'copywriting', 'article rewriting', 'ghostwriting', 'blog'], 'w0565': ['cad/cam', '3d modelling', 'autocad'], 'w1481': ['php', 'html', 'wordpress', 'facebook marketing', 'joomla'], 'w0728': ['creative writing', 'articles', 'anything goes', 'data entry', 'copy typing'], 'w0386': ['wordpress', 'html', 'php', 'graphic design', 'css'], 'w0763': ['excel', 'data processing', 'copy typing', 'word', 'data entry'], 'w0936': ['linux', 'php', 'translation', 'software testing', 'mysql'], 'w0171': ['academic writing', 'technical writing', 'research', 'articles'], 'w1443': ['graphic design', 'photoshop', 'illustrator', 'stationery design'], 'w0247': ['prestashop', 'php', 'html', 'website design', 'css'], 'w0901': ['php', 'wordpress', 'copywriting', 'translation'], 'w0110': ['seo', 'facebook marketing', 'internet marketing', 'social networking'], 'w0114': ['php', 'mysql', 'software architecture'], 'w0267': ['graphic design', 'photoshop', 'photoshop design', 't-shirts', 'logo design'], 'w0684': ['logo design', 'graphic design'], 'w1584': ['php', 'ecommerce']}, 'task_val_dict': {'typography': 10, 'travel writing': 7, 'polish': 16, 'japanese': 11, 'forum posting': 17, 'invitation design': 13, 'telecommunications engineering': 13, 'latex': 6, 'korean': 11, 'german': 10, 'covers &amp; packaging': 8, 'xxx': 12, 'swedish': 8, 'concept design': 12, 'product design': 9, 'creative writing': 11, 'simplified chinese (china)': 12, 'financial markets': 16, 'bootstrap': 8, 'arduino': 12, 'asp': 6, 'unix': 11, 'psd to html': 10, 'sales': 9, 'ecommerce': 10, 'database administration': 5, 'metatrader': 15, 'python': 11, 'software testing': 4, 'proofreading': 9, 'matlab &amp; mathematica': 10, 'finance': 9, 'brochure design': 9, 'business cards': 11, 'game design': 9, 'microcontroller': 9, 'email marketing': 12, 't-shirts': 16, 'drupal': 4, 'system admin': 9, 'project management': 11, 'statistics': 7, 'music': 13, 'delphi': 3, 'engineering': 8, 'algorithm': 8, 'shell script': 16, 'youtube': 7, 'video broadcasting': 2, 'electrical engineering': 10, 'apache': 9, 'mac os': 12, 'c++ programming': 11, '3d rendering': 4, 'spanish': 11, 'voip': 5, 'videography': 10, 'greek': 13, '3d animation': 5, 'cad/cam': 12, 'powerpoint': 13, 'accounting': 11, 'virtual assistant': 7, 'c# programming': 10, 'sem / adwords': 10, 'perl': 10, 'electronics': 7, '3ds max': 10, 'jquery / prototype': 9, 'photo editing': 10, 'caricature &amp; cartoons': 15, 'ajax': 17, 'link building': 11, 'marketing': 9, 'actionscript': 10, 'asterisk pbx': 8, 'stationery design': 13, '3d modelling': 11, 'autocad': 5, 'anything goes': 15, 'copywriting': 12, 'internet marketing': 3, 'articles': 12, 'illustrator': 9, 'academic writing': 12, 'logo design': 11, 'data processing': 13, 'php': 10, 'mobile phone': 7, 'excel': 7, 'website design': 11, 'translation': 11, 'javascript': 9, 'joomla': 17, 'facebook marketing': 7, '.net': 7, 'iphone': 7, 'wordpress': 10, 'seo': 10, 'software architecture': 10, 'html': 0, 'mysql': 0, 'magento': 0, 'c programming': 0, 'sql': 0, 'article rewriting': 0, 'ghostwriting': 0, 'blog': 0, 'data entry': 0, 'copy typing': 0, 'graphic design': 0, 'css': 0, 'word': 0, 'linux': 0, 'technical writing': 0, 'research': 0, 'photoshop': 0, 'prestashop': 0, 'social networking': 0, 'photoshop design': 0}, 'worke_cost': {'w1689': 10.0, 'w0446': 15.0, 'w0349': 25.0, 'w0377': 20.0, 'w0165': 20.0, 'w0565': 15.0, 'w1481': 10.0, 'w0728': 13.0, 'w0386': 15.0, 'w0763': 10.0, 'w0936': 6.0, 'w0171': 20.0, 'w1443': 12.0, 'w0247': 8.0, 'w0901': 15.0, 'w0110': 10.0, 'w0114': 15.0, 'w0267': 15.0, 'w0684': 10.0, 'w1584': 12.0}, 'n': 120, 'm': 20, 'solution': {'w1481', 'w0728'}, 'value': 59.0}"
Official_Experiment_ROI_dataset_11_instance_05_4_exec,"{'task_file': 'C:\\Users\\Konstantina\\Desktop\\HDrop20-master-thesis-experiments\\data\\data_files\\11_dataset_20_workers_100_tasks\\instance_05\\tasks.csv', 'worker_file': 'C:\\Users\\Konstantina\\Desktop\\HDrop20-master-thesis-experiments\\data\\data_files\\11_dataset_20_workers_100_tasks\\instance_05\\workers.csv', 'workers': {'w1364', 'w0017', 'w0220', 'w1265', 'w0615', 'w0264', 'w0687', 'w1196', 'w1177', 'w0316', 'w1592', 'w1108', 'w1357', 'w0311', 'w0752', 'w0148', 'w0737', 'w0159', 'w0724', 'w0952'}, 'workers_df':     cost  ... y_star_index
0   20.0  ...          0.0
1    8.0  ...          0.0
2   12.0  ...          0.0
3   10.0  ...          0.0
4   20.0  ...          0.0
5   10.0  ...          0.0
6   10.0  ...          0.0
7    8.0  ...          0.0
8   12.0  ...          0.0
9    7.0  ...          0.0
10  35.0  ...          0.0
11  15.0  ...          0.0
12  10.0  ...          0.0
13  15.0  ...          0.0
14  12.0  ...          1.0
15   5.0  ...          0.0
16  10.0  ...          0.0
17  14.0  ...          0.0
18  10.0  ...          0.0
19  20.0  ...          1.0

[20 rows x 5 columns], 'tasks_df':                    skill  skill_id  valuation  x_star_index
0             typography       151          5           0.0
1    amazon web services        12          9           0.0
2          poster design       116         12           0.0
3              bootstrap        28         10           0.0
4                swedish       142         11           0.0
..                   ...       ...        ...           ...
110                  pdf         0          0           0.0
111       website design         0          0           0.0
112               iphone         0          0           0.0
113    article rewriting         0          0           0.0
114         proofreading         0          0           0.0

[115 rows x 4 columns], 'task_set': {'indesign', 'video broadcasting', 'visual basic', 'photo editing', 'java', 'swedish', 'prestashop', 'asterisk pbx', 'web search', 'accounting', 'metatrader', 'unix', 'jquery / prototype', 'blog', 'linux', 'robotics', 'technical writing', 'creative writing', 'database administration', 'xml', 'research', 'finance', 'cms', 'stationery design', 'copy typing', 'joomla', 'shell script', 'photoshop', 'psd to html', 'web scraping', 'flyer design', 'iphone', 'article rewriting', 'academic writing', 'logo design', 'website design', 'illustrator', 'graphic design', 'mathematics', 'proofreading', 'poster design', 'microsoft access', 'financial markets', 'telecommunications engineering', '3d modelling', 'translation', 'microcontroller', 'magento', 'apache', 'facebook marketing', 'mobile phone', 'data entry', 'css', 'excel', 'sharepoint', 'korean', 'marketing', 'c programming', 'wordpress', 'product design', 'android', '3d rendering', 'telemarketing', 'drupal', '3d animation', 'mysql', 'javascript', 'oracle', 'windows desktop', 'python', 'covers &amp; packaging', 'xxx', 'anything goes', 'script install', 'bootstrap', 'business cards', 'virtual assistant', 'youtube', 'photoshop design', 'advertising', 'amazon web services', 'actionscript', 'mechanical engineering', 'c# programming', 'html', 'ipad', 'pdf', 'virtuemart', 'php', 'latex', 'asp', 'editing', 'ghostwriting', 'simplified chinese (china)', 'social networking', 'word', 'banner design', 'business analysis', 'articles', 'web hosting', 'videography', 'voice talent', 'business plans', 'embedded software', 'leads', 'software testing', 't-shirts', 'greek', 'seo', 'reviews', 'transcription', 'copywriting', 'typography', 'ebooks', 'illustration'}, 'worker_task_dict': {'w0311': ['translation', 'korean', 'copywriting'], 'w1108': ['graphic design', 'illustrator', 'logo design', 'photoshop design', 'photoshop'], 'w1357': ['academic writing', 'marketing', 'business analysis', 'business plans'], 'w0737': ['photoshop', 'graphic design', 'photo editing', 'logo design', 'banner design'], 'w0148': ['academic writing', 'technical writing', 'research', 'articles'], 'w1592': ['graphic design', 'indesign', 'banner design'], 'w0687': ['3d modelling', '3d rendering'], 'w0952': ['photoshop', 'graphic design', 'logo design'], 'w0264': ['3d rendering', '3d modelling', '3d animation'], 'w0724': ['data entry', 'seo', 'excel', 'wordpress', 'pdf'], 'w0017': ['php', 'wordpress', 'html', 'css', 'website design'], 'w1364': ['html', 'php', 'apache'], 'w0316': ['translation', 'graphic design', 'photoshop', 'website design', 'illustrator'], 'w0752': ['joomla', 'php', 'html', 'javascript', 'seo'], 'w0615': ['android', 'mobile phone', 'java', 'iphone', 'python'], 'w0220': ['articles', 'blog', 'article rewriting', 'copywriting', 'seo'], 'w1177': ['transcription', 'proofreading', 'editing'], 'w1265': ['virtual assistant', 'logo design', 'illustration', 'photoshop'], 'w1196': ['logo design', 'graphic design', '3d animation', '3d rendering', '3d modelling'], 'w0159': ['php', 'html', 'website design', 'graphic design', 'css']}, 'task_val_dict': {'typography': 5, 'amazon web services': 9, 'poster design': 12, 'bootstrap': 10, 'swedish': 11, 'embedded software': 7, 'financial markets': 10, 'telecommunications engineering': 4, 'product design': 8, 'covers &amp; packaging': 11, 'virtuemart': 5, 'korean': 10, 'latex': 9, 'creative writing': 6, 'sharepoint': 2, 'simplified chinese (china)': 7, 'oracle': 7, 'telemarketing': 8, 'robotics': 10, 'xxx': 8, 'script install': 6, 'actionscript': 8, 'social networking': 9, 'ipad': 6, 'transcription': 12, 'drupal': 8, 'web search': 7, 'flyer design': 11, 'technical writing': 10, 'microcontroller': 12, 'voice talent': 6, 'database administration': 5, 'metatrader': 10, 'web hosting': 10, 'business cards': 6, '3d modelling': 16, 'python': 2, 'asp': 7, 'cms': 12, 'copy typing': 9, 'leads': 11, 'finance': 10, 'advertising': 8, 'reviews': 11, 'psd to html': 9, 'unix': 3, 'blog': 7, '3d rendering': 4, 'visual basic': 10, 'java': 8, 'xml': 11, 'virtual assistant': 8, 'photo editing': 9, 'windows desktop': 14, 'word': 8, 'magento': 11, 'apache': 6, 'software testing': 8, 'editing': 9, 'stationery design': 11, 'mathematics': 6, 'microsoft access': 6, 'greek': 14, 'shell script': 6, 'ghostwriting': 11, 'photoshop design': 9, 'youtube': 5, 'ebooks': 9, 'indesign': 7, 'accounting': 11, 'mechanical engineering': 8, 'video broadcasting': 11, 'anything goes': 11, 't-shirts': 5, 'asterisk pbx': 10, 'videography': 12, 'business plans': 7, 'prestashop': 8, 'c# programming': 9, 'jquery / prototype': 9, 'illustration': 11, 'linux': 6, 'academic writing': 12, 'php': 9, 'mysql': 8, 'html': 14, 'web scraping': 7, 'copywriting': 12, 'banner design': 7, 'facebook marketing': 6, 'graphic design': 11, 'css': 10, 'excel': 14, 'translation': 9, 'wordpress': 6, 'joomla': 6, 'javascript': 3, 'mobile phone': 9, 'android': 9, 'c programming': 5, 'illustrator': 0, 'logo design': 0, 'photoshop': 0, 'marketing': 0, 'business analysis': 0, 'research': 0, 'articles': 0, '3d animation': 0, 'data entry': 0, 'seo': 0, 'pdf': 0, 'website design': 0, 'iphone': 0, 'article rewriting': 0, 'proofreading': 0}, 'worke_cost': {'w0311': 20.0, 'w1108': 8.0, 'w1357': 12.0, 'w0737': 10.0, 'w0148': 20.0, 'w1592': 10.0, 'w0687': 10.0, 'w0952': 8.0, 'w0264': 12.0, 'w0724': 7.0, 'w0017': 35.0, 'w1364': 15.0, 'w0316': 10.0, 'w0752': 15.0, 'w0615': 12.0, 'w0220': 5.0, 'w1177': 10.0, 'w1265': 14.0, 'w1196': 10.0, 'w0159': 20.0}, 'n': 115, 'm': 20, 'solution': {'w0220', 'w1196'}, 'value': 35.0}"
Official_Experiment_ROI_dataset_11_instance_06_5_exec,"{'task_file': 'C:\\Users\\Konstantina\\Desktop\\HDrop20-master-thesis-experiments\\data\\data_files\\11_dataset_20_workers_100_tasks\\instance_06\\tasks.csv', 'worker_file': 'C:\\Users\\Konstantina\\Desktop\\HDrop20-master-thesis-experiments\\data\\data_files\\11_dataset_20_workers_100_tasks\\instance_06\\workers.csv', 'workers': {'w1672', 'w1245', 'w0727', 'w0438', 'w0585', 'w0236', 'w1165', 'w0779', 'w1306', 'w1222', 'w1028', 'w1510', 'w0962', 'w0158', 'w0142', 'w1366', 'w0112', 'w0239', 'w0423', 'w0540'}, 'workers_df':     cost  ... y_star_index
0   12.0  ...          1.0
1   20.0  ...          0.0
2   10.0  ...          0.0
3   20.0  ...          0.0
4    5.0  ...          0.0
5   15.0  ...          0.0
6   15.0  ...          0.0
7   10.0  ...          1.0
8    4.0  ...          0.0
9   15.0  ...          0.0
10  12.0  ...          0.0
11  18.0  ...          0.0
12  10.0  ...          0.0
13   7.0  ...          0.0
14  20.0  ...          0.0
15  15.0  ...          0.0
16   8.0  ...          0.0
17  20.0  ...          0.0
18  10.0  ...          0.0
19  15.0  ...          0.0

[20 rows x 5 columns], 'tasks_df':                        skill  skill_id  valuation  x_star_index
0                     oracle       106          9           0.0
1        user interface / ia       154         12           0.0
2              poster design       116         12           0.0
3                 virtuemart       159         10           0.0
4           creative writing        45          9           0.0
..                       ...       ...        ...           ...
119             web scraping         0          0           0.0
120              web hosting         0          0           0.0
121                      seo         0          0           0.0
122  database administration         0          0           0.0
123       project management         0          0           0.0

[124 rows x 4 columns], 'task_set': {'indesign', 'visual basic', 'after effects', 'electrical engineering', 'photo editing', 'java', 'swedish', 'asterisk pbx', 'web search', 'accounting', 'metatrader', 'forum posting', 'unix', 'blog', 'linux', 'book writing', 'pcb layout', 'robotics', 'creative writing', 'website management', 'database administration', 'research', '.net', 'finance', 'cms', 'copy typing', 'joomla', 'shell script', 'photoshop', 'psd to html', 'user interface / ia', 'web scraping', 'flyer design', 'iphone', 'article rewriting', 'academic writing', 'logo design', 'website design', 'illustrator', 'graphic design', 'mathematics', 'proofreading', 'poster design', 'link building', 'financial markets', 'microsoft access', 'software architecture', 'animation', 'powerpoint', 'ajax', '3d modelling', 'translation', 'c++ programming', 'microcontroller', 'magento', 'apache', 'mobile phone', 'data entry', 'bulk marketing', 'excel', 'css', 'sales', 'c programming', 'wordpress', 'customer support', 'product design', 'electronic forms', 'android', 'email marketing', 'mysql', 'classifieds posting', 'ruby on rails', 'javascript', 'oracle', 'autocad', 'windows desktop', 'covers &amp; packaging', 'anything goes', 'microsoft exchange', 'sql', 'business cards', 'virtual assistant', 'youtube', 'photoshop design', 'advertising', 'sem / adwords', 'internet marketing', 'project management', 'engineering', 'actionscript', 'mechanical engineering', 'c# programming', 'html', 'ipad', 'pdf', 'video services', 'virtuemart', 'php', 'perl', 'invitation design', 'latex', 'editing', 'flash', 'ghostwriting', 'social networking', 'word', 'banner design', 'business analysis', 'articles', 'web hosting', 'brochure design', 'videography', 'caricature &amp; cartoons', 'voice talent', 'business plans', 'embedded software', 'system admin', 'leads', 'arduino', 'concept design', 'seo', 'transcription', 'typography', 'illustration'}, 'worker_task_dict': {'w1366': ['articles', 'article rewriting', 'virtual assistant', 'ghostwriting', 'proofreading'], 'w0142': ['graphic design', 'photoshop', 'illustrator', 'logo design', 'illustration'], 'w0727': ['excel', 'finance', 'accounting', 'data entry'], 'w1165': ['php', 'wordpress', 'css', 'mysql', 'joomla'], 'w1510': ['translation', 'proofreading', 'blog'], 'w0236': ['website design', 'graphic design', 'html', 'photoshop', 'user interface / ia'], 'w1222': ['visual basic', '.net'], 'w0540': ['graphic design', 'photoshop', 'logo design', 'illustrator', 'flyer design'], 'w1672': ['classifieds posting', 'advertising', 'forum posting'], 'w0423': ['.net', 'c# programming', 'windows desktop', 'c++ programming', 'visual basic'], 'w0779': ['graphic design', 'website design', 'photoshop', 'illustrator', 'php'], 'w0112': ['php', 'wordpress', 'html', 'website design', 'graphic design'], 'w1306': ['java', 'software architecture', 'javascript', '.net', 'sql'], 'w0438': ['graphic design', 'logo design', 'photoshop'], 'w0158': ['graphic design', 'photoshop', 'illustrator', 'logo design', 'illustration'], 'w0962': ['logo design', 'graphic design', 'photoshop', 'illustrator', 'banner design'], 'w0239': ['php', 'website design', 'flash', 'html', 'graphic design'], 'w0585': ['web scraping', 'web hosting', 'seo', 'excel', 'magento'], 'w1245': ['php', 'html', 'wordpress', 'database administration', 'software architecture'], 'w1028': ['internet marketing', 'sem / adwords', 'project management', 'sales']}, 'task_val_dict': {'oracle': 9, 'user interface / ia': 12, 'poster design': 12, 'virtuemart': 10, 'creative writing': 9, 'latex': 12, 'invitation design': 12, 'ruby on rails': 13, 'arduino': 9, 'typography': 14, 'covers &amp; packaging': 4, 'embedded software': 12, 'microsoft exchange': 13, 'swedish': 13, 'robotics': 10, 'financial markets': 8, 'concept design': 10, 'customer support': 11, 'electronic forms': 11, 'product design': 11, 'transcription': 7, 'brochure design': 12, 'c++ programming': 7, 'photo editing': 11, 'cms': 9, 'psd to html': 9, 'sql': 5, 'copy typing': 15, 'social networking': 10, 'bulk marketing': 8, 'perl': 6, 'autocad': 7, 'after effects': 17, 'actionscript': 10, 'word': 15, 'ipad': 9, 'pdf': 9, 'powerpoint': 9, 'virtual assistant': 8, 'editing': 9, 'engineering': 7, 'business plans': 8, '3d modelling': 7, 'mechanical engineering': 14, 'electrical engineering': 10, 'blog': 17, 'visual basic': 13, 'sales': 10, 'microcontroller': 7, 'system admin': 8, 'metatrader': 2, 'photoshop design': 12, 'caricature &amp; cartoons': 12, 'book writing': 11, 'videography': 10, 'magento': 11, 'web search': 12, 'voice talent': 14, 'advertising': 11, 'youtube': 11, 'ghostwriting': 7, 'shell script': 6, 'website management': 9, 'mathematics': 8, 'asterisk pbx': 9, 'research': 7, 'proofreading': 7, 'email marketing': 9, 'ajax': 4, 'unix': 11, 'link building': 11, 'apache': 10, 'business cards': 13, 'business analysis': 11, 'leads': 8, 'anything goes': 9, 'sem / adwords': 7, 'indesign': 7, 'microsoft access': 14, 'pcb layout': 10, 'javascript': 6, 'android': 3, 'software architecture': 6, 'article rewriting': 11, 'illustrator': 14, 'html': 9, 'excel': 12, 'linux': 4, 'video services': 16, 'mobile phone': 7, 'joomla': 12, 'internet marketing': 10, 'animation': 10, 'illustration': 7, 'photoshop': 12, 'academic writing': 7, '.net': 8, 'iphone': 3, 'c programming': 8, 'logo design': 17, 'articles': 0, 'graphic design': 0, 'finance': 0, 'accounting': 0, 'data entry': 0, 'php': 0, 'wordpress': 0, 'css': 0, 'mysql': 0, 'translation': 0, 'website design': 0, 'flyer design': 0, 'classifieds posting': 0, 'forum posting': 0, 'c# programming': 0, 'windows desktop': 0, 'java': 0, 'banner design': 0, 'flash': 0, 'web scraping': 0, 'web hosting': 0, 'seo': 0, 'database administration': 0, 'project management': 0}, 'worke_cost': {'w1366': 12.0, 'w0142': 20.0, 'w0727': 10.0, 'w1165': 20.0, 'w1510': 5.0, 'w0236': 15.0, 'w1222': 15.0, 'w0540': 10.0, 'w1672': 4.0, 'w0423': 15.0, 'w0779': 12.0, 'w0112': 18.0, 'w1306': 10.0, 'w0438': 7.0, 'w0158': 20.0, 'w0962': 15.0, 'w0239': 8.0, 'w0585': 20.0, 'w1245': 10.0, 'w1028': 15.0}, 'n': 124, 'm': 20, 'solution': {'w1510', 'w0540'}, 'value': 52.0}"
Official_Experiment_ROI_dataset_11_instance_07_6_exec,"{'task_file': 'C:\\Users\\Konstantina\\Desktop\\HDrop20-master-thesis-experiments\\data\\data_files\\11_dataset_20_workers_100_tasks\\instance_07\\tasks.csv', 'worker_file': 'C:\\Users\\Konstantina\\Desktop\\HDrop20-master-thesis-experiments\\data\\data_files\\11_dataset_20_workers_100_tasks\\instance_07\\workers.csv', 'workers': {'w1103', 'w1358', 'w1314', 'w1737', 'w1462', 'w1296', 'w1329', 'w0667', 'w0708', 'w0608', 'w1313', 'w1399', 'w0718', 'w0957', 'w1094', 'w1477', 'w1221', 'w1015', 'w0485', 'w0176'}, 'workers_df':     cost  ... y_star_index
0   14.0  ...          0.0
1   20.0  ...          0.0
2    6.0  ...          0.0
3   15.0  ...          0.0
4   15.0  ...          0.0
5   25.0  ...          0.0
6   15.0  ...          1.0
7   12.0  ...          0.0
8   10.0  ...          0.0
9   10.0  ...          0.0
10  15.0  ...          0.0
11  15.0  ...          0.0
12  10.0  ...          0.0
13  10.0  ...          1.0
14   8.0  ...          0.0
15  20.0  ...          0.0
16  10.0  ...          0.0
17  10.0  ...          0.0
18  15.0  ...          0.0
19  15.0  ...          0.0

[20 rows x 5 columns], 'tasks_df':                 skill  skill_id  valuation  x_star_index
0             arduino        18         10           0.0
1      concept design        41         10           0.0
2    electronic forms        57          9           0.0
3              arabic        17          8           0.0
4             swedish       142          9           0.0
..                ...       ...        ...           ...
106   data processing         0          0           0.0
107   brochure design         0          0           0.0
108      3d rendering         0          0           0.0
109  academic writing         0          0           0.0
110        powerpoint         0          0           0.0

[111 rows x 4 columns], 'task_set': {'indesign', 'video broadcasting', 'visual basic', 'after effects', 'electrical engineering', 'photo editing', 'delphi', 'swedish', 'prestashop', '3ds max', 'forum posting', 'metatrader', 'jquery / prototype', 'blog', 'japanese', 'robotics', 'technical writing', 'electronics', 'creative writing', 'website management', 'database administration', 'xml', 'research', '.net', 'finance', 'copy typing', 'joomla', 'shell script', 'photoshop', 'psd to html', 'flyer design', 'article rewriting', 'data processing', 'academic writing', 'logo design', 'website design', 'graphic design', 'link building', 'microsoft access', 'financial markets', 'powerpoint', 'ajax', '3d modelling', 'c++ programming', 'magento', 'microcontroller', 'mobile phone', 'data entry', 'bulk marketing', 'excel', 'css', 'sales', 'korean', 'c programming', 'wordpress', 'game design', 'customer support', 'electronic forms', 'android', '3d rendering', 'algorithm', 'email marketing', 'mysql', 'classifieds posting', 'javascript', 'autocad', 'windows desktop', 'python', 'covers &amp; packaging', 'xxx', 'matlab &amp; mathematica', 'mac os', 'travel writing', 'bootstrap', 'sql', 'arabic', 'photoshop design', 'advertising', 'internet marketing', 'amazon web services', 'project management', 'engineering', 'mechanical engineering', 'actionscript', 'c# programming', 'html', 'ipad', 'pdf', 'statistics', 'video services', 'virtuemart', 'php', 'cad/cam', 'latex', 'spanish', 'editing', 'flash', 'ghostwriting', 'banner design', 'articles', 'brochure design', 'voice talent', 'music', 'business plans', 'software testing', 't-shirts', 'arduino', 'windows server', 'concept design', 'seo', 'typography'}, 'worker_task_dict': {'w0718': ['bootstrap', 'javascript', 'css'], 'w0176': ['website design', 'graphic design', 'articles', 'html', 'php'], 'w1015': ['3d modelling', 'photoshop', '3ds max'], 'w1477': ['articles', 'blog', 'article rewriting', 'ghostwriting'], 'w0608': ['wordpress', 'css', 'php', 'html', 'website design'], 'w1737': ['engineering', 'windows desktop', 'visual basic', '.net', 'excel'], 'w1296': ['javascript', 'jquery / prototype', 'php', 'html'], 'w0485': ['seo', 'internet marketing', 'wordpress', 'website design'], 'w1399': ['mysql', 'database administration'], 'w1221': ['data processing', 'data entry', 'excel'], 'w0957': ['graphic design', 'logo design', 'css', 'brochure design'], 'w0667': ['wordpress', 'php', 'internet marketing', 'css', 'html'], 'w1094': ['3ds max', '3d rendering', 'autocad'], 'w1329': ['seo', 'link building', 'internet marketing', 'data entry'], 'w1314': ['data entry', 'research'], 'w1462': ['html', 'php', 'mysql', 'internet marketing', 'website design'], 'w1103': ['mobile phone', 'android'], 'w1358': ['email marketing', 'bulk marketing'], 'w0708': ['academic writing', 'powerpoint', 'project management', 'data entry', 'articles'], 'w1313': ['photoshop', 'photo editing', 'photoshop design', '3d modelling']}, 'task_val_dict': {'arduino': 10, 'concept design': 10, 'electronic forms': 9, 'arabic': 8, 'swedish': 9, 'travel writing': 4, 'korean': 1, 'covers &amp; packaging': 13, 'creative writing': 9, 'financial markets': 4, 'typography': 6, 'robotics': 15, 'latex': 5, 'bootstrap': 13, 'forum posting': 7, 'xxx': 13, 'japanese': 10, 'amazon web services': 10, 'virtuemart': 7, 'customer support': 11, 'classifieds posting': 9, 'mac os': 11, 'link building': 7, 'algorithm': 10, 'pdf': 7, 'autocad': 3, 'windows server': 7, 'statistics': 8, 'jquery / prototype': 11, 'indesign': 12, 'c# programming': 9, 'c++ programming': 7, 'sql': 9, 'flyer design': 7, 'website management': 9, 'technical writing': 4, 'electronics': 6, 'shell script': 11, 'magento': 7, 'business plans': 6, 'electrical engineering': 10, '3ds max': 8, 'photoshop design': 7, 'bulk marketing': 8, 'blog': 15, 'database administration': 7, 'delphi': 10, 'microcontroller': 8, 'email marketing': 6, 'ipad': 5, 'flash': 7, 'microsoft access': 9, 'photo editing': 6, 'metatrader': 9, 'prestashop': 9, 'software testing': 6, 'ajax': 1, 'mechanical engineering': 13, 'voice talent': 14, 'engineering': 11, 'music': 7, 't-shirts': 11, 'project management': 5, 'video broadcasting': 6, 'copy typing': 7, 'editing': 11, 'game design': 9, 'python': 8, 'sales': 7, 'spanish': 8, 'research': 5, 'xml': 2, 'advertising': 14, 'matlab &amp; mathematica': 10, 'psd to html': 5, 'cad/cam': 10, 'windows desktop': 8, 'after effects': 12, 'finance': 8, 'actionscript': 8, 'c programming': 3, '.net': 8, 'articles': 6, 'seo': 11, 'excel': 9, 'graphic design': 6, 'mobile phone': 7, 'banner design': 8, 'website design': 7, 'android': 11, 'article rewriting': 8, 'video services': 11, 'php': 5, 'joomla': 10, 'data entry': 8, 'internet marketing': 6, 'html': 10, 'javascript': 8, 'css': 5, 'logo design': 8, '3d modelling': 0, 'photoshop': 0, 'ghostwriting': 0, 'wordpress': 0, 'visual basic': 0, 'mysql': 0, 'data processing': 0, 'brochure design': 0, '3d rendering': 0, 'academic writing': 0, 'powerpoint': 0}, 'worke_cost': {'w0718': 14.0, 'w0176': 20.0, 'w1015': 6.0, 'w1477': 15.0, 'w0608': 15.0, 'w1737': 25.0, 'w1296': 15.0, 'w0485': 12.0, 'w1399': 10.0, 'w1221': 10.0, 'w0957': 15.0, 'w0667': 15.0, 'w1094': 10.0, 'w1329': 10.0, 'w1314': 8.0, 'w1462': 20.0, 'w1103': 10.0, 'w1358': 10.0, 'w0708': 15.0, 'w1313': 15.0}, 'n': 111, 'm': 20, 'solution': {'w1296', 'w1329'}, 'value': 41.0}"
Official_Experiment_ROI_dataset_11_instance_08_7_exec,"{'task_file': 'C:\\Users\\Konstantina\\Desktop\\HDrop20-master-thesis-experiments\\data\\data_files\\11_dataset_20_workers_100_tasks\\instance_08\\tasks.csv', 'worker_file': 'C:\\Users\\Konstantina\\Desktop\\HDrop20-master-thesis-experiments\\data\\data_files\\11_dataset_20_workers_100_tasks\\instance_08\\workers.csv', 'workers': {'w0979', 'w0028', 'w1591', 'w0503', 'w0774', 'w0695', 'w0898', 'w1324', 'w1122', 'w1165', 'w1201', 'w1205', 'w0011', 'w0484', 'w1731', 'w0270', 'w1477', 'w1561', 'w0059', 'w0814'}, 'workers_df':     cost  ... y_star_index
0   15.0  ...          0.0
1   20.0  ...          0.0
2    6.0  ...          0.0
3   20.0  ...          0.0
4    8.0  ...          0.0
5   12.0  ...          0.0
6    5.0  ...          1.0
7   12.0  ...          0.0
8   25.0  ...          0.0
9   11.0  ...          0.0
10  11.0  ...          0.0
11  10.0  ...          0.0
12  10.0  ...          1.0
13  11.0  ...          0.0
14  10.0  ...          0.0
15   2.0  ...          0.0
16   5.0  ...          0.0
17  45.0  ...          0.0
18   8.0  ...          0.0
19  10.0  ...          0.0

[20 rows x 5 columns], 'tasks_df':                 skill  skill_id  valuation  x_star_index
0       ruby on rails       127         12           0.0
1    customer support        47          5           0.0
2              oracle       106          9           0.0
3    creative writing        45         11           0.0
4             arduino        18          9           0.0
..                ...       ...        ...           ...
105             linux         0          0           0.0
106             excel         0          0           0.0
107         photoshop         0          0           0.0
108     banner design         0          0           0.0
109       logo design         0          0           0.0

[110 rows x 4 columns], 'task_set': {'video broadcasting', 'after effects', 'photo editing', 'delphi', 'prestashop', 'asterisk pbx', 'web search', '3ds max', 'metatrader', 'unix', 'jquery / prototype', 'blog', 'linux', 'book writing', 'pcb layout', 'electronics', 'creative writing', 'xml', 'database administration', '.net', 'finance', 'stationery design', 'copy typing', 'joomla', 'shell script', 'photoshop', 'user interface / ia', 'web scraping', 'iphone', 'article rewriting', 'data processing', 'logo design', 'voip', 'website design', 'illustrator', 'graphic design', 'mathematics', 'proofreading', 'link building', 'software architecture', 'ajax', 'translation', 'microcontroller', 'magento', 'facebook marketing', 'data entry', 'bulk marketing', 'css', 'excel', 'sharepoint', 'marketing', 'audio services', 'wordpress', 'c programming', 'game design', 'customer support', 'product design', '3d rendering', 'algorithm', 'telemarketing', 'drupal', '3d animation', 'email marketing', 'mysql', 'classifieds posting', 'ruby on rails', 'oracle', 'windows desktop', 'python', 'xxx', 'anything goes', 'microsoft exchange', 'mac os', 'polish', 'bootstrap', 'sql', 'arabic', 'advertising', 'internet marketing', 'amazon web services', 'actionscript', 'html', 'pdf', 'statistics', 'virtuemart', 'php', 'perl', 'invitation design', 'ecommerce', 'latex', 'spanish', 'asp', 'flash', 'ghostwriting', 'banner design', 'business analysis', 'articles', 'web hosting', 'brochure design', 'videography', 'voice talent', 'music', 'embedded software', 'software testing', 'arduino', 'greek', 'seo', 'transcription', 'typography', 'illustration'}, 'worker_task_dict': {'w1477': ['articles', 'blog', 'article rewriting', 'ghostwriting'], 'w1165': ['php', 'wordpress', 'css', 'mysql', 'joomla'], 'w0011': ['link building', 'seo', 'internet marketing', 'marketing', 'advertising'], 'w0695': ['magento', 'website design', 'html', 'css', 'ecommerce'], 'w1205': ['php', 'html', 'wordpress', 'linux', 'seo'], 'w0774': ['php', 'html', 'ecommerce', 'graphic design', 'mysql'], 'w0484': ['data entry', 'excel', 'data processing', 'copy typing', 'web scraping'], 'w0979': ['graphic design', 'photoshop', 'illustrator', 'banner design', 'brochure design'], 'w0028': ['magento', 'php', 'website design', 'html', 'flash'], 'w1122': ['html', 'php', 'mysql', 'wordpress'], 'w1561': ['data entry', 'data processing', 'excel'], 'w0503': ['data entry', 'web search', 'excel', 'data processing', 'web scraping'], 'w1201': ['php', 'html', 'css', 'wordpress', 'website design'], 'w0898': ['joomla', 'css', 'html'], 'w0059': ['logo design', 'graphic design', 'photoshop', 'website design', 'banner design'], 'w1731': ['anything goes', 'data entry', 'graphic design', 'php', 'website design'], 'w1591': ['data entry', 'website design', 'graphic design', 'php', 'logo design'], 'w0270': ['html', 'website design', 'php', 'joomla', 'mysql'], 'w1324': ['logo design', 'graphic design', 'photoshop', 'illustration', 'website design'], 'w0814': ['translation', 'spanish', 'pdf']}, 'task_val_dict': {'ruby on rails': 12, 'customer support': 5, 'oracle': 9, 'creative writing': 11, 'arduino': 9, 'invitation design': 7, 'xxx': 6, 'bootstrap': 11, 'microsoft exchange': 9, 'typography': 12, 'user interface / ia': 8, 'product design': 8, 'arabic': 13, 'sharepoint': 8, 'telemarketing': 8, 'latex': 13, 'polish': 14, 'virtuemart': 8, 'embedded software': 10, 'amazon web services': 4, 'classifieds posting': 9, 'copy typing': 11, 'brochure design': 8, 'software testing': 7, 'ajax': 4, 'voip': 8, 'prestashop': 12, 'marketing': 8, 'xml': 4, 'mac os': 6, 'shell script': 12, 'stationery design': 5, 'web hosting': 6, 'windows desktop': 5, 'ecommerce': 6, '3d rendering': 5, 'videography': 8, 'pdf': 12, 'bulk marketing': 4, '3d animation': 10, 'drupal': 9, 'flash': 8, 'anything goes': 5, 'proofreading': 5, 'game design': 9, '3ds max': 9, 'delphi': 10, 'asp': 12, 'web search': 10, 'electronics': 6, 'audio services': 5, 'after effects': 5, 'business analysis': 9, 'statistics': 11, 'book writing': 5, 'video broadcasting': 4, 'mathematics': 6, 'python': 5, 'spanish': 5, 'sql': 9, 'transcription': 8, 'microcontroller': 10, 'perl': 11, 'algorithm': 10, 'metatrader': 7, 'database administration': 9, 'pcb layout': 8, 'magento': 6, 'finance': 5, 'blog': 9, 'music': 5, 'photo editing': 8, 'actionscript': 7, 'unix': 7, 'email marketing': 9, 'jquery / prototype': 11, 'asterisk pbx': 6, 'ghostwriting': 10, 'greek': 13, 'voice talent': 4, 'illustration': 12, 'css': 9, 'wordpress': 10, 'facebook marketing': 9, 'php': 8, 'internet marketing': 11, 'illustrator': 9, 'software architecture': 8, 'c programming': 3, 'website design': 12, 'web scraping': 9, 'data processing': 8, 'html': 14, 'article rewriting': 11, 'iphone': 6, 'data entry': 8, 'translation': 10, '.net': 8, 'mysql': 5, 'graphic design': 10, 'articles': 0, 'joomla': 0, 'link building': 0, 'seo': 0, 'advertising': 0, 'linux': 0, 'excel': 0, 'photoshop': 0, 'banner design': 0, 'logo design': 0}, 'worke_cost': {'w1477': 15.0, 'w1165': 20.0, 'w0011': 6.0, 'w0695': 20.0, 'w1205': 8.0, 'w0774': 12.0, 'w0484': 5.0, 'w0979': 12.0, 'w0028': 25.0, 'w1122': 11.0, 'w1561': 11.0, 'w0503': 10.0, 'w1201': 10.0, 'w0898': 11.0, 'w0059': 10.0, 'w1731': 2.0, 'w1591': 5.0, 'w0270': 45.0, 'w1324': 8.0, 'w0814': 10.0}, 'n': 110, 'm': 20, 'solution': {'w0484', 'w1731'}, 'value': 64.0}"
Official_Experiment_ROI_dataset_11_instance_09_8_exec,"{'task_file': 'C:\\Users\\Konstantina\\Desktop\\HDrop20-master-thesis-experiments\\data\\data_files\\11_dataset_20_workers_100_tasks\\instance_09\\tasks.csv', 'worker_file': 'C:\\Users\\Konstantina\\Desktop\\HDrop20-master-thesis-experiments\\data\\data_files\\11_dataset_20_workers_100_tasks\\instance_09\\workers.csv', 'workers': {'w0654', 'w1518', 'w1483', 'w0974', 'w0690', 'w1160', 'w1191', 'w1625', 'w1003', 'w0922', 'w0446', 'w0242', 'w1621', 'w0048', 'w0399', 'w1099', 'w1730', 'w0631', 'w1046', 'w0677'}, 'workers_df':     cost  ... y_star_index
0   20.0  ...          0.0
1    8.0  ...          0.0
2   12.0  ...          0.0
3    8.0  ...          0.0
4   14.0  ...          0.0
5   31.0  ...          0.0
6   20.0  ...          0.0
7   18.0  ...          0.0
8   10.0  ...          0.0
9    5.0  ...          0.0
10   5.0  ...          0.0
11  25.0  ...          0.0
12   7.0  ...          1.0
13  35.0  ...          0.0
14  15.0  ...          0.0
15  25.0  ...          0.0
16  15.0  ...          0.0
17  20.0  ...          0.0
18   5.0  ...          0.0
19  12.0  ...          1.0

[20 rows x 5 columns], 'tasks_df':                  skill  skill_id  valuation  x_star_index
0           virtuemart       159         12           0.0
1        forum posting        68          8           0.0
2    invitation design        79         10           0.0
3        ruby on rails       127          9           0.0
4               arabic        17          8           0.0
..                 ...       ...        ...           ...
116     audio services         0          0           0.0
117          animation         0          0           0.0
118       visual basic         0          0           0.0
119       web scraping         0          0           0.0
120          wordpress         0          0           0.0

[121 rows x 4 columns], 'task_set': {'indesign', 'visual basic', 'photo editing', 'java', 'delphi', 'swedish', 'asterisk pbx', 'forum posting', 'unix', 'blog', 'linux', 'japanese', 'book writing', 'pcb layout', 'electronics', 'database administration', 'research', '.net', 'finance', 'joomla', 'shell script', 'photoshop', 'user interface / ia', 'web scraping', 'flyer design', 'iphone', 'article rewriting', 'academic writing', 'data processing', 'german', 'logo design', 'website design', 'illustrator', 'graphic design', 'mathematics', 'link building', 'proofreading', 'animation', 'powerpoint', 'ajax', '3d modelling', 'magento', 'microcontroller', 'apache', 'mobile phone', 'data entry', 'facebook marketing', 'bulk marketing', 'css', 'excel', 'korean', 'marketing', 'c programming', 'audio services', 'wordpress', 'game design', 'customer support', 'product design', 'electronic forms', 'algorithm', 'telemarketing', '3d animation', 'mysql', 'classifieds posting', 'ruby on rails', 'javascript', 'windows desktop', 'autocad', 'photography', 'python', 'anything goes', 'script install', 'mac os', 'travel writing', 'business cards', 'arabic', 'virtual assistant', 'youtube', 'advertising', 'internet marketing', 'project management', 'engineering', 'mechanical engineering', 'c# programming', 'html', 'ipad', 'pdf', 'video services', 'virtuemart', 'php', 'perl', 'cad/cam', 'invitation design', 'ecommerce', 'latex', 'spanish', 'asp', 'flash', 'social networking', 'word', 'banner design', 'articles', 'brochure design', 'videography', 'caricature &amp; cartoons', 'unity 3d', 'voice talent', 'music', 'business plans', 'embedded software', 'system admin', 'software testing', 'arduino', 'windows server', 'greek', 'seo', 'reviews', 'copywriting', 'typography', 'ebooks', 'illustration'}, 'worker_task_dict': {'w0631': ['website design', 'graphic design', 'html', 'php', 'seo'], 'w0048': ['link building', 'seo', 'internet marketing', 'marketing', 'copywriting'], 'w1191': ['linux', 'apache', 'system admin'], 'w1483': ['graphic design', 'logo design', 'illustrator', 'illustration', 'flyer design'], 'w1518': ['php', 'project management', 'windows desktop'], 'w1621': ['c programming', 'engineering', 'c# programming', 'windows desktop', 'data processing'], 'w1625': ['academic writing', 'proofreading', 'travel writing', 'article rewriting', 'articles'], 'w0677': ['php', 'javascript', 'java', 'graphic design', 'mysql'], 'w1730': ['data entry', 'excel', 'data processing'], 'w1160': ['graphic design', 'illustration'], 'w1099': ['youtube', 'powerpoint', 'graphic design', 'photoshop', 'game design'], 'w0654': ['logo design', 'illustration', 'caricature &amp; cartoons', 'css', 'graphic design'], 'w0242': ['facebook marketing', 'youtube', 'social networking', 'internet marketing', 'seo'], 'w0974': ['voice talent', 'video services', 'audio services', 'videography', 'music'], 'w1003': ['graphic design', '3d modelling', '3d animation', 'animation'], 'w0399': ['excel', 'php', 'visual basic', 'css', 'web scraping'], 'w0446': ['php', 'html', 'mysql', 'javascript', 'website design'], 'w0922': ['php', 'mysql', 'website design', 'flash', 'asp'], 'w1046': ['wordpress', 'php', 'website design'], 'w0690': ['graphic design', 'photoshop', 'logo design', 'caricature &amp; cartoons', 'photo editing']}, 'task_val_dict': {'virtuemart': 12, 'forum posting': 8, 'invitation design': 10, 'ruby on rails': 9, 'arabic': 8, 'arduino': 6, 'customer support': 14, 'swedish': 11, 'embedded software': 10, 'product design': 7, 'japanese': 6, 'telemarketing': 8, 'typography': 16, 'latex': 9, 'travel writing': 9, 'user interface / ia': 11, 'german': 8, 'korean': 7, 'electronic forms': 7, 'unity 3d': 12, 'reviews': 11, 'cad/cam': 10, 'system admin': 15, 'social networking': 6, 'word': 11, 'advertising': 7, 'photo editing': 10, 'algorithm': 6, 'ebooks': 12, 'caricature &amp; cartoons': 7, 'book writing': 7, 'python': 11, 'mac os': 7, 'windows desktop': 7, 'music': 3, 'electronics': 8, 'finance': 15, 'asterisk pbx': 9, 'script install': 9, 'delphi': 5, 'ecommerce': 9, 'game design': 12, 'flash': 12, 'link building': 5, 'shell script': 5, 'autocad': 10, 'classifieds posting': 15, 'spanish': 7, '3d modelling': 12, 'ajax': 8, 'asp': 3, 'windows server': 10, 'software testing': 9, 'proofreading': 14, 'research': 11, 'indesign': 12, 'virtual assistant': 13, 'brochure design': 12, '3d animation': 13, 'business plans': 15, 'mechanical engineering': 6, 'perl': 7, 'pdf': 8, 'magento': 13, 'videography': 11, 'microcontroller': 11, 'mathematics': 13, 'c# programming': 14, 'blog': 7, 'ipad': 9, 'business cards': 9, 'unix': 9, 'pcb layout': 11, 'database administration': 11, 'anything goes': 9, 'photography': 5, 'voice talent': 10, 'apache': 10, 'bulk marketing': 4, 'greek': 8, 'video services': 14, 'internet marketing': 9, 'mobile phone': 9, 'iphone': 11, 'photoshop': 8, 'mysql': 9, 'css': 7, '.net': 10, 'c programming': 12, 'banner design': 10, 'html': 8, 'academic writing': 6, 'logo design': 11, 'excel': 15, 'seo': 14, 'data processing': 12, 'joomla': 6, 'php': 8, 'javascript': 6, 'illustration': 9, 'website design': 0, 'graphic design': 0, 'marketing': 0, 'copywriting': 0, 'linux': 0, 'illustrator': 0, 'flyer design': 0, 'project management': 0, 'engineering': 0, 'article rewriting': 0, 'articles': 0, 'java': 0, 'data entry': 0, 'youtube': 0, 'powerpoint': 0, 'facebook marketing': 0, 'audio services': 0, 'animation': 0, 'visual basic': 0, 'web scraping': 0, 'wordpress': 0}, 'worke_cost': {'w0631': 20.0, 'w0048': 8.0, 'w1191': 12.0, 'w1483': 8.0, 'w1518': 14.0, 'w1621': 31.0, 'w1625': 20.0, 'w0677': 18.0, 'w1730': 10.0, 'w1160': 5.0, 'w1099': 5.0, 'w0654': 25.0, 'w0242': 7.0, 'w0974': 35.0, 'w1003': 15.0, 'w0399': 25.0, 'w0446': 15.0, 'w0922': 20.0, 'w1046': 5.0, 'w0690': 12.0}, 'n': 121, 'm': 20, 'solution': {'w1099', 'w0242'}, 'value': 37.0}"
Official_Experiment_ROI_dataset_11_instance_10_9_exec,"{'task_file': 'C:\\Users\\Konstantina\\Desktop\\HDrop20-master-thesis-experiments\\data\\data_files\\11_dataset_20_workers_100_tasks\\instance_10\\tasks.csv', 'worker_file': 'C:\\Users\\Konstantina\\Desktop\\HDrop20-master-thesis-experiments\\data\\data_files\\11_dataset_20_workers_100_tasks\\instance_10\\workers.csv', 'workers': {'w1570', 'w1041', 'w1549', 'w0707', 'w0286', 'w0805', 'w0200', 'w0048', 'w0295', 'w1399', 'w0447', 'w0380', 'w1633', 'w1015', 'w0943', 'w1086', 'w0891', 'w0257', 'w1585', 'w0504'}, 'workers_df':     cost  ... y_star_index
0    7.0  ...          0.0
1   10.0  ...          0.0
2   30.0  ...          0.0
3   10.0  ...          0.0
4    8.0  ...          0.0
5   11.0  ...          0.0
6    3.0  ...          0.0
7   12.0  ...          0.0
8   20.0  ...          0.0
9    8.0  ...          0.0
10   6.0  ...          0.0
11   8.0  ...          0.0
12  10.0  ...          1.0
13  20.0  ...          0.0
14  15.0  ...          0.0
15  30.0  ...          0.0
16  10.0  ...          0.0
17  10.0  ...          0.0
18   2.0  ...          1.0
19  10.0  ...          0.0

[20 rows x 5 columns], 'tasks_df':                   skill  skill_id  valuation  x_star_index
0      customer support        47          7           0.0
1                korean        87         10           0.0
2     embedded software        60          6           0.0
3                   xxx       173          9           0.0
4            sharepoint       132          7           0.0
..                  ...       ...        ...           ...
115  website management         0          0           0.0
116              iphone         0          0           0.0
117             spanish         0          0           0.0
118        proofreading         0          0           0.0
119        ghostwriting         0          0           0.0

[120 rows x 4 columns], 'task_set': {'electrical engineering', 'photo editing', 'delphi', 'swedish', 'prestashop', 'web search', '3ds max', 'metatrader', 'unix', 'blog', 'linux', 'japanese', 'book writing', 'technical writing', 'creative writing', 'xml', 'database administration', 'website management', 'research', '.net', 'finance', 'cms', 'stationery design', 'shell script', 'photoshop', 'psd to html', 'user interface / ia', 'web scraping', 'flyer design', 'iphone', 'article rewriting', 'data processing', 'academic writing', 'logo design', 'website design', 'illustrator', 'graphic design', 'mathematics', 'link building', 'poster design', 'microsoft access', 'financial markets', 'software architecture', 'proofreading', 'animation', 'powerpoint', 'ajax', 'translation', '3d modelling', 'magento', 'apache', 'facebook marketing', 'data entry', 'excel', 'css', 'sharepoint', 'sales', 'korean', 'marketing', 'wordpress', 'customer support', 'product design', 'electronic forms', 'android', 'telemarketing', '3d animation', 'mysql', 'classifieds posting', 'ruby on rails', 'javascript', 'autocad', 'photography', 'python', 'covers &amp; packaging', 'xxx', 'matlab &amp; mathematica', 'anything goes', 'script install', 'mac os', 'polish', 'travel writing', 'sql', 'business cards', 'virtual assistant', 'youtube', 'photoshop design', 'advertising', 'sem / adwords', 'internet marketing', 'amazon web services', 'c# programming', 'html', 'pdf', 'statistics', 'video services', 'php', 'perl', 'cad/cam', 'ecommerce', 'spanish', 'editing', 'flash', 'ghostwriting', 'word', 'business analysis', 'articles', 'brochure design', 'videography', 'caricature &amp; cartoons', 'voice talent', 'embedded software', 'system admin', 'software testing', 't-shirts', 'arduino', 'greek', 'seo', 'copywriting', 'ebooks', 'illustration'}, 'worker_task_dict': {'w0707': ['illustration', 'photoshop design'], 'w1399': ['mysql', 'database administration'], 'w0295': ['linux', 'system admin', 'php', 'mysql', 'apache'], 'w0943': ['illustration', 'graphic design', 'animation', 'photoshop', 'illustrator'], 'w0257': ['prestashop', 'php', 'html', 'website design', 'css'], 'w0200': ['article rewriting', 'articles', 'copywriting', 'blog', 'academic writing'], 'w0805': ['logo design', 'photoshop', 'illustrator', 'photoshop design', 'excel'], 'w1549': ['php', 'link building', 'linux', 'ajax'], 'w1041': ['mysql', 'php', 'linux', 'system admin'], 'w1585': ['video services', 'videography'], 'w1015': ['3d modelling', 'photoshop', '3ds max'], 'w0048': ['link building', 'seo', 'internet marketing', 'marketing', 'copywriting'], 'w0447': ['php', 'mysql', 'html', 'ajax', 'ecommerce'], 'w1633': ['wordpress', 'ecommerce', 'xml', 'website design', 'javascript'], 'w1570': ['flash', 'website management', 'photoshop', 'xml', 'css'], 'w0380': ['php', 'mysql', 'android', 'html', 'iphone'], 'w0286': ['translation', 'spanish', 'proofreading', 'technical writing', 'editing'], 'w0504': ['academic writing', 'article rewriting', 'technical writing', 'research', 'ghostwriting'], 'w1086': ['css', 'website design', 'html', 'wordpress', 'php'], 'w0891': ['electronic forms']}, 'task_val_dict': {'customer support': 7, 'korean': 10, 'embedded software': 6, 'xxx': 9, 'sharepoint': 7, 'poster design': 5, 'product design': 11, 'covers &amp; packaging': 11, 'ruby on rails': 7, 'creative writing': 10, 'polish': 8, 'financial markets': 12, 'arduino': 5, 'japanese': 12, 'swedish': 9, 'user interface / ia': 9, 'electronic forms': 11, 'amazon web services': 13, 'telemarketing': 8, 'travel writing': 3, 't-shirts': 11, 'autocad': 13, 'script install': 11, 'apache': 12, 'cms': 10, 'pdf': 7, 'research': 11, 'python': 5, 'metatrader': 12, 'videography': 15, 'xml': 11, 'youtube': 6, 'flyer design': 15, 'greek': 8, 'sql': 13, 'web search': 8, 'classifieds posting': 14, 'database administration': 8, 'prestashop': 7, 'magento': 9, 'business cards': 8, 'blog': 9, 'ajax': 15, 'sales': 14, 'brochure design': 2, 'finance': 6, 'photoshop design': 5, 'system admin': 15, 'perl': 10, 'advertising': 9, 'sem / adwords': 10, 'statistics': 11, 'business analysis': 10, 'delphi': 3, 'virtual assistant': 7, 'cad/cam': 8, 'technical writing': 7, 'link building': 10, 'psd to html': 13, 'voice talent': 16, 'shell script': 11, 'microsoft access': 8, 'mac os': 9, 'editing': 11, 'software testing': 10, 'matlab &amp; mathematica': 10, 'electrical engineering': 6, 'photo editing': 9, '3d animation': 10, 'mathematics': 9, 'photography': 7, 'word': 9, 'anything goes': 10, 'ebooks': 11, 'unix': 9, 'stationery design': 12, 'caricature &amp; cartoons': 5, 'book writing': 4, 'c# programming': 13, 'powerpoint': 5, 'illustration': 10, 'animation': 5, 'javascript': 10, 'data processing': 11, 'facebook marketing': 12, 'php': 7, 'article rewriting': 6, 'excel': 11, 'software architecture': 13, 'android': 10, 'website design': 8, 'copywriting': 8, 'wordpress': 4, 'translation': 12, 'mysql': 15, 'css': 10, 'photoshop': 7, 'data entry': 9, '.net': 6, 'web scraping': 6, 'linux': 0, 'graphic design': 0, 'illustrator': 0, 'html': 0, 'articles': 0, 'academic writing': 0, 'logo design': 0, 'video services': 0, '3d modelling': 0, '3ds max': 0, 'seo': 0, 'internet marketing': 0, 'marketing': 0, 'ecommerce': 0, 'flash': 0, 'website management': 0, 'iphone': 0, 'spanish': 0, 'proofreading': 0, 'ghostwriting': 0}, 'worke_cost': {'w0707': 7.0, 'w1399': 10.0, 'w0295': 30.0, 'w0943': 10.0, 'w0257': 8.0, 'w0200': 11.0, 'w0805': 3.0, 'w1549': 12.0, 'w1041': 20.0, 'w1585': 8.0, 'w1015': 6.0, 'w0048': 8.0, 'w0447': 10.0, 'w1633': 20.0, 'w1570': 15.0, 'w0380': 30.0, 'w0286': 10.0, 'w0504': 10.0, 'w1086': 2.0, 'w0891': 10.0}, 'n': 120, 'm': 20, 'solution': {'w1086', 'w0805'}, 'value': 47.0}"
