Official_Experiment_dgreedy_dataset_03_instance_01_0_exec,"{'task_file': 'C:\\Users\\Konstantina\\Desktop\\HDrop20-master-thesis-experiments\\data\\data_files\\03_dataset_10_workers_10_tasks\\instance_01\\tasks.csv', 'worker_file': 'C:\\Users\\Konstantina\\Desktop\\HDrop20-master-thesis-experiments\\data\\data_files\\03_dataset_10_workers_10_tasks\\instance_01\\workers.csv', 'workers': {'w01', 'w05', 'w09', 'w07', 'w04', 'w00', 'w06', 'w08', 'w02', 'w03'}, 'workers_df':         cost           skills  user_id user_name  y_star_index
0   2.345371  [t01, t06, t07]        0       w00           1.0
1   7.682982  [t00, t07, t02]        1       w01           1.0
2   4.846840       [t01, t04]        2       w02           1.0
3   9.914097       [t00, t03]        3       w03           0.0
4   6.745414       [t01, t05]        4       w04           1.0
5  23.209214       [t00, t06]        5       w05           0.0
6  10.032462            [t01]        6       w06           0.0
7  14.367367  [t00, t02, t07]        7       w07           0.0
8  20.596931       [t01, t02]        8       w08           0.0
9  25.667724       [t00, t04]        9       w09           0.0, 'tasks_df':   skill  skill_id  valuation  x_star_index
0   t00         0  15.351740           1.0
1   t01         1   4.570091           1.0
2   t02         2  16.577037           1.0
3   t03         3   3.774775           0.0
4   t04         4  13.498614           1.0
5   t05         5  14.557943           1.0
6   t06         6   7.532522           1.0
7   t07         7   9.046950           1.0
8   t08         8  19.343265           0.0
9   t09         9   4.921484           0.0, 'task_set': {'t06', 't08', 't02', 't09', 't01', 't00', 't03', 't07', 't05', 't04'}, 'worker_task_dict': {'w00': ['t01', 't06', 't07'], 'w01': ['t00', 't07', 't02'], 'w02': ['t01', 't04'], 'w03': ['t00', 't03'], 'w04': ['t01', 't05'], 'w05': ['t00', 't06'], 'w06': ['t01'], 'w07': ['t00', 't02', 't07'], 'w08': ['t01', 't02'], 'w09': ['t00', 't04']}, 'task_val_dict': {'t00': 15.351740111396156, 't01': 4.5700909018669735, 't02': 16.577036659248634, 't03': 3.774775223096327, 't04': 13.498614368758727, 't05': 14.557943414121228, 't06': 7.5325221414201025, 't07': 9.046949743120699, 't08': 19.343264546910948, 't09': 4.921483590527952}, 'worke_cost': {'w00': 2.345371053731585, 'w01': 7.682982285404524, 'w02': 4.84683996204551, 'w03': 9.914096798841618, 'w04': 6.745413709997108, 'w05': 23.209213869459816, 'w06': 10.032461864022624, 'w07': 14.367366741938524, 'w08': 20.59693072061445, 'w09': 25.667723963828553}, 'n': 10, 'm': 10, 'solution': {'w04', 'w00', 'w01', 'w02'}, 'value': 59.51429032875377}"
Official_Experiment_dgreedy_dataset_03_instance_02_1_exec,"{'task_file': 'C:\\Users\\Konstantina\\Desktop\\HDrop20-master-thesis-experiments\\data\\data_files\\03_dataset_10_workers_10_tasks\\instance_02\\tasks.csv', 'worker_file': 'C:\\Users\\Konstantina\\Desktop\\HDrop20-master-thesis-experiments\\data\\data_files\\03_dataset_10_workers_10_tasks\\instance_02\\workers.csv', 'workers': {'w01', 'w05', 'w09', 'w07', 'w04', 'w00', 'w06', 'w08', 'w02', 'w03'}, 'workers_df':         cost           skills  user_id user_name  y_star_index
0   8.277886       [t01, t06]        0       w00           1.0
1   6.262065            [t00]        1       w01           0.0
2   2.316166  [t01, t07, t02]        2       w02           1.0
3   8.860282  [t00, t02, t04]        3       w03           0.0
4   7.702724  [t01, t04, t03]        4       w04           1.0
5   6.372744       [t00, t05]        5       w05           1.0
6  12.551262  [t01, t03, t06]        6       w06           0.0
7  13.964273       [t00, t07]        7       w07           0.0
8  31.532212       [t01, t02]        8       w08           0.0
9  20.960702       [t00, t04]        9       w09           0.0, 'tasks_df':   skill  skill_id  valuation  x_star_index
0   t00         0   5.805911           1.0
1   t01         1   3.882831           1.0
2   t02         2  13.193125           1.0
3   t03         3   2.623147           1.0
4   t04         4  18.647844           1.0
5   t05         5   9.279137           1.0
6   t06         6  13.558175           1.0
7   t07         7   7.715272           1.0
8   t08         8   8.139707           0.0
9   t09         9  18.564354           0.0, 'task_set': {'t06', 't08', 't02', 't09', 't01', 't00', 't03', 't07', 't05', 't04'}, 'worker_task_dict': {'w00': ['t01', 't06'], 'w01': ['t00'], 'w02': ['t01', 't07', 't02'], 'w03': ['t00', 't02', 't04'], 'w04': ['t01', 't04', 't03'], 'w05': ['t00', 't05'], 'w06': ['t01', 't03', 't06'], 'w07': ['t00', 't07'], 'w08': ['t01', 't02'], 'w09': ['t00', 't04']}, 'task_val_dict': {'t00': 5.8059112936048125, 't01': 3.882831239786472, 't02': 13.193125495455188, 't03': 2.6231471875587853, 't04': 18.647844301587, 't05': 9.279137247405316, 't06': 13.558175355985513, 't07': 7.715272163739737, 't08': 8.139706692981441, 't09': 18.56435372739313}, 'worke_cost': {'w00': 8.277885878049036, 'w01': 6.2620649727554385, 'w02': 2.31616641968803, 'w03': 8.860282208124579, 'w04': 7.702723658186004, 'w05': 6.372743578042166, 'w06': 12.551262076827413, 'w07': 13.964273315826714, 'w08': 31.532212183204322, 'w09': 20.960702065060534}, 'n': 10, 'm': 10, 'solution': {'w03', 'w00', 'w05', 'w02'}, 'value': 46.25521901366022}"
Official_Experiment_dgreedy_dataset_03_instance_03_2_exec,"{'task_file': 'C:\\Users\\Konstantina\\Desktop\\HDrop20-master-thesis-experiments\\data\\data_files\\03_dataset_10_workers_10_tasks\\instance_03\\tasks.csv', 'worker_file': 'C:\\Users\\Konstantina\\Desktop\\HDrop20-master-thesis-experiments\\data\\data_files\\03_dataset_10_workers_10_tasks\\instance_03\\workers.csv', 'workers': {'w01', 'w05', 'w09', 'w07', 'w04', 'w00', 'w06', 'w08', 'w02', 'w03'}, 'workers_df':         cost           skills  user_id user_name  y_star_index
0   3.182473  [t01, t06, t07]        0       w00           1.0
1   7.502551       [t00, t02]        1       w01           1.0
2   6.665018       [t01, t04]        2       w02           0.0
3   5.384343       [t00, t03]        3       w03           1.0
4   7.283045  [t01, t07, t05]        4       w04           0.0
5   7.539515            [t00]        5       w05           0.0
6  19.180399  [t01, t05, t06]        6       w06           0.0
7   4.006739            [t00]        7       w07           0.0
8  27.206663            [t01]        8       w08           0.0
9  10.050189            [t00]        9       w09           0.0, 'tasks_df':   skill  skill_id  valuation  x_star_index
0   t00         0  19.878094           1.0
1   t01         1   1.995354           1.0
2   t02         2  15.696142           1.0
3   t03         3  17.668415           1.0
4   t04         4   1.507079           0.0
5   t05         5   1.290065           0.0
6   t06         6   4.322824           1.0
7   t07         7   8.539279           1.0
8   t08         8   7.949848           0.0
9   t09         9  10.788060           0.0, 'task_set': {'t06', 't08', 't02', 't09', 't01', 't00', 't03', 't07', 't05', 't04'}, 'worker_task_dict': {'w00': ['t01', 't06', 't07'], 'w01': ['t00', 't02'], 'w02': ['t01', 't04'], 'w03': ['t00', 't03'], 'w04': ['t01', 't07', 't05'], 'w05': ['t00'], 'w06': ['t01', 't05', 't06'], 'w07': ['t00'], 'w08': ['t01'], 'w09': ['t00']}, 'task_val_dict': {'t00': 19.878094303919312, 't01': 1.9953537395708247, 't02': 15.696142099027538, 't03': 17.668414553687363, 't04': 1.5070790421783131, 't05': 1.2900647742414182, 't06': 4.3228239517879965, 't07': 8.539279176386437, 't08': 7.949848179065106, 't09': 10.788059501753091}, 'worke_cost': {'w00': 3.1824734211060446, 'w01': 7.502550936581562, 'w02': 6.665018423239291, 'w03': 5.384343480170674, 'w04': 7.2830445580666385, 'w05': 7.539515206066844, 'w06': 19.18039859106864, 'w07': 4.006739262118983, 'w08': 27.206663219692405, 'w09': 10.050189444665714}, 'n': 10, 'm': 10, 'solution': {'w03', 'w00', 'w01'}, 'value': 52.03073998652118}"
Official_Experiment_dgreedy_dataset_03_instance_04_3_exec,"{'task_file': 'C:\\Users\\Konstantina\\Desktop\\HDrop20-master-thesis-experiments\\data\\data_files\\03_dataset_10_workers_10_tasks\\instance_04\\tasks.csv', 'worker_file': 'C:\\Users\\Konstantina\\Desktop\\HDrop20-master-thesis-experiments\\data\\data_files\\03_dataset_10_workers_10_tasks\\instance_04\\workers.csv', 'workers': {'w01', 'w05', 'w09', 'w07', 'w04', 'w00', 'w06', 'w08', 'w02', 'w03'}, 'workers_df':         cost           skills  user_id user_name  y_star_index
0   4.014874       [t01, t06]        0       w00           1.0
1   7.789591       [t00, t07]        1       w01           0.0
2   6.159859       [t01, t02]        2       w02           1.0
3   3.702836       [t00, t04]        3       w03           1.0
4   6.007298  [t01, t03, t05]        4       w04           1.0
5  14.322173       [t00, t06]        5       w05           0.0
6  21.641257  [t01, t05, t07]        6       w06           0.0
7  22.192429  [t00, t07, t02]        7       w07           0.0
8  32.485266  [t01, t02, t04]        8       w08           0.0
9  16.793725       [t00, t03]        9       w09           0.0, 'tasks_df':   skill  skill_id  valuation  x_star_index
0   t00         0   4.167758           1.0
1   t01         1   6.552513           1.0
2   t02         2  15.755625           1.0
3   t03         3   8.331232           1.0
4   t04         4   4.048543           1.0
5   t05         5   8.634742           1.0
6   t06         6  12.000957           1.0
7   t07         7   7.638822           0.0
8   t08         8   1.536005           0.0
9   t09         9  13.422252           0.0, 'task_set': {'t06', 't08', 't02', 't09', 't01', 't00', 't03', 't07', 't05', 't04'}, 'worker_task_dict': {'w00': ['t01', 't06'], 'w01': ['t00', 't07'], 'w02': ['t01', 't02'], 'w03': ['t00', 't04'], 'w04': ['t01', 't03', 't05'], 'w05': ['t00', 't06'], 'w06': ['t01', 't05', 't07'], 'w07': ['t00', 't07', 't02'], 'w08': ['t01', 't02', 't04'], 'w09': ['t00', 't03']}, 'task_val_dict': {'t00': 4.167758385954676, 't01': 6.552513460294339, 't02': 15.755625190536875, 't03': 8.331232001736907, 't04': 4.048542645879663, 't05': 8.63474215766469, 't06': 12.000957383823051, 't07': 7.638822237116544, 't08': 1.536005042088498, 't09': 13.422252079527281}, 'worke_cost': {'w00': 4.014873507752123, 'w01': 7.789590786016202, 'w02': 6.159858534698862, 'w03': 3.7028358119802216, 'w04': 6.007297533711215, 'w05': 14.32217304299905, 'w06': 21.64125715778505, 'w07': 22.192428753254568, 'w08': 32.485265654677946, 'w09': 16.79372457878101}, 'n': 10, 'm': 10, 'solution': {'w04', 'w00', 'w03', 'w02'}, 'value': 39.60650583774778}"
Official_Experiment_dgreedy_dataset_03_instance_05_4_exec,"{'task_file': 'C:\\Users\\Konstantina\\Desktop\\HDrop20-master-thesis-experiments\\data\\data_files\\03_dataset_10_workers_10_tasks\\instance_05\\tasks.csv', 'worker_file': 'C:\\Users\\Konstantina\\Desktop\\HDrop20-master-thesis-experiments\\data\\data_files\\03_dataset_10_workers_10_tasks\\instance_05\\workers.csv', 'workers': {'w01', 'w05', 'w09', 'w07', 'w04', 'w00', 'w06', 'w08', 'w02', 'w03'}, 'workers_df':         cost           skills  user_id user_name  y_star_index
0   7.720910  [t01, t06, t07]        0       w00           1.0
1  10.106763  [t00, t07, t02]        1       w01           0.0
2   3.237885       [t01, t04]        2       w02           1.0
3   4.221851       [t00, t03]        3       w03           1.0
4   9.009262  [t01, t02, t05]        4       w04           1.0
5  19.332941  [t00, t05, t06]        5       w05           0.0
6  19.218573  [t01, t06, t07]        6       w06           0.0
7   7.619685  [t00, t07, t02]        7       w07           0.0
8  25.905270  [t01, t02, t04]        8       w08           0.0
9  30.225609            [t00]        9       w09           0.0, 'tasks_df':   skill  skill_id  valuation  x_star_index
0   t00         0  17.997662           1.0
1   t01         1  16.154185           1.0
2   t02         2  13.601780           1.0
3   t03         3  17.896138           1.0
4   t04         4   9.195871           1.0
5   t05         5  12.693597           1.0
6   t06         6   2.115125           1.0
7   t07         7  12.917707           1.0
8   t08         8  11.904244           0.0
9   t09         9   7.571858           0.0, 'task_set': {'t06', 't08', 't02', 't09', 't01', 't00', 't03', 't07', 't05', 't04'}, 'worker_task_dict': {'w00': ['t01', 't06', 't07'], 'w01': ['t00', 't07', 't02'], 'w02': ['t01', 't04'], 'w03': ['t00', 't03'], 'w04': ['t01', 't02', 't05'], 'w05': ['t00', 't05', 't06'], 'w06': ['t01', 't06', 't07'], 'w07': ['t00', 't07', 't02'], 'w08': ['t01', 't02', 't04'], 'w09': ['t00']}, 'task_val_dict': {'t00': 17.997662301849253, 't01': 16.154184642312455, 't02': 13.60178019075425, 't03': 17.896138337309143, 't04': 9.195870862917936, 't05': 12.693596519876314, 't06': 2.1151245583593203, 't07': 12.917707187026005, 't08': 11.904244392606756, 't09': 7.571857684434508}, 'worke_cost': {'w00': 7.720909685242625, 'w01': 10.1067632766019, 'w02': 3.2378853682513213, 'w03': 4.221851159829565, 'w04': 9.009262035932037, 'w05': 19.332940804320714, 'w06': 19.21857307742805, 'w07': 7.619685037217344, 'w08': 25.905269813636398, 'w09': 30.225609186489873}, 'n': 10, 'm': 10, 'solution': {'w03', 'w07', 'w04', 'w02'}, 'value': 76.36825644081509}"
Official_Experiment_dgreedy_dataset_03_instance_06_5_exec,"{'task_file': 'C:\\Users\\Konstantina\\Desktop\\HDrop20-master-thesis-experiments\\data\\data_files\\03_dataset_10_workers_10_tasks\\instance_06\\tasks.csv', 'worker_file': 'C:\\Users\\Konstantina\\Desktop\\HDrop20-master-thesis-experiments\\data\\data_files\\03_dataset_10_workers_10_tasks\\instance_06\\workers.csv', 'workers': {'w01', 'w05', 'w09', 'w07', 'w04', 'w00', 'w06', 'w08', 'w02', 'w03'}, 'workers_df':         cost           skills  user_id user_name  y_star_index
0   7.053339       [t01, t06]        0       w00           1.0
1   3.687618  [t00, t07, t02]        1       w01           1.0
2   4.885154       [t01, t04]        2       w02           1.0
3   5.889818  [t00, t02, t03]        3       w03           0.0
4   1.291070  [t01, t03, t05]        4       w04           1.0
5  17.351300       [t00, t06]        5       w05           0.0
6  21.902822  [t01, t05, t07]        6       w06           0.0
7  11.202092  [t00, t07, t02]        7       w07           0.0
8  35.069566  [t01, t02, t04]        8       w08           0.0
9  16.917057            [t00]        9       w09           0.0, 'tasks_df':   skill  skill_id  valuation  x_star_index
0   t00         0   3.288032           1.0
1   t01         1  19.666041           1.0
2   t02         2   1.053917           1.0
3   t03         3   6.029326           1.0
4   t04         4   8.578944           1.0
5   t05         5   1.599876           1.0
6   t06         6  17.877437           1.0
7   t07         7  19.004019           1.0
8   t08         8  15.325024           0.0
9   t09         9   1.805933           0.0, 'task_set': {'t06', 't08', 't02', 't09', 't01', 't00', 't03', 't07', 't05', 't04'}, 'worker_task_dict': {'w00': ['t01', 't06'], 'w01': ['t00', 't07', 't02'], 'w02': ['t01', 't04'], 'w03': ['t00', 't02', 't03'], 'w04': ['t01', 't03', 't05'], 'w05': ['t00', 't06'], 'w06': ['t01', 't05', 't07'], 'w07': ['t00', 't07', 't02'], 'w08': ['t01', 't02', 't04'], 'w09': ['t00']}, 'task_val_dict': {'t00': 3.288031808590482, 't01': 19.666041097204076, 't02': 1.0539174213626004, 't03': 6.029326409901731, 't04': 8.578944077217873, 't05': 1.5998763456964644, 't06': 17.877436653569145, 't07': 19.004019216210327, 't08': 15.325023871612935, 't09': 1.8059334396181088}, 'worke_cost': {'w00': 7.053338975624592, 'w01': 3.687617572994684, 'w02': 4.885154025114148, 'w03': 5.889818210861415, 'w04': 1.2910701983348902, 'w05': 17.351300324672955, 'w06': 21.90282192864227, 'w07': 11.20209234782164, 'w08': 35.06956572719422, 'w09': 16.917057350926108}, 'n': 10, 'm': 10, 'solution': {'w04', 'w00', 'w01', 'w02'}, 'value': 60.18041225768439}"
Official_Experiment_dgreedy_dataset_03_instance_07_6_exec,"{'task_file': 'C:\\Users\\Konstantina\\Desktop\\HDrop20-master-thesis-experiments\\data\\data_files\\03_dataset_10_workers_10_tasks\\instance_07\\tasks.csv', 'worker_file': 'C:\\Users\\Konstantina\\Desktop\\HDrop20-master-thesis-experiments\\data\\data_files\\03_dataset_10_workers_10_tasks\\instance_07\\workers.csv', 'workers': {'w01', 'w05', 'w09', 'w07', 'w04', 'w00', 'w06', 'w08', 'w02', 'w03'}, 'workers_df':         cost           skills  user_id user_name  y_star_index
0   7.993695       [t01, t06]        0       w00           0.0
1   3.640954  [t00, t07, t02]        1       w01           1.0
2   7.466531  [t01, t02, t04]        2       w02           0.0
3   5.907701       [t00, t03]        3       w03           0.0
4   5.370687  [t01, t04, t05]        4       w04           1.0
5   8.549239  [t00, t05, t06]        5       w05           0.0
6  14.955361  [t01, t06, t07]        6       w06           0.0
7  17.318369       [t00, t02]        7       w07           0.0
8  26.288360  [t01, t07, t04]        8       w08           0.0
9  30.735097  [t00, t04, t03]        9       w09           0.0, 'tasks_df':   skill  skill_id  valuation  x_star_index
0   t00         0  15.777586           1.0
1   t01         1   4.810284           1.0
2   t02         2  13.967167           1.0
3   t03         3   5.015048           0.0
4   t04         4   7.034331           1.0
5   t05         5   7.947043           1.0
6   t06         6   6.405174           0.0
7   t07         7   9.817568           1.0
8   t08         8   8.662652           0.0
9   t09         9  16.235055           0.0, 'task_set': {'t06', 't08', 't02', 't09', 't01', 't00', 't03', 't07', 't05', 't04'}, 'worker_task_dict': {'w00': ['t01', 't06'], 'w01': ['t00', 't07', 't02'], 'w02': ['t01', 't02', 't04'], 'w03': ['t00', 't03'], 'w04': ['t01', 't04', 't05'], 'w05': ['t00', 't05', 't06'], 'w06': ['t01', 't06', 't07'], 'w07': ['t00', 't02'], 'w08': ['t01', 't07', 't04'], 'w09': ['t00', 't04', 't03']}, 'task_val_dict': {'t00': 15.777586417925455, 't01': 4.8102837306584805, 't02': 13.967167007470875, 't03': 5.0150480222946205, 't04': 7.034331077020105, 't05': 7.94704319498288, 't06': 6.405174184863614, 't07': 9.817567577576986, 't08': 8.662652354694217, 't09': 16.23505536481208}, 'worke_cost': {'w00': 7.993694726673365, 'w01': 3.6409536513765417, 'w02': 7.466531293921832, 'w03': 5.907701230606942, 'w04': 5.370687037015528, 'w05': 8.549239435610263, 'w06': 14.955361266182912, 'w07': 17.31836881858267, 'w08': 26.28836034462737, 'w09': 30.73509656906971}, 'n': 10, 'm': 10, 'solution': {'w04', 'w01'}, 'value': 50.342338317242714}"
Official_Experiment_dgreedy_dataset_03_instance_08_7_exec,"{'task_file': 'C:\\Users\\Konstantina\\Desktop\\HDrop20-master-thesis-experiments\\data\\data_files\\03_dataset_10_workers_10_tasks\\instance_08\\tasks.csv', 'worker_file': 'C:\\Users\\Konstantina\\Desktop\\HDrop20-master-thesis-experiments\\data\\data_files\\03_dataset_10_workers_10_tasks\\instance_08\\workers.csv', 'workers': {'w01', 'w05', 'w09', 'w07', 'w04', 'w00', 'w06', 'w08', 'w02', 'w03'}, 'workers_df':         cost           skills  user_id user_name  y_star_index
0   4.824099  [t01, t06, t07]        0       w00           1.0
1   5.969410       [t00, t02]        1       w01           1.0
2  10.795744  [t01, t07, t04]        2       w02           0.0
3   3.708875  [t00, t04, t03]        3       w03           1.0
4  10.707587  [t01, t03, t05]        4       w04           0.0
5  12.892430       [t00, t06]        5       w05           0.0
6  20.417080  [t01, t05, t07]        6       w06           0.0
7  10.807446            [t00]        7       w07           0.0
8  30.575112       [t01, t02]        8       w08           0.0
9   8.729596            [t00]        9       w09           0.0, 'tasks_df':   skill  skill_id  valuation  x_star_index
0   t00         0  18.674335           1.0
1   t01         1   2.257831           1.0
2   t02         2   9.939349           1.0
3   t03         3  17.275009           1.0
4   t04         4  12.063616           1.0
5   t05         5   1.174923           0.0
6   t06         6   2.408719           1.0
7   t07         7  16.138997           1.0
8   t08         8   6.055979           0.0
9   t09         9  19.698586           0.0, 'task_set': {'t06', 't08', 't02', 't09', 't01', 't00', 't03', 't07', 't05', 't04'}, 'worker_task_dict': {'w00': ['t01', 't06', 't07'], 'w01': ['t00', 't02'], 'w02': ['t01', 't07', 't04'], 'w03': ['t00', 't04', 't03'], 'w04': ['t01', 't03', 't05'], 'w05': ['t00', 't06'], 'w06': ['t01', 't05', 't07'], 'w07': ['t00'], 'w08': ['t01', 't02'], 'w09': ['t00']}, 'task_val_dict': {'t00': 18.674335402624354, 't01': 2.2578312092830544, 't02': 9.93934858623665, 't03': 17.275009077470607, 't04': 12.063615670373824, 't05': 1.1749232641967122, 't06': 2.408719366007771, 't07': 16.138997455338064, 't08': 6.055979452801077, 't09': 19.69858622696395}, 'worke_cost': {'w00': 4.824098654030537, 'w01': 5.9694097378026125, 'w02': 10.795744282249794, 'w03': 3.708874965115895, 'w04': 10.707586905050137, 'w05': 12.892430239178335, 'w06': 20.41708007385165, 'w07': 10.80744601285403, 'w08': 30.57511216802037, 'w09': 8.729596073429539}, 'n': 10, 'm': 10, 'solution': {'w03', 'w00', 'w01'}, 'value': 64.25547341038529}"
Official_Experiment_dgreedy_dataset_03_instance_09_8_exec,"{'task_file': 'C:\\Users\\Konstantina\\Desktop\\HDrop20-master-thesis-experiments\\data\\data_files\\03_dataset_10_workers_10_tasks\\instance_09\\tasks.csv', 'worker_file': 'C:\\Users\\Konstantina\\Desktop\\HDrop20-master-thesis-experiments\\data\\data_files\\03_dataset_10_workers_10_tasks\\instance_09\\workers.csv', 'workers': {'w01', 'w05', 'w09', 'w07', 'w04', 'w00', 'w06', 'w08', 'w02', 'w03'}, 'workers_df':         cost           skills  user_id user_name  y_star_index
0   3.670054       [t01, t06]        0       w00           0.0
1   5.263403            [t00]        1       w01           0.0
2   4.309640       [t01, t07]        2       w02           1.0
3   2.303437       [t00, t02]        3       w03           1.0
4   6.490589  [t01, t04, t03]        4       w04           1.0
5   5.542811       [t00, t05]        5       w05           1.0
6  22.946000       [t01, t06]        6       w06           0.0
7  14.392807            [t00]        7       w07           0.0
8  35.732389  [t01, t03, t07]        8       w08           0.0
9  23.199202       [t00, t02]        9       w09           0.0, 'tasks_df':   skill  skill_id  valuation  x_star_index
0   t00         0   9.671852           1.0
1   t01         1   5.216031           1.0
2   t02         2  15.099860           1.0
3   t03         3  11.299803           1.0
4   t04         4  11.734542           1.0
5   t05         5  15.891370           1.0
6   t06         6   6.194958           0.0
7   t07         7   9.078244           1.0
8   t08         8  11.768892           0.0
9   t09         9  11.495746           0.0, 'task_set': {'t06', 't08', 't02', 't09', 't01', 't00', 't03', 't07', 't05', 't04'}, 'worker_task_dict': {'w00': ['t01', 't06'], 'w01': ['t00'], 'w02': ['t01', 't07'], 'w03': ['t00', 't02'], 'w04': ['t01', 't04', 't03'], 'w05': ['t00', 't05'], 'w06': ['t01', 't06'], 'w07': ['t00'], 'w08': ['t01', 't03', 't07'], 'w09': ['t00', 't02']}, 'task_val_dict': {'t00': 9.67185172022078, 't01': 5.216031323572784, 't02': 15.099860346869585, 't03': 11.299803173409035, 't04': 11.73454222382465, 't05': 15.891370305564125, 't06': 6.194957769285909, 't07': 9.07824355354219, 't08': 11.768891900634964, 't09': 11.495746197573366}, 'worke_cost': {'w00': 3.6700535150599753, 'w01': 5.263402530897243, 'w02': 4.309639637602942, 'w03': 2.303437043543857, 'w04': 6.490588861594656, 'w05': 5.542811345139722, 'w06': 22.946000109438, 'w07': 14.392807134986901, 'w08': 35.732389419959944, 'w09': 23.199201807903762}, 'n': 10, 'm': 10, 'solution': {'w03', 'w02', 'w04', 'w05'}, 'value': 59.34522575912196}"
Official_Experiment_dgreedy_dataset_03_instance_10_9_exec,"{'task_file': 'C:\\Users\\Konstantina\\Desktop\\HDrop20-master-thesis-experiments\\data\\data_files\\03_dataset_10_workers_10_tasks\\instance_10\\tasks.csv', 'worker_file': 'C:\\Users\\Konstantina\\Desktop\\HDrop20-master-thesis-experiments\\data\\data_files\\03_dataset_10_workers_10_tasks\\instance_10\\workers.csv', 'workers': {'w01', 'w05', 'w09', 'w07', 'w04', 'w00', 'w06', 'w08', 'w02', 'w03'}, 'workers_df':         cost           skills  user_id user_name  y_star_index
0   3.633287            [t01]        0       w00           0.0
1   3.680130  [t00, t06, t07]        1       w01           1.0
2   2.978976       [t01, t02]        2       w02           1.0
3   7.977016  [t00, t07, t04]        3       w03           0.0
4   4.481162            [t01]        4       w04           0.0
5  20.605563       [t00, t03]        5       w05           0.0
6  16.097305  [t01, t04, t05]        6       w06           1.0
7  21.795029            [t00]        7       w07           0.0
8  10.474947       [t01, t06]        8       w08           0.0
9  17.240610       [t00, t07]        9       w09           0.0, 'tasks_df':   skill  skill_id  valuation  x_star_index
0   t00         0   4.993124           1.0
1   t01         1   4.146871           1.0
2   t02         2  13.978560           1.0
3   t03         3   2.121398           0.0
4   t04         4  11.027572           1.0
5   t05         5  16.931566           1.0
6   t06         6  10.361303           1.0
7   t07         7  18.860757           1.0
8   t08         8  19.832726           0.0
9   t09         9  10.373484           0.0, 'task_set': {'t06', 't08', 't02', 't09', 't01', 't00', 't03', 't07', 't05', 't04'}, 'worker_task_dict': {'w00': ['t01'], 'w01': ['t00', 't06', 't07'], 'w02': ['t01', 't02'], 'w03': ['t00', 't07', 't04'], 'w04': ['t01'], 'w05': ['t00', 't03'], 'w06': ['t01', 't04', 't05'], 'w07': ['t00'], 'w08': ['t01', 't06'], 'w09': ['t00', 't07']}, 'task_val_dict': {'t00': 4.993124365107986, 't01': 4.146870570061626, 't02': 13.978560053214094, 't03': 2.121398483618289, 't04': 11.027572325068645, 't05': 16.931565553817762, 't06': 10.361302962117307, 't07': 18.860757391583164, 't08': 19.83272553803473, 't09': 10.373484305144924}, 'worke_cost': {'w00': 3.6332870854220936, 'w01': 3.680129671555268, 'w02': 2.9789762263132267, 'w03': 7.977015755766348, 'w04': 4.481161894892781, 'w05': 20.60556289835141, 'w06': 16.097304866583148, 'w07': 21.795029128335905, 'w08': 10.47494665125682, 'w09': 17.240610434312387}, 'n': 10, 'm': 10, 'solution': {'w06', 'w01', 'w02'}, 'value': 57.54334245651894}"
Official_Experiment_dgreedy_dataset_03_instance_11_10_exec,"{'task_file': 'C:\\Users\\Konstantina\\Desktop\\HDrop20-master-thesis-experiments\\data\\data_files\\03_dataset_10_workers_10_tasks\\instance_11\\tasks.csv', 'worker_file': 'C:\\Users\\Konstantina\\Desktop\\HDrop20-master-thesis-experiments\\data\\data_files\\03_dataset_10_workers_10_tasks\\instance_11\\workers.csv', 'workers': {'w01', 'w05', 'w09', 'w07', 'w04', 'w00', 'w06', 'w08', 'w02', 'w03'}, 'workers_df':         cost                skills  user_id user_name  y_star_index
0   2.834941                 [t01]        0       w00           0.0
1   4.919915            [t00, t06]        1       w01           1.0
2   6.743288            [t01, t07]        2       w02           0.0
3   2.639988       [t00, t02, t04]        3       w03           1.0
4   4.681809            [t01, t03]        4       w04           1.0
5  15.787312            [t00, t05]        5       w05           0.0
6  15.077999            [t01, t06]        6       w06           0.0
7  22.537722  [t00, t04, t07, t02]        7       w07           0.0
8  17.523666       [t01, t02, t04]        8       w08           0.0
9  11.023430                 [t00]        9       w09           0.0, 'tasks_df':   skill  skill_id  valuation  x_star_index
0   t00         0   6.147794           1.0
1   t01         1  12.500594           1.0
2   t02         2   8.574227           1.0
3   t03         3  10.426864           1.0
4   t04         4  12.788064           1.0
5   t05         5  10.423830           0.0
6   t06         6  15.893145           1.0
7   t07         7   5.239529           0.0
8   t08         8   1.605058           0.0
9   t09         9  13.329991           0.0, 'task_set': {'t06', 't08', 't02', 't09', 't01', 't00', 't03', 't07', 't05', 't04'}, 'worker_task_dict': {'w00': ['t01'], 'w01': ['t00', 't06'], 'w02': ['t01', 't07'], 'w03': ['t00', 't02', 't04'], 'w04': ['t01', 't03'], 'w05': ['t00', 't05'], 'w06': ['t01', 't06'], 'w07': ['t00', 't04', 't07', 't02'], 'w08': ['t01', 't02', 't04'], 'w09': ['t00']}, 'task_val_dict': {'t00': 6.1477936976597976, 't01': 12.500594363675175, 't02': 8.574226795760506, 't03': 10.426864351336565, 't04': 12.788064349442301, 't05': 10.423829869885196, 't06': 15.893145208197176, 't07': 5.239528878518644, 't08': 1.6050579377566303, 't09': 13.329990802475528}, 'worke_cost': {'w00': 2.8349406372782475, 'w01': 4.9199150705674235, 'w02': 6.743288245903767, 'w03': 2.639987873391553, 'w04': 4.68180931494974, 'w05': 15.787312387535035, 'w06': 15.077998547939364, 'w07': 22.53772198090618, 'w08': 17.523666114174294, 'w09': 11.023430473925254}, 'n': 10, 'm': 10, 'solution': {'w03', 'w01', 'w04'}, 'value': 54.0889765071628}"
Official_Experiment_dgreedy_dataset_03_instance_12_11_exec,"{'task_file': 'C:\\Users\\Konstantina\\Desktop\\HDrop20-master-thesis-experiments\\data\\data_files\\03_dataset_10_workers_10_tasks\\instance_12\\tasks.csv', 'worker_file': 'C:\\Users\\Konstantina\\Desktop\\HDrop20-master-thesis-experiments\\data\\data_files\\03_dataset_10_workers_10_tasks\\instance_12\\workers.csv', 'workers': {'w01', 'w05', 'w09', 'w07', 'w04', 'w00', 'w06', 'w08', 'w02', 'w03'}, 'workers_df':         cost           skills  user_id user_name  y_star_index
0   5.110223  [t01, t06, t07]        0       w00           1.0
1   7.449758       [t00, t02]        1       w01           1.0
2   5.236632       [t01, t04]        2       w02           1.0
3   3.853212  [t00, t07, t03]        3       w03           0.0
4   5.665739  [t01, t03, t05]        4       w04           1.0
5  12.673310  [t00, t05, t06]        5       w05           0.0
6  16.312781       [t01, t07]        6       w06           0.0
7  15.516995  [t00, t06, t02]        7       w07           0.0
8  26.596341  [t01, t02, t04]        8       w08           0.0
9  26.665381  [t00, t04, t03]        9       w09           0.0, 'tasks_df':   skill  skill_id  valuation  x_star_index
0   t00         0   1.725652           1.0
1   t01         1   1.902519           1.0
2   t02         2   7.146486           1.0
3   t03         3  18.902358           1.0
4   t04         4  18.301575           1.0
5   t05         5  12.503454           1.0
6   t06         6   3.117640           1.0
7   t07         7   6.517503           1.0
8   t08         8  12.989983           0.0
9   t09         9  12.557720           0.0, 'task_set': {'t06', 't08', 't02', 't09', 't01', 't00', 't03', 't07', 't05', 't04'}, 'worker_task_dict': {'w00': ['t01', 't06', 't07'], 'w01': ['t00', 't02'], 'w02': ['t01', 't04'], 'w03': ['t00', 't07', 't03'], 'w04': ['t01', 't03', 't05'], 'w05': ['t00', 't05', 't06'], 'w06': ['t01', 't07'], 'w07': ['t00', 't06', 't02'], 'w08': ['t01', 't02', 't04'], 'w09': ['t00', 't04', 't03']}, 'task_val_dict': {'t00': 1.7256520261039614, 't01': 1.9025188408174167, 't02': 7.1464863249312165, 't03': 18.902357635797728, 't04': 18.301574876495103, 't05': 12.50345438994481, 't06': 3.1176401570353294, 't07': 6.517503415062804, 't08': 12.989983284771009, 't09': 12.557719802792013}, 'worke_cost': {'w00': 5.1102227662197475, 'w01': 7.449757633747405, 'w02': 5.236631522057054, 'w03': 3.8532119319347813, 'w04': 5.665739038300597, 'w05': 12.673310249059186, 'w06': 16.312781007669617, 'w07': 15.516994974643266, 'w08': 26.596340850594267, 'w09': 26.665381433731323}, 'n': 10, 'm': 10, 'solution': {'w04', 'w03', 'w02'}, 'value': 45.09747869192939}"
Official_Experiment_dgreedy_dataset_03_instance_13_12_exec,"{'task_file': 'C:\\Users\\Konstantina\\Desktop\\HDrop20-master-thesis-experiments\\data\\data_files\\03_dataset_10_workers_10_tasks\\instance_13\\tasks.csv', 'worker_file': 'C:\\Users\\Konstantina\\Desktop\\HDrop20-master-thesis-experiments\\data\\data_files\\03_dataset_10_workers_10_tasks\\instance_13\\workers.csv', 'workers': {'w01', 'w05', 'w09', 'w07', 'w04', 'w00', 'w06', 'w08', 'w02', 'w03'}, 'workers_df':         cost                skills  user_id user_name  y_star_index
0   5.156872                 [t01]        0       w00           0.0
1   4.188946            [t00, t06]        1       w01           1.0
2   7.941154            [t01, t07]        2       w02           0.0
3   2.058875            [t00, t02]        3       w03           1.0
4   7.019713       [t01, t04, t03]        4       w04           1.0
5   6.496109       [t00, t03, t05]        5       w05           1.0
6  15.220617            [t01, t06]        6       w06           0.0
7  15.922788  [t00, t05, t07, t02]        7       w07           0.0
8  25.281714  [t01, t02, t04, t03]        8       w08           0.0
9  23.859771            [t00, t05]        9       w09           0.0, 'tasks_df':   skill  skill_id  valuation  x_star_index
0   t00         0  18.517105           1.0
1   t01         1  18.755225           1.0
2   t02         2   6.579426           1.0
3   t03         3   4.132699           1.0
4   t04         4  13.207489           1.0
5   t05         5  12.201406           1.0
6   t06         6  11.781319           1.0
7   t07         7   6.781922           0.0
8   t08         8   7.914934           0.0
9   t09         9   6.551476           0.0, 'task_set': {'t06', 't08', 't02', 't09', 't01', 't00', 't03', 't07', 't05', 't04'}, 'worker_task_dict': {'w00': ['t01'], 'w01': ['t00', 't06'], 'w02': ['t01', 't07'], 'w03': ['t00', 't02'], 'w04': ['t01', 't04', 't03'], 'w05': ['t00', 't03', 't05'], 'w06': ['t01', 't06'], 'w07': ['t00', 't05', 't07', 't02'], 'w08': ['t01', 't02', 't04', 't03'], 'w09': ['t00', 't05']}, 'task_val_dict': {'t00': 18.517105333163528, 't01': 18.75522532667044, 't02': 6.579426022908613, 't03': 4.132698683084453, 't04': 13.207489429974304, 't05': 12.201406019721338, 't06': 11.781318994119545, 't07': 6.781921674088824, 't08': 7.9149338438757555, 't09': 6.5514759265177025}, 'worke_cost': {'w00': 5.1568717485525095, 'w01': 4.188946047215209, 'w02': 7.941154114970994, 'w03': 2.058875494327296, 'w04': 7.01971308373681, 'w05': 6.496109037630861, 'w06': 15.220617432011045, 'w07': 15.92278803644468, 'w08': 25.281713629608788, 'w09': 23.85977145520809}, 'n': 10, 'm': 10, 'solution': {'w04', 'w07', 'w01'}, 'value': 64.82514431633433}"
Official_Experiment_dgreedy_dataset_03_instance_14_13_exec,"{'task_file': 'C:\\Users\\Konstantina\\Desktop\\HDrop20-master-thesis-experiments\\data\\data_files\\03_dataset_10_workers_10_tasks\\instance_14\\tasks.csv', 'worker_file': 'C:\\Users\\Konstantina\\Desktop\\HDrop20-master-thesis-experiments\\data\\data_files\\03_dataset_10_workers_10_tasks\\instance_14\\workers.csv', 'workers': {'w01', 'w05', 'w09', 'w07', 'w04', 'w00', 'w06', 'w08', 'w02', 'w03'}, 'workers_df':         cost                     skills  user_id user_name  y_star_index
0   6.826597            [t01, t06, t07]        0       w00           1.0
1   4.622882            [t00, t07, t02]        1       w01           0.0
2  11.026861                 [t01, t04]        2       w02           0.0
3   7.403703            [t00, t02, t03]        3       w03           0.0
4  13.068163            [t01, t03, t05]        4       w04           1.0
5  16.664572                 [t00, t06]        5       w05           0.0
6  18.155924            [t01, t05, t07]        6       w06           0.0
7  11.276786  [t00, t07, t02, t04, t09]        7       w07           1.0
8  30.649346       [t01, t04, t03, t05]        8       w08           0.0
9  30.782426       [t00, t05, t06, t07]        9       w09           0.0, 'tasks_df':   skill  skill_id  valuation  x_star_index
0   t00         0  15.553650           1.0
1   t01         1  18.070517           1.0
2   t02         2   2.055082           1.0
3   t03         3   8.481903           1.0
4   t04         4   2.539498           1.0
5   t05         5  16.675502           1.0
6   t06         6  14.316171           1.0
7   t07         7  11.595186           1.0
8   t08         8  18.947562           0.0
9   t09         9  14.245787           1.0, 'task_set': {'t06', 't08', 't02', 't09', 't01', 't00', 't03', 't07', 't05', 't04'}, 'worker_task_dict': {'w00': ['t01', 't06', 't07'], 'w01': ['t00', 't07', 't02'], 'w02': ['t01', 't04'], 'w03': ['t00', 't02', 't03'], 'w04': ['t01', 't03', 't05'], 'w05': ['t00', 't06'], 'w06': ['t01', 't05', 't07'], 'w07': ['t00', 't07', 't02', 't04', 't09'], 'w08': ['t01', 't04', 't03', 't05'], 'w09': ['t00', 't05', 't06', 't07']}, 'task_val_dict': {'t00': 15.55365014900038, 't01': 18.070517007052167, 't02': 2.0550818449064705, 't03': 8.481903009209034, 't04': 2.5394975588819904, 't05': 16.675502208077905, 't06': 14.316171205448375, 't07': 11.595185947689044, 't08': 18.947562089934607, 't09': 14.24578661368485}, 'worke_cost': {'w00': 6.826596948911729, 'w01': 4.622882055328756, 'w02': 11.026861161546819, 'w03': 7.40370333221667, 'w04': 13.06816332104682, 'w05': 16.664571544901662, 'w06': 18.155924271020748, 'w07': 11.276785538655671, 'w08': 30.64934615017899, 'w09': 30.782426024769354}, 'n': 10, 'm': 10, 'solution': {'w04', 'w00', 'w07'}, 'value': 72.36174973533599}"
Official_Experiment_dgreedy_dataset_03_instance_15_14_exec,"{'task_file': 'C:\\Users\\Konstantina\\Desktop\\HDrop20-master-thesis-experiments\\data\\data_files\\03_dataset_10_workers_10_tasks\\instance_15\\tasks.csv', 'worker_file': 'C:\\Users\\Konstantina\\Desktop\\HDrop20-master-thesis-experiments\\data\\data_files\\03_dataset_10_workers_10_tasks\\instance_15\\workers.csv', 'workers': {'w01', 'w05', 'w09', 'w07', 'w04', 'w00', 'w06', 'w08', 'w02', 'w03'}, 'workers_df':         cost                     skills  user_id user_name  y_star_index
0   5.838179                 [t01, t06]        0       w00           0.0
1   4.391353                 [t00, t07]        1       w01           1.0
2   7.496138                 [t01, t02]        2       w02           1.0
3  19.102617            [t00, t04, t03]        3       w03           0.0
4   6.844130                 [t01, t05]        4       w04           0.0
5  13.533425            [t00, t03, t06]        5       w05           0.0
6   8.183626            [t01, t06, t07]        6       w06           0.0
7  16.811776                 [t00, t02]        7       w07           0.0
8  17.003896            [t01, t07, t04]        8       w08           0.0
9  32.129708  [t00, t04, t03, t05, t09]        9       w09           0.0, 'tasks_df':   skill  skill_id  valuation  x_star_index
0   t00         0  19.496510           1.0
1   t01         1   9.448833           1.0
2   t02         2   9.960571           1.0
3   t03         3   5.904814           0.0
4   t04         4   2.757046           0.0
5   t05         5   5.621360           0.0
6   t06         6   5.313176           0.0
7   t07         7   5.944527           1.0
8   t08         8   8.984492           0.0
9   t09         9  15.613260           0.0, 'task_set': {'t06', 't08', 't02', 't09', 't01', 't00', 't03', 't07', 't05', 't04'}, 'worker_task_dict': {'w00': ['t01', 't06'], 'w01': ['t00', 't07'], 'w02': ['t01', 't02'], 'w03': ['t00', 't04', 't03'], 'w04': ['t01', 't05'], 'w05': ['t00', 't03', 't06'], 'w06': ['t01', 't06', 't07'], 'w07': ['t00', 't02'], 'w08': ['t01', 't07', 't04'], 'w09': ['t00', 't04', 't03', 't05', 't09']}, 'task_val_dict': {'t00': 19.496510387822333, 't01': 9.448833065868557, 't02': 9.960570535860537, 't03': 5.904813695933923, 't04': 2.757046197875844, 't05': 5.6213598987137505, 't06': 5.313175588585732, 't07': 5.944527313280017, 't08': 8.984492389571802, 't09': 15.613259677494712}, 'worke_cost': {'w00': 5.8381785694904496, 'w01': 4.39135260236427, 'w02': 7.4961375744036935, 'w03': 19.10261659392775, 'w04': 6.844130254709403, 'w05': 13.533425002847896, 'w06': 8.183625794042479, 'w07': 16.811776163503097, 'w08': 17.003896108467213, 'w09': 32.129707901064016}, 'n': 10, 'm': 10, 'solution': {'w01', 'w02'}, 'value': 32.96295112606348}"
Official_Experiment_dgreedy_dataset_03_instance_16_15_exec,"{'task_file': 'C:\\Users\\Konstantina\\Desktop\\HDrop20-master-thesis-experiments\\data\\data_files\\03_dataset_10_workers_10_tasks\\instance_16\\tasks.csv', 'worker_file': 'C:\\Users\\Konstantina\\Desktop\\HDrop20-master-thesis-experiments\\data\\data_files\\03_dataset_10_workers_10_tasks\\instance_16\\workers.csv', 'workers': {'w01', 'w05', 'w09', 'w07', 'w04', 'w00', 'w06', 'w08', 'w02', 'w03'}, 'workers_df':         cost                     skills  user_id user_name  y_star_index
0   3.180408            [t01, t06, t07]        0       w00           1.0
1   8.761999                 [t00, t02]        1       w01           0.0
2  19.691224            [t01, t07, t04]        2       w02           0.0
3   4.177034                 [t00, t03]        3       w03           1.0
4  11.680094            [t01, t04, t05]        4       w04           0.0
5  13.072927            [t00, t05, t06]        5       w05           0.0
6  19.843094                      [t01]        6       w06           0.0
7  17.043686  [t00, t06, t07, t02, t09]        7       w07           0.0
8  23.425905            [t01, t02, t04]        8       w08           0.0
9  21.727234       [t00, t04, t03, t05]        9       w09           0.0, 'tasks_df':   skill  skill_id  valuation  x_star_index
0   t00         0  12.335749           1.0
1   t01         1  15.185382           1.0
2   t02         2   1.596026           0.0
3   t03         3  13.160376           1.0
4   t04         4   3.193845           0.0
5   t05         5   6.593680           0.0
6   t06         6  12.432112           1.0
7   t07         7  18.133177           1.0
8   t08         8  13.046199           0.0
9   t09         9  11.205488           0.0, 'task_set': {'t06', 't08', 't02', 't09', 't01', 't00', 't03', 't07', 't05', 't04'}, 'worker_task_dict': {'w00': ['t01', 't06', 't07'], 'w01': ['t00', 't02'], 'w02': ['t01', 't07', 't04'], 'w03': ['t00', 't03'], 'w04': ['t01', 't04', 't05'], 'w05': ['t00', 't05', 't06'], 'w06': ['t01'], 'w07': ['t00', 't06', 't07', 't02', 't09'], 'w08': ['t01', 't02', 't04'], 'w09': ['t00', 't04', 't03', 't05']}, 'task_val_dict': {'t00': 12.335749076361838, 't01': 15.185381968428473, 't02': 1.5960260987568362, 't03': 13.160375786876527, 't04': 3.1938454692188296, 't05': 6.593679683492336, 't06': 12.432112251090471, 't07': 18.133177045308962, 't08': 13.046199064671613, 't09': 11.20548793278966}, 'worke_cost': {'w00': 3.1804078313037825, 'w01': 8.761999300471539, 'w02': 19.691224102733905, 'w03': 4.177033764946886, 'w04': 11.680094128548298, 'w05': 13.0729265031937, 'w06': 19.843094364870762, 'w07': 17.04368580280757, 'w08': 23.425904937728433, 'w09': 21.727234116177588}, 'n': 10, 'm': 10, 'solution': {'w03', 'w00'}, 'value': 63.88935453181561}"
Official_Experiment_dgreedy_dataset_03_instance_17_16_exec,"{'task_file': 'C:\\Users\\Konstantina\\Desktop\\HDrop20-master-thesis-experiments\\data\\data_files\\03_dataset_10_workers_10_tasks\\instance_17\\tasks.csv', 'worker_file': 'C:\\Users\\Konstantina\\Desktop\\HDrop20-master-thesis-experiments\\data\\data_files\\03_dataset_10_workers_10_tasks\\instance_17\\workers.csv', 'workers': {'w01', 'w05', 'w09', 'w07', 'w04', 'w00', 'w06', 'w08', 'w02', 'w03'}, 'workers_df':         cost                skills  user_id user_name  y_star_index
0  12.855100       [t01, t06, t07]        0       w00           0.0
1   7.038325       [t00, t07, t02]        1       w01           1.0
2  11.031346       [t01, t02, t04]        2       w02           0.0
3  14.504090       [t00, t04, t03]        3       w03           0.0
4   5.308588            [t01, t05]        4       w04           1.0
5  20.194338       [t00, t03, t06]        5       w05           0.0
6  23.188695            [t01, t07]        6       w06           0.0
7   8.655730  [t00, t06, t02, t04]        7       w07           1.0
8  18.373591  [t01, t04, t03, t05]        8       w08           0.0
9  33.146028  [t00, t05, t06, t07]        9       w09           0.0, 'tasks_df':   skill  skill_id  valuation  x_star_index
0   t00         0  10.248916           1.0
1   t01         1   9.987997           1.0
2   t02         2   6.686117           1.0
3   t03         3   3.944907           0.0
4   t04         4   5.006374           1.0
5   t05         5   4.957729           1.0
6   t06         6   4.202038           1.0
7   t07         7   9.605954           1.0
8   t08         8  14.505797           0.0
9   t09         9   2.557392           0.0, 'task_set': {'t06', 't08', 't02', 't09', 't01', 't00', 't03', 't07', 't05', 't04'}, 'worker_task_dict': {'w00': ['t01', 't06', 't07'], 'w01': ['t00', 't07', 't02'], 'w02': ['t01', 't02', 't04'], 'w03': ['t00', 't04', 't03'], 'w04': ['t01', 't05'], 'w05': ['t00', 't03', 't06'], 'w06': ['t01', 't07'], 'w07': ['t00', 't06', 't02', 't04'], 'w08': ['t01', 't04', 't03', 't05'], 'w09': ['t00', 't05', 't06', 't07']}, 'task_val_dict': {'t00': 10.248915734771868, 't01': 9.98799726218229, 't02': 6.686117355202918, 't03': 3.944907345729617, 't04': 5.00637400647144, 't05': 4.957728524070193, 't06': 4.202037553672904, 't07': 9.605954450115984, 't08': 14.505796857035838, 't09': 2.557392141790487}, 'worke_cost': {'w00': 12.855100351324213, 'w01': 7.038324839184184, 'w02': 11.0313464028593, 'w03': 14.504089996155185, 'w04': 5.308587886135541, 'w05': 20.19433807927247, 'w06': 23.18869504664179, 'w07': 8.655730057751455, 'w08': 18.37359125180489, 'w09': 33.14602791976256}, 'n': 10, 'm': 10, 'solution': {'w04', 'w07', 'w01'}, 'value': 29.69248210341641}"
Official_Experiment_dgreedy_dataset_03_instance_18_17_exec,"{'task_file': 'C:\\Users\\Konstantina\\Desktop\\HDrop20-master-thesis-experiments\\data\\data_files\\03_dataset_10_workers_10_tasks\\instance_18\\tasks.csv', 'worker_file': 'C:\\Users\\Konstantina\\Desktop\\HDrop20-master-thesis-experiments\\data\\data_files\\03_dataset_10_workers_10_tasks\\instance_18\\workers.csv', 'workers': {'w01', 'w05', 'w09', 'w07', 'w04', 'w00', 'w06', 'w08', 'w02', 'w03'}, 'workers_df':         cost           skills  user_id user_name  y_star_index
0   3.194977            [t01]        0       w00           0.0
1   6.087424  [t00, t06, t07]        1       w01           1.0
2   5.890716       [t01, t02]        2       w02           1.0
3   7.596792            [t00]        3       w03           0.0
4   3.193631  [t01, t07, t04]        4       w04           0.0
5  22.183618  [t00, t04, t03]        5       w05           0.0
6  11.667395       [t01, t05]        6       w06           0.0
7  22.050546  [t00, t03, t06]        7       w07           0.0
8   8.460675  [t01, t06, t07]        8       w08           0.0
9  34.600487  [t00, t07, t02]        9       w09           0.0, 'tasks_df':   skill  skill_id  valuation  x_star_index
0   t00         0   8.423493           1.0
1   t01         1  19.608664           1.0
2   t02         2  13.809835           1.0
3   t03         3   1.122449           0.0
4   t04         4   2.531285           0.0
5   t05         5   6.082909           0.0
6   t06         6  16.105053           1.0
7   t07         7   3.705035           1.0
8   t08         8   4.645942           0.0
9   t09         9   6.240827           0.0, 'task_set': {'t06', 't08', 't02', 't09', 't01', 't00', 't03', 't07', 't05', 't04'}, 'worker_task_dict': {'w00': ['t01'], 'w01': ['t00', 't06', 't07'], 'w02': ['t01', 't02'], 'w03': ['t00'], 'w04': ['t01', 't07', 't04'], 'w05': ['t00', 't04', 't03'], 'w06': ['t01', 't05'], 'w07': ['t00', 't03', 't06'], 'w08': ['t01', 't06', 't07'], 'w09': ['t00', 't07', 't02']}, 'task_val_dict': {'t00': 8.423492720458674, 't01': 19.608663663355202, 't02': 13.809834969080464, 't03': 1.122449268827739, 't04': 2.5312850493152985, 't05': 6.082909253577554, 't06': 16.105052519384166, 't07': 3.7050352269676936, 't08': 4.6459423199407635, 't09': 6.240827484014115}, 'worke_cost': {'w00': 3.1949774225743948, 'w01': 6.087424130123253, 'w02': 5.890716232172212, 'w03': 7.596791549647953, 'w04': 3.1936305850724582, 'w05': 22.183618203959547, 'w06': 11.66739461033757, 'w07': 22.050545629761906, 'w08': 8.46067542548546, 'w09': 34.600486958099125}, 'n': 10, 'm': 10, 'solution': {'w01', 'w02'}, 'value': 49.67393873695073}"
Official_Experiment_dgreedy_dataset_03_instance_19_18_exec,"{'task_file': 'C:\\Users\\Konstantina\\Desktop\\HDrop20-master-thesis-experiments\\data\\data_files\\03_dataset_10_workers_10_tasks\\instance_19\\tasks.csv', 'worker_file': 'C:\\Users\\Konstantina\\Desktop\\HDrop20-master-thesis-experiments\\data\\data_files\\03_dataset_10_workers_10_tasks\\instance_19\\workers.csv', 'workers': {'w01', 'w05', 'w09', 'w07', 'w04', 'w00', 'w06', 'w08', 'w02', 'w03'}, 'workers_df':         cost                skills  user_id user_name  y_star_index
0  10.397895       [t01, t06, t07]        0       w00           0.0
1   2.166137                 [t00]        1       w01           0.0
2  11.529910       [t01, t07, t02]        2       w02           0.0
3   5.043206            [t00, t04]        3       w03           0.0
4   2.722612            [t01, t03]        4       w04           1.0
5  18.409888       [t00, t02, t05]        5       w05           0.0
6  14.827814       [t01, t05, t06]        6       w06           0.0
7  12.419377  [t00, t06, t07, t02]        7       w07           1.0
8  34.354088  [t01, t02, t04, t03]        8       w08           0.0
9   9.737415            [t00, t05]        9       w09           0.0, 'tasks_df':   skill  skill_id  valuation  x_star_index
0   t00         0  11.035578           1.0
1   t01         1   9.718884           1.0
2   t02         2  13.139838           1.0
3   t03         3  15.553784           1.0
4   t04         4   2.500571           0.0
5   t05         5   4.128533           0.0
6   t06         6   4.838647           1.0
7   t07         7   9.169661           1.0
8   t08         8  12.173936           0.0
9   t09         9   7.418986           0.0, 'task_set': {'t06', 't08', 't02', 't09', 't01', 't00', 't03', 't07', 't05', 't04'}, 'worker_task_dict': {'w00': ['t01', 't06', 't07'], 'w01': ['t00'], 'w02': ['t01', 't07', 't02'], 'w03': ['t00', 't04'], 'w04': ['t01', 't03'], 'w05': ['t00', 't02', 't05'], 'w06': ['t01', 't05', 't06'], 'w07': ['t00', 't06', 't07', 't02'], 'w08': ['t01', 't02', 't04', 't03'], 'w09': ['t00', 't05']}, 'task_val_dict': {'t00': 11.035578471776562, 't01': 9.718884175013793, 't02': 13.139837700731215, 't03': 15.553784030915713, 't04': 2.5005708205519683, 't05': 4.128532516244613, 't06': 4.838647342738168, 't07': 9.16966147637524, 't08': 12.173936208259333, 't09': 7.418985676736067}, 'worke_cost': {'w00': 10.397895168729512, 'w01': 2.1661370726120177, 'w02': 11.529910087918164, 'w03': 5.043205796095194, 'w04': 2.722612251390788, 'w05': 18.40988843576337, 'w06': 14.827814004008086, 'w07': 12.41937742004508, 'w08': 34.35408819294334, 'w09': 9.737415064522931}, 'n': 10, 'm': 10, 'solution': {'w04', 'w07'}, 'value': 48.314403526114816}"
Official_Experiment_dgreedy_dataset_03_instance_20_19_exec,"{'task_file': 'C:\\Users\\Konstantina\\Desktop\\HDrop20-master-thesis-experiments\\data\\data_files\\03_dataset_10_workers_10_tasks\\instance_20\\tasks.csv', 'worker_file': 'C:\\Users\\Konstantina\\Desktop\\HDrop20-master-thesis-experiments\\data\\data_files\\03_dataset_10_workers_10_tasks\\instance_20\\workers.csv', 'workers': {'w01', 'w05', 'w09', 'w07', 'w04', 'w00', 'w06', 'w08', 'w02', 'w03'}, 'workers_df':         cost                     skills  user_id user_name  y_star_index
0  10.490722            [t01, t06, t07]        0       w00           0.0
1  16.833936                 [t00, t02]        1       w01           0.0
2   7.631407            [t01, t07, t04]        2       w02           0.0
3   4.445367            [t00, t04, t03]        3       w03           0.0
4   8.839686            [t01, t03, t05]        4       w04           1.0
5  21.990918                 [t00, t06]        5       w05           0.0
6  23.866482            [t01, t05, t07]        6       w06           0.0
7  15.457715  [t00, t07, t02, t04, t09]        7       w07           1.0
8  33.519748  [t01, t04, t03, t05, t08]        8       w08           0.0
9  59.372490            [t00, t05, t06]        9       w09           0.0, 'tasks_df':   skill  skill_id  valuation  x_star_index
0   t00         0  15.293309           1.0
1   t01         1  12.373712           1.0
2   t02         2   6.550153           1.0
3   t03         3  12.669612           1.0
4   t04         4  17.497253           1.0
5   t05         5   8.963062           1.0
6   t06         6   2.357631           0.0
7   t07         7  13.626151           1.0
8   t08         8  13.450277           0.0
9   t09         9   8.061941           1.0, 'task_set': {'t06', 't08', 't02', 't09', 't01', 't00', 't03', 't07', 't05', 't04'}, 'worker_task_dict': {'w00': ['t01', 't06', 't07'], 'w01': ['t00', 't02'], 'w02': ['t01', 't07', 't04'], 'w03': ['t00', 't04', 't03'], 'w04': ['t01', 't03', 't05'], 'w05': ['t00', 't06'], 'w06': ['t01', 't05', 't07'], 'w07': ['t00', 't07', 't02', 't04', 't09'], 'w08': ['t01', 't04', 't03', 't05', 't08'], 'w09': ['t00', 't05', 't06']}, 'task_val_dict': {'t00': 15.2933085935281, 't01': 12.373712235555857, 't02': 6.550152554088942, 't03': 12.669612389449847, 't04': 17.497253023279132, 't05': 8.963062463067214, 't06': 2.357630573925148, 't07': 13.62615118987154, 't08': 13.450277280786741, 't09': 8.061940558965428}, 'worke_cost': {'w00': 10.490721601182804, 'w01': 16.83393592859674, 'w02': 7.631407372524293, 'w03': 4.445367419765319, 'w04': 8.83968576970841, 'w05': 21.990918485305368, 'w06': 23.866482166988963, 'w07': 15.457715139015642, 'w08': 33.51974808824409, 'w09': 59.372490292326184}, 'n': 10, 'm': 10, 'solution': {'w03', 'w04', 'w02'}, 'value': 59.506639332753664}"
Official_Experiment_dgreedy_dataset_03_instance_21_20_exec,"{'task_file': 'C:\\Users\\Konstantina\\Desktop\\HDrop20-master-thesis-experiments\\data\\data_files\\03_dataset_10_workers_10_tasks\\instance_21\\tasks.csv', 'worker_file': 'C:\\Users\\Konstantina\\Desktop\\HDrop20-master-thesis-experiments\\data\\data_files\\03_dataset_10_workers_10_tasks\\instance_21\\workers.csv', 'workers': {'w01', 'w05', 'w09', 'w07', 'w04', 'w00', 'w06', 'w08', 'w02', 'w03'}, 'workers_df':         cost           skills  user_id user_name  y_star_index
0   4.802243  [t01, t06, t07]        0       w00           0.0
1   3.200086  [t00, t07, t02]        1       w01           1.0
2  20.126460            [t01]        2       w02           0.0
3  23.022975  [t00, t02, t04]        3       w03           0.0
4  10.833581       [t01, t03]        4       w04           1.0
5   5.927204       [t00, t05]        5       w05           1.0
6   4.573628       [t01, t06]        6       w06           0.0
7  11.856394       [t00, t07]        7       w07           0.0
8  17.935966       [t01, t02]        8       w08           0.0
9   4.880957  [t00, t04, t04]        9       w09           1.0, 'tasks_df':   skill  skill_id  valuation  x_star_index
0   t00         0  18.738460           1.0
1   t01         1  12.810594           1.0
2   t02         2  15.196427           1.0
3   t03         3  16.221445           1.0
4   t04         4   9.412541           1.0
5   t05         5  16.466334           1.0
6   t06         6   7.553920           0.0
7   t07         7  17.252443           1.0
8   t08         8   3.310402           0.0
9   t09         9  11.105831           0.0, 'task_set': {'t06', 't08', 't02', 't09', 't01', 't00', 't03', 't07', 't05', 't04'}, 'worker_task_dict': {'w00': ['t01', 't06', 't07'], 'w01': ['t00', 't07', 't02'], 'w02': ['t01'], 'w03': ['t00', 't02', 't04'], 'w04': ['t01', 't03'], 'w05': ['t00', 't05'], 'w06': ['t01', 't06'], 'w07': ['t00', 't07'], 'w08': ['t01', 't02'], 'w09': ['t00', 't04', 't04']}, 'task_val_dict': {'t00': 18.738459882047625, 't01': 12.810593912091694, 't02': 15.196427144371949, 't03': 16.221444746674692, 't04': 9.412541187833977, 't05': 16.466333704428482, 't06': 7.553920422249345, 't07': 17.252442681217634, 't08': 3.3104017154130334, 't09': 11.105831341135778}, 'worke_cost': {'w00': 4.8022429259054835, 'w01': 3.2000864966790217, 'w02': 20.126459522257914, 'w03': 23.022975065037908, 'w04': 10.833581329029704, 'w05': 5.927203942154135, 'w06': 4.573627675441979, 'w07': 11.85639371364994, 'w08': 17.935966373104225, 'w09': 4.880956976020991}, 'n': 10, 'm': 10, 'solution': {'w04', 'w06', 'w01', 'w05'}, 'value': 79.70512304977657}"
Official_Experiment_dgreedy_dataset_03_instance_22_21_exec,"{'task_file': 'C:\\Users\\Konstantina\\Desktop\\HDrop20-master-thesis-experiments\\data\\data_files\\03_dataset_10_workers_10_tasks\\instance_22\\tasks.csv', 'worker_file': 'C:\\Users\\Konstantina\\Desktop\\HDrop20-master-thesis-experiments\\data\\data_files\\03_dataset_10_workers_10_tasks\\instance_22\\workers.csv', 'workers': {'w01', 'w05', 'w09', 'w07', 'w04', 'w00', 'w06', 'w08', 'w02', 'w03'}, 'workers_df':         cost           skills  user_id user_name  y_star_index
0   2.529788       [t01, t06]        0       w00           1.0
1   7.478669  [t00, t07, t02]        1       w01           0.0
2  12.400876  [t01, t02, t04]        2       w02           0.0
3  22.917881       [t00, t03]        3       w03           0.0
4   4.871138            [t01]        4       w04           0.0
5  20.909213  [t00, t04, t05]        5       w05           0.0
6  18.839076            [t01]        6       w06           0.0
7  17.170843       [t00, t06]        7       w07           0.0
8  14.148203       [t01, t07]        8       w08           0.0
9   2.223977  [t00, t05, t02]        9       w09           1.0, 'tasks_df':   skill  skill_id  valuation  x_star_index
0   t00         0  16.704831           1.0
1   t01         1   9.878227           1.0
2   t02         2   4.791374           1.0
3   t03         3  18.384603           0.0
4   t04         4   9.376684           0.0
5   t05         5  19.968406           1.0
6   t06         6  16.829696           1.0
7   t07         7   6.322234           0.0
8   t08         8   7.404528           0.0
9   t09         9   8.084292           0.0, 'task_set': {'t06', 't08', 't02', 't09', 't01', 't00', 't03', 't07', 't05', 't04'}, 'worker_task_dict': {'w00': ['t01', 't06'], 'w01': ['t00', 't07', 't02'], 'w02': ['t01', 't02', 't04'], 'w03': ['t00', 't03'], 'w04': ['t01'], 'w05': ['t00', 't04', 't05'], 'w06': ['t01'], 'w07': ['t00', 't06'], 'w08': ['t01', 't07'], 'w09': ['t00', 't05', 't02']}, 'task_val_dict': {'t00': 16.704831167513486, 't01': 9.878227302193947, 't02': 4.791373837330659, 't03': 18.384602711124558, 't04': 9.376683578833877, 't05': 19.96840640299211, 't06': 16.829695539568473, 't07': 6.322233505592946, 't08': 7.404527773734592, 't09': 8.084291973729718}, 'worke_cost': {'w00': 2.5297883116363664, 'w01': 7.478669040695064, 'w02': 12.400875701341024, 'w03': 22.917881051514343, 'w04': 4.87113842332632, 'w05': 20.909212658362485, 'w06': 18.83907588192311, 'w07': 17.170843192872656, 'w08': 14.148202591094925, 'w09': 2.2239773633340327}, 'n': 10, 'm': 10, 'solution': {'w09', 'w00'}, 'value': 63.418768574628274}"
Official_Experiment_dgreedy_dataset_03_instance_23_22_exec,"{'task_file': 'C:\\Users\\Konstantina\\Desktop\\HDrop20-master-thesis-experiments\\data\\data_files\\03_dataset_10_workers_10_tasks\\instance_23\\tasks.csv', 'worker_file': 'C:\\Users\\Konstantina\\Desktop\\HDrop20-master-thesis-experiments\\data\\data_files\\03_dataset_10_workers_10_tasks\\instance_23\\workers.csv', 'workers': {'w01', 'w05', 'w09', 'w07', 'w04', 'w00', 'w06', 'w08', 'w02', 'w03'}, 'workers_df':         cost           skills  user_id user_name  y_star_index
0  10.896823  [t01, t06, t07]        0       w00           1.0
1  16.217046       [t00, t02]        1       w01           0.0
2  20.461101       [t01, t04]        2       w02           0.0
3  21.665977  [t00, t07, t03]        3       w03           0.0
4  19.264015       [t01, t05]        4       w04           0.0
5   8.406397  [t00, t03, t06]        5       w05           1.0
6  16.005649            [t01]        6       w06           0.0
7  14.191536  [t00, t06, t07]        7       w07           0.0
8  13.468994  [t01, t07, t02]        8       w08           0.0
9   1.911930  [t00, t02, t04]        9       w09           1.0, 'tasks_df':   skill  skill_id  valuation  x_star_index
0   t00         0  15.155489           1.0
1   t01         1   6.034099           1.0
2   t02         2  18.207361           1.0
3   t03         3  17.639214           1.0
4   t04         4   7.990784           1.0
5   t05         5   8.704748           0.0
6   t06         6   2.268789           1.0
7   t07         7   8.923208           1.0
8   t08         8   9.387823           0.0
9   t09         9   1.265640           0.0, 'task_set': {'t06', 't08', 't02', 't09', 't01', 't00', 't03', 't07', 't05', 't04'}, 'worker_task_dict': {'w00': ['t01', 't06', 't07'], 'w01': ['t00', 't02'], 'w02': ['t01', 't04'], 'w03': ['t00', 't07', 't03'], 'w04': ['t01', 't05'], 'w05': ['t00', 't03', 't06'], 'w06': ['t01'], 'w07': ['t00', 't06', 't07'], 'w08': ['t01', 't07', 't02'], 'w09': ['t00', 't02', 't04']}, 'task_val_dict': {'t00': 15.155488897362893, 't01': 6.034098697847733, 't02': 18.207361383786534, 't03': 17.639214410570812, 't04': 7.990783620459298, 't05': 8.704748192665335, 't06': 2.2687885810617114, 't07': 8.923208050752804, 't08': 9.387822949790749, 't09': 1.2656395657032653}, 'worke_cost': {'w00': 10.896823349901288, 'w01': 16.217045840011888, 'w02': 20.461100997732004, 'w03': 21.665977339062987, 'w04': 19.264015274892664, 'w05': 8.40639710060429, 'w06': 16.00564935015212, 'w07': 14.19153591842943, 'w08': 13.468994003585566, 'w09': 1.9119302893090209}, 'n': 10, 'm': 10, 'solution': {'w09', 'w00', 'w05'}, 'value': 55.00379290202719}"
Official_Experiment_dgreedy_dataset_03_instance_24_23_exec,"{'task_file': 'C:\\Users\\Konstantina\\Desktop\\HDrop20-master-thesis-experiments\\data\\data_files\\03_dataset_10_workers_10_tasks\\instance_24\\tasks.csv', 'worker_file': 'C:\\Users\\Konstantina\\Desktop\\HDrop20-master-thesis-experiments\\data\\data_files\\03_dataset_10_workers_10_tasks\\instance_24\\workers.csv', 'workers': {'w01', 'w05', 'w09', 'w07', 'w04', 'w00', 'w06', 'w08', 'w02', 'w03'}, 'workers_df':         cost           skills  user_id user_name  y_star_index
0  19.827722       [t01, t06]        0       w00           0.0
1  16.624740  [t00, t07, t02]        1       w01           0.0
2  21.121824       [t01, t04]        2       w02           0.0
3  13.763051       [t00, t03]        3       w03           0.0
4  13.662305       [t01, t05]        4       w04           0.0
5   5.272444  [t00, t02, t06]        5       w05           1.0
6  22.994341  [t01, t06, t07]        6       w06           0.0
7  23.260879       [t00, t02]        7       w07           0.0
8  16.302376  [t01, t07, t04]        8       w08           0.0
9   6.062130            [t00]        9       w09           0.0, 'tasks_df':   skill  skill_id  valuation  x_star_index
0   t00         0   2.333791           1.0
1   t01         1   3.395901           0.0
2   t02         2  17.137335           1.0
3   t03         3   1.739329           0.0
4   t04         4   3.936469           0.0
5   t05         5  10.119324           0.0
6   t06         6   9.491698           1.0
7   t07         7   7.486742           0.0
8   t08         8   2.245828           0.0
9   t09         9  11.217720           0.0, 'task_set': {'t06', 't08', 't02', 't09', 't01', 't00', 't03', 't07', 't05', 't04'}, 'worker_task_dict': {'w00': ['t01', 't06'], 'w01': ['t00', 't07', 't02'], 'w02': ['t01', 't04'], 'w03': ['t00', 't03'], 'w04': ['t01', 't05'], 'w05': ['t00', 't02', 't06'], 'w06': ['t01', 't06', 't07'], 'w07': ['t00', 't02'], 'w08': ['t01', 't07', 't04'], 'w09': ['t00']}, 'task_val_dict': {'t00': 2.3337908151747264, 't01': 3.3959007367142395, 't02': 17.137334956702382, 't03': 1.7393294110633906, 't04': 3.936468701481104, 't05': 10.119323828161004, 't06': 9.491698079571293, 't07': 7.48674172575693, 't08': 2.245827544053028, 't09': 11.217720368449688}, 'worke_cost': {'w00': 19.827722035148078, 'w01': 16.62473982036807, 'w02': 21.12182432951734, 'w03': 13.763051221078248, 'w04': 13.662305408923292, 'w05': 5.272444110989233, 'w06': 22.994340833021845, 'w07': 23.26087877333559, 'w08': 16.302376154135462, 'w09': 6.062129920073928}, 'n': 10, 'm': 10, 'solution': {'w05'}, 'value': 23.690379740459168}"
Official_Experiment_dgreedy_dataset_03_instance_25_24_exec,"{'task_file': 'C:\\Users\\Konstantina\\Desktop\\HDrop20-master-thesis-experiments\\data\\data_files\\03_dataset_10_workers_10_tasks\\instance_25\\tasks.csv', 'worker_file': 'C:\\Users\\Konstantina\\Desktop\\HDrop20-master-thesis-experiments\\data\\data_files\\03_dataset_10_workers_10_tasks\\instance_25\\workers.csv', 'workers': {'w01', 'w05', 'w09', 'w07', 'w04', 'w00', 'w06', 'w08', 'w02', 'w03'}, 'workers_df':         cost           skills  user_id user_name  y_star_index
0  13.796331       [t01, t06]        0       w00           0.0
1  16.267548            [t00]        1       w01           0.0
2  18.645816  [t01, t07, t02]        2       w02           0.0
3   9.500137  [t00, t02, t04]        3       w03           0.0
4  13.655904       [t01, t03]        4       w04           1.0
5  15.775632            [t00]        5       w05           0.0
6   6.235052  [t01, t04, t05]        6       w06           1.0
7  14.051964       [t00, t06]        7       w07           0.0
8   8.925727  [t01, t05, t07]        8       w08           1.0
9   2.792131       [t00, t02]        9       w09           1.0, 'tasks_df':   skill  skill_id  valuation  x_star_index
0   t00         0  15.713106           1.0
1   t01         1  17.474968           1.0
2   t02         2  14.095228           1.0
3   t03         3  14.826071           1.0
4   t04         4  18.568742           1.0
5   t05         5  16.798585           1.0
6   t06         6  13.397891           0.0
7   t07         7  11.100557           1.0
8   t08         8  17.481761           0.0
9   t09         9  19.604822           0.0, 'task_set': {'t06', 't08', 't02', 't09', 't01', 't00', 't03', 't07', 't05', 't04'}, 'worker_task_dict': {'w00': ['t01', 't06'], 'w01': ['t00'], 'w02': ['t01', 't07', 't02'], 'w03': ['t00', 't02', 't04'], 'w04': ['t01', 't03'], 'w05': ['t00'], 'w06': ['t01', 't04', 't05'], 'w07': ['t00', 't06'], 'w08': ['t01', 't05', 't07'], 'w09': ['t00', 't02']}, 'task_val_dict': {'t00': 15.713105589103694, 't01': 17.4749675610755, 't02': 14.095228450739555, 't03': 14.826070643232248, 't04': 18.568741913673747, 't05': 16.79858465914598, 't06': 13.397890655838376, 't07': 11.1005569922895, 't08': 17.481760679381328, 't09': 19.604821772211906}, 'worke_cost': {'w00': 13.79633144947886, 'w01': 16.267548169955305, 'w02': 18.645815819198138, 'w03': 9.500136628604906, 'w04': 13.655903767542682, 'w05': 15.775631778821285, 'w06': 6.235051568066335, 'w07': 14.051964468489844, 'w08': 8.925726923826467, 'w09': 2.7921306010532523}, 'n': 10, 'm': 10, 'solution': {'w06', 'w08', 'w09'}, 'value': 75.79827607308192}"
Official_Experiment_dgreedy_dataset_03_instance_26_25_exec,"{'task_file': 'C:\\Users\\Konstantina\\Desktop\\HDrop20-master-thesis-experiments\\data\\data_files\\03_dataset_10_workers_10_tasks\\instance_26\\tasks.csv', 'worker_file': 'C:\\Users\\Konstantina\\Desktop\\HDrop20-master-thesis-experiments\\data\\data_files\\03_dataset_10_workers_10_tasks\\instance_26\\workers.csv', 'workers': {'w01', 'w05', 'w09', 'w07', 'w04', 'w00', 'w06', 'w08', 'w02', 'w03'}, 'workers_df':         cost           skills  user_id user_name  y_star_index
0   6.568170  [t01, t06, t07]        0       w00           1.0
1  10.184664            [t00]        1       w01           0.0
2   3.344619  [t01, t07, t02]        2       w02           0.0
3   3.848492       [t00, t04]        3       w03           1.0
4   6.077275            [t01]        4       w04           0.0
5  10.012782  [t00, t02, t03]        5       w05           0.0
6  10.873646            [t01]        6       w06           0.0
7  15.698244       [t00, t05]        7       w07           1.0
8  14.290334       [t01, t06]        8       w08           0.0
9   2.603707  [t00, t03, t07]        9       w09           1.0, 'tasks_df':   skill  skill_id  valuation  x_star_index
0   t00         0  18.108940           1.0
1   t01         1  15.623830           1.0
2   t02         2   1.505845           0.0
3   t03         3   5.330709           1.0
4   t04         4  15.935436           1.0
5   t05         5  15.854174           1.0
6   t06         6   8.554385           1.0
7   t07         7   9.745579           1.0
8   t08         8  10.874918           0.0
9   t09         9   1.581968           0.0, 'task_set': {'t06', 't08', 't02', 't09', 't01', 't00', 't03', 't07', 't05', 't04'}, 'worker_task_dict': {'w00': ['t01', 't06', 't07'], 'w01': ['t00'], 'w02': ['t01', 't07', 't02'], 'w03': ['t00', 't04'], 'w04': ['t01'], 'w05': ['t00', 't02', 't03'], 'w06': ['t01'], 'w07': ['t00', 't05'], 'w08': ['t01', 't06'], 'w09': ['t00', 't03', 't07']}, 'task_val_dict': {'t00': 18.10894000300024, 't01': 15.623830293100914, 't02': 1.5058452297476494, 't03': 5.3307092461235595, 't04': 15.93543595720669, 't05': 15.854173512274757, 't06': 8.554384749415009, 't07': 9.745579412094832, 't08': 10.874918150390432, 't09': 1.5819675350022129}, 'worke_cost': {'w00': 6.568169545969781, 'w01': 10.184663903869296, 'w02': 3.344619401100528, 'w03': 3.848491805899595, 'w04': 6.077275034547568, 'w05': 10.012781816604424, 'w06': 10.873646446924818, 'w07': 15.698243980622804, 'w08': 14.290333600679546, 'w09': 2.6037066779514744}, 'n': 10, 'm': 10, 'solution': {'w03', 'w09', 'w07', 'w00'}, 'value': 60.434441162772345}"
Official_Experiment_dgreedy_dataset_03_instance_27_26_exec,"{'task_file': 'C:\\Users\\Konstantina\\Desktop\\HDrop20-master-thesis-experiments\\data\\data_files\\03_dataset_10_workers_10_tasks\\instance_27\\tasks.csv', 'worker_file': 'C:\\Users\\Konstantina\\Desktop\\HDrop20-master-thesis-experiments\\data\\data_files\\03_dataset_10_workers_10_tasks\\instance_27\\workers.csv', 'workers': {'w01', 'w05', 'w09', 'w07', 'w04', 'w00', 'w06', 'w08', 'w02', 'w03'}, 'workers_df':         cost           skills  user_id user_name  y_star_index
0  11.094759            [t01]        0       w00           0.0
1  14.741651       [t00, t06]        1       w01           0.0
2  21.217642  [t01, t07, t02]        2       w02           0.0
3  19.637742  [t00, t02, t04]        3       w03           1.0
4  12.781706  [t01, t04, t03]        4       w04           0.0
5  19.553747            [t00]        5       w05           0.0
6  11.586280            [t01]        6       w06           0.0
7   1.060836  [t00, t03, t05]        7       w07           1.0
8   2.937368  [t01, t05, t06]        8       w08           0.0
9   7.893765  [t00, t06, t07]        9       w09           1.0, 'tasks_df':   skill  skill_id  valuation  x_star_index
0   t00         0   2.862981           1.0
1   t01         1   1.218288           0.0
2   t02         2  17.928310           1.0
3   t03         3  10.315448           1.0
4   t04         4   6.970429           1.0
5   t05         5   8.547131           1.0
6   t06         6   7.605499           1.0
7   t07         7  19.979274           1.0
8   t08         8   7.776085           0.0
9   t09         9   8.150545           0.0, 'task_set': {'t06', 't08', 't02', 't09', 't01', 't00', 't03', 't07', 't05', 't04'}, 'worker_task_dict': {'w00': ['t01'], 'w01': ['t00', 't06'], 'w02': ['t01', 't07', 't02'], 'w03': ['t00', 't02', 't04'], 'w04': ['t01', 't04', 't03'], 'w05': ['t00'], 'w06': ['t01'], 'w07': ['t00', 't03', 't05'], 'w08': ['t01', 't05', 't06'], 'w09': ['t00', 't06', 't07']}, 'task_val_dict': {'t00': 2.862980749781741, 't01': 1.2182877919114452, 't02': 17.928309895235177, 't03': 10.315447970542236, 't04': 6.970429390626166, 't05': 8.547130642672991, 't06': 7.605499182778108, 't07': 19.97927446407846, 't08': 7.776085013878211, 't09': 8.150545395862059}, 'worke_cost': {'w00': 11.0947589486909, 'w01': 14.74165139457192, 'w02': 21.217641603447014, 'w03': 19.63774200107729, 'w04': 12.781705692593922, 'w05': 19.553746626351032, 'w06': 11.586279911983144, 'w07': 1.0608361865647329, 'w08': 2.9373679955130583, 'w09': 7.893765118735077}, 'n': 10, 'm': 10, 'solution': {'w03', 'w09', 'w07'}, 'value': 45.61672898933779}"
Official_Experiment_dgreedy_dataset_03_instance_28_27_exec,"{'task_file': 'C:\\Users\\Konstantina\\Desktop\\HDrop20-master-thesis-experiments\\data\\data_files\\03_dataset_10_workers_10_tasks\\instance_28\\tasks.csv', 'worker_file': 'C:\\Users\\Konstantina\\Desktop\\HDrop20-master-thesis-experiments\\data\\data_files\\03_dataset_10_workers_10_tasks\\instance_28\\workers.csv', 'workers': {'w01', 'w05', 'w09', 'w07', 'w04', 'w00', 'w06', 'w08', 'w02', 'w03'}, 'workers_df':         cost           skills  user_id user_name  y_star_index
0   5.321555            [t01]        0       w00           0.0
1  15.288085       [t00, t06]        1       w01           0.0
2   7.640355            [t01]        2       w02           0.0
3  17.482624            [t00]        3       w03           0.0
4   2.838911  [t01, t07, t02]        4       w04           1.0
5  16.845285       [t00, t04]        5       w05           0.0
6   8.251903       [t01, t03]        6       w06           1.0
7   7.112931  [t00, t02, t05]        7       w07           1.0
8  19.031179            [t01]        8       w08           0.0
9  23.467778       [t00, t06]        9       w09           0.0, 'tasks_df':   skill  skill_id  valuation  x_star_index
0   t00         0  17.291188           1.0
1   t01         1   9.080510           1.0
2   t02         2   5.341301           1.0
3   t03         3  14.947327           1.0
4   t04         4   7.414270           0.0
5   t05         5   7.576386           1.0
6   t06         6   5.170102           0.0
7   t07         7   9.623281           1.0
8   t08         8   4.116257           0.0
9   t09         9  16.035807           0.0, 'task_set': {'t06', 't08', 't02', 't09', 't01', 't00', 't03', 't07', 't05', 't04'}, 'worker_task_dict': {'w00': ['t01'], 'w01': ['t00', 't06'], 'w02': ['t01'], 'w03': ['t00'], 'w04': ['t01', 't07', 't02'], 'w05': ['t00', 't04'], 'w06': ['t01', 't03'], 'w07': ['t00', 't02', 't05'], 'w08': ['t01'], 'w09': ['t00', 't06']}, 'task_val_dict': {'t00': 17.29118822400445, 't01': 9.080510136582411, 't02': 5.341300725740866, 't03': 14.947327350722096, 't04': 7.414270170082292, 't05': 7.576386443536447, 't06': 5.170102086382512, 't07': 9.623281018784525, 't08': 4.116256575850946, 't09': 16.035807333103303}, 'worke_cost': {'w00': 5.321554842188981, 'w01': 15.288085433079539, 'w02': 7.640354744588254, 'w03': 17.482623686130665, 'w04': 2.8389111708945807, 'w05': 16.845285357528265, 'w06': 8.251902830640423, 'w07': 7.112931182903488, 'w08': 19.03117921836548, 'w09': 23.467778382393185}, 'n': 10, 'm': 10, 'solution': {'w04', 'w06', 'w07'}, 'value': 45.6562487149323}"
Official_Experiment_dgreedy_dataset_03_instance_29_28_exec,"{'task_file': 'C:\\Users\\Konstantina\\Desktop\\HDrop20-master-thesis-experiments\\data\\data_files\\03_dataset_10_workers_10_tasks\\instance_29\\tasks.csv', 'worker_file': 'C:\\Users\\Konstantina\\Desktop\\HDrop20-master-thesis-experiments\\data\\data_files\\03_dataset_10_workers_10_tasks\\instance_29\\workers.csv', 'workers': {'w01', 'w05', 'w09', 'w07', 'w04', 'w00', 'w06', 'w08', 'w02', 'w03'}, 'workers_df':         cost           skills  user_id user_name  y_star_index
0   5.505551       [t01, t06]        0       w00           1.0
1  15.946331            [t00]        1       w01           0.0
2   9.534349  [t01, t07, t02]        2       w02           1.0
3   1.013340            [t00]        3       w03           0.0
4  22.804938       [t01, t04]        4       w04           0.0
5  15.695235       [t00, t03]        5       w05           1.0
6  14.275244       [t01, t05]        6       w06           0.0
7  20.671747            [t00]        7       w07           0.0
8  24.121088  [t01, t02, t06]        8       w08           0.0
9   1.333344            [t00]        9       w09           0.0, 'tasks_df':   skill  skill_id  valuation  x_star_index
0   t00         0   6.717307           1.0
1   t01         1  12.060508           1.0
2   t02         2   6.598498           1.0
3   t03         3  19.294004           1.0
4   t04         4   5.350527           0.0
5   t05         5   8.900001           0.0
6   t06         6  10.522295           1.0
7   t07         7  18.194272           1.0
8   t08         8   9.887253           0.0
9   t09         9   2.719071           0.0, 'task_set': {'t06', 't08', 't02', 't09', 't01', 't00', 't03', 't07', 't05', 't04'}, 'worker_task_dict': {'w00': ['t01', 't06'], 'w01': ['t00'], 'w02': ['t01', 't07', 't02'], 'w03': ['t00'], 'w04': ['t01', 't04'], 'w05': ['t00', 't03'], 'w06': ['t01', 't05'], 'w07': ['t00'], 'w08': ['t01', 't02', 't06'], 'w09': ['t00']}, 'task_val_dict': {'t00': 6.7173074039968785, 't01': 12.060508239690206, 't02': 6.598497710380844, 't03': 19.294004228584367, 't04': 5.3505273486241345, 't05': 8.900000631774057, 't06': 10.522295250020287, 't07': 18.194271920754016, 't08': 9.88725321704401, 't09': 2.7190707992638967}, 'worke_cost': {'w00': 5.505550976159346, 'w01': 15.946330716285793, 'w02': 9.53434893965263, 'w03': 1.0133398001071958, 'w04': 22.80493799209885, 'w05': 15.695235236655446, 'w06': 14.275243590544743, 'w07': 20.671747317563838, 'w08': 24.12108752762775, 'w09': 1.3333440426467815}, 'n': 10, 'm': 10, 'solution': {'w03', 'w00', 'w05', 'w02'}, 'value': 41.63840980085198}"
Official_Experiment_dgreedy_dataset_03_instance_30_29_exec,"{'task_file': 'C:\\Users\\Konstantina\\Desktop\\HDrop20-master-thesis-experiments\\data\\data_files\\03_dataset_10_workers_10_tasks\\instance_30\\tasks.csv', 'worker_file': 'C:\\Users\\Konstantina\\Desktop\\HDrop20-master-thesis-experiments\\data\\data_files\\03_dataset_10_workers_10_tasks\\instance_30\\workers.csv', 'workers': {'w01', 'w05', 'w09', 'w07', 'w04', 'w00', 'w06', 'w08', 'w02', 'w03'}, 'workers_df':         cost           skills  user_id user_name  y_star_index
0   4.288706  [t01, t06, t07]        0       w00           0.0
1   8.644728       [t00, t02]        1       w01           0.0
2  18.321954       [t01, t04]        2       w02           0.0
3  22.301619            [t00]        3       w03           0.0
4  10.591081  [t01, t07, t03]        4       w04           1.0
5  12.224503            [t00]        5       w05           0.0
6  20.698637  [t01, t03, t05]        6       w06           0.0
7  13.758024       [t00, t06]        7       w07           0.0
8   7.117910  [t01, t05, t07]        8       w08           1.0
9   1.742809  [t00, t07, t02]        9       w09           1.0, 'tasks_df':   skill  skill_id  valuation  x_star_index
0   t00         0  18.771866           1.0
1   t01         1  10.454503           1.0
2   t02         2   4.701967           1.0
3   t03         3  11.882563           1.0
4   t04         4   1.371908           0.0
5   t05         5  16.587502           1.0
6   t06         6   2.940900           0.0
7   t07         7   8.474784           1.0
8   t08         8  19.609438           0.0
9   t09         9  11.501267           0.0, 'task_set': {'t06', 't08', 't02', 't09', 't01', 't00', 't03', 't07', 't05', 't04'}, 'worker_task_dict': {'w00': ['t01', 't06', 't07'], 'w01': ['t00', 't02'], 'w02': ['t01', 't04'], 'w03': ['t00'], 'w04': ['t01', 't07', 't03'], 'w05': ['t00'], 'w06': ['t01', 't03', 't05'], 'w07': ['t00', 't06'], 'w08': ['t01', 't05', 't07'], 'w09': ['t00', 't07', 't02']}, 'task_val_dict': {'t00': 18.771865769427816, 't01': 10.45450301845079, 't02': 4.701967489889405, 't03': 11.882563207528053, 't04': 1.3719081438212062, 't05': 16.587501689259348, 't06': 2.940899939218225, 't07': 8.474784466627838, 't08': 19.609437680379493, 't09': 11.501266788923488}, 'worke_cost': {'w00': 4.2887055197038935, 'w01': 8.644727873276857, 'w02': 18.321953570382487, 'w03': 22.301618860829034, 'w04': 10.591081048615816, 'w05': 12.224503349873308, 'w06': 20.69863662090823, 'w07': 13.758024315584045, 'w08': 7.117909666706977, 'w09': 1.7428085527475456}, 'n': 10, 'm': 10, 'solution': {'w04', 'w09', 'w08'}, 'value': 51.42138637311292}"
