Official_Experiment_ROI_dataset_07_instance_01_0_exec,"{'task_file': 'C:\\Users\\Konstantina\\Desktop\\HDrop20-master-thesis-experiments\\data\\data_files\\07_dataset_20_workers_100_tasks\\instance_01\\tasks.csv', 'worker_file': 'C:\\Users\\Konstantina\\Desktop\\HDrop20-master-thesis-experiments\\data\\data_files\\07_dataset_20_workers_100_tasks\\instance_01\\workers.csv', 'workers': {'w0527', 'w0064', 'w0382', 'w1188', 'w0268', 'w1676', 'w1359', 'w0274', 'w1108', 'w1319', 'w1214', 'w0734', 'w0454', 'w0241', 'w0403', 'w0195', 'w0180', 'w1008', 'w0609', 'w0960'}, 'workers_df':     cost  ... y_star_index
0   12.0  ...          0.0
1    8.0  ...          0.0
2   10.0  ...          1.0
3   10.0  ...          0.0
4   12.0  ...          0.0
5    4.0  ...          1.0
6   16.0  ...          0.0
7   18.0  ...          0.0
8   10.0  ...          1.0
9   15.0  ...          0.0
10  20.0  ...          0.0
11  20.0  ...          0.0
12   8.0  ...          0.0
13  15.0  ...          0.0
14  30.0  ...          0.0
15  15.0  ...          0.0
16  20.0  ...          0.0
17  10.0  ...          1.0
18  23.0  ...          0.0
19  13.0  ...          0.0

[20 rows x 5 columns], 'tasks_df':                       skill  skill_id  valuation  x_star_index
0                    korean        87          7           0.0
1             telemarketing       147          6           0.0
2                 bootstrap        28          5           0.0
3       user interface / ia       154         10           0.0
4             forum posting        68         11           0.0
..                      ...       ...        ...           ...
113                 magento         0          0           0.0
114            mobile phone         0          0           0.0
115           banner design         0          0           0.0
116  electrical engineering         0          0           0.0
117                  joomla         0          0           0.0

[118 rows x 4 columns], 'task_set': {'translation', 'finance', 'asterisk pbx', 'perl', 'sem / adwords', 'greek', 'covers &amp; packaging', 'matlab &amp; mathematica', 'metatrader', 'bootstrap', 'voice talent', 'photo editing', 'statistics', 'product design', 'oracle', 'ajax', 'photoshop design', 'php', 'anything goes', 'illustrator', 'powerpoint', 'korean', 'pdf', 'c# programming', 'iphone', 'user interface / ia', 'algorithm', 'mathematics', 'robotics', 'blog', 'photography', 'wordpress', 'video broadcasting', 'sharepoint', 'game design', 'academic writing', 'caricature &amp; cartoons', 'banner design', 'joomla', 'psd to html', 'arabic', 'unity 3d', 'web scraping', 'brochure design', 'shell script', 'amazon web services', 'autocad', 'advertising', 'photoshop', 'videography', 'website design', 'android', 'cms', 'system admin', 'windows desktop', 'microcontroller', 'html', 'business plans', 'flash', 'japanese', 'drupal', 'social networking', 'email marketing', 'logo design', 'book writing', 'software architecture', 'graphic design', 'internet marketing', 'c programming', 'creative writing', 'virtuemart', 'travel writing', 'bulk marketing', 'music', 'electronics', 'latex', 'magento', 'research', 'apache', 'microsoft access', 'mobile phone', 'mysql', 'forum posting', 'technical writing', 'pcb layout', 'indesign', 'jquery / prototype', 'simplified chinese (china)', 'illustration', 'electrical engineering', 'copywriting', 'swedish', 'unix', 'mac os', 'transcription', 'video services', 'telemarketing', 'stationery design', 'business cards', '3d modelling', 'web search', 'voip', 'javascript', 'ecommerce', 'python', 'linux', 'ipad', 'sales', 'css', 'business analysis', '.net', 'prestashop', 'actionscript', 'marketing', 'mechanical engineering', 'c++ programming', 'project management', '3d animation'}, 'worker_task_dict': {'w1359': ['academic writing', 'marketing', 'business analysis', 'business plans'], 'w1188': ['translation', 'greek'], 'w0454': ['flash', 'php', 'website design', 'wordpress', 'graphic design'], 'w1676': ['windows desktop'], 'w0064': ['php', 'html', 'graphic design', 'website design', 'mysql'], 'w0527': ['photoshop', 'photo editing', 'illustrator', 'illustration', 'photoshop design'], 'w1319': ['php', 'software architecture'], 'w1008': ['website design', 'video services', 'graphic design', 'cms', 'ecommerce'], 'w0960': ['matlab &amp; mathematica', 'mathematics', 'c programming', 'c++ programming', 'algorithm'], 'w0180': ['php', 'wordpress', 'html', 'mysql', 'css'], 'w1214': ['php', 'translation', 'mysql', 'wordpress', 'javascript'], 'w0382': ['software architecture', 'php', 'c++ programming', 'matlab &amp; mathematica', 'mac os'], 'w1108': ['graphic design', 'illustrator', 'logo design', 'photoshop design', 'photoshop'], 'w0241': ['wordpress', 'php', 'magento', 'mysql', 'css'], 'w0403': ['php', 'mobile phone', 'iphone', 'python', 'android'], 'w0609': ['graphic design', 'logo design', 'illustrator', 'banner design', 'brochure design'], 'w0268': ['php', 'mysql', 'html', 'jquery / prototype'], 'w0734': ['electrical engineering', 'microcontroller', 'pcb layout', 'electronics', 'c programming'], 'w0274': ['website design', 'php', 'css', 'psd to html', 'html'], 'w0195': ['joomla', 'php', 'html', 'css', 'website design']}, 'task_val_dict': {'korean': 7, 'telemarketing': 6, 'bootstrap': 5, 'user interface / ia': 10, 'forum posting': 11, 'product design': 5, 'oracle': 10, 'japanese': 4, 'arabic': 10, 'swedish': 10, 'robotics': 7, 'unity 3d': 9, 'sharepoint': 4, 'covers &amp; packaging': 11, 'amazon web services': 9, 'simplified chinese (china)': 9, 'latex': 7, 'travel writing': 7, 'virtuemart': 9, 'creative writing': 6, 'videography': 8, 'social networking': 11, 'pcb layout': 9, 'prestashop': 10, 'stationery design': 9, 'advertising': 4, 'ajax': 10, 'email marketing': 11, 'mechanical engineering': 9, 'perl': 10, 'c++ programming': 7, 'drupal': 10, 'voice talent': 4, 'windows desktop': 13, 'voip': 11, 'metatrader': 7, 'sem / adwords': 8, 'project management': 5, 'microsoft access': 13, 'web search': 13, '3d modelling': 8, 'research': 9, 'system admin': 10, 'flash': 10, 'music': 2, 'business analysis': 12, 'anything goes': 11, 'electronics': 7, 'actionscript': 15, 'asterisk pbx': 12, 'caricature &amp; cartoons': 7, 'statistics': 14, 'technical writing': 3, 'indesign': 2, 'autocad': 10, 'powerpoint': 9, '3d animation': 10, 'finance': 13, 'video broadcasting': 9, 'game design': 10, 'python': 10, 'sales': 8, 'ipad': 10, 'business cards': 8, 'unix': 12, 'pdf': 7, 'microcontroller': 9, 'algorithm': 11, 'transcription': 8, 'shell script': 5, 'ecommerce': 14, 'blog': 12, 'photography': 4, 'jquery / prototype': 7, 'psd to html': 7, 'apache': 1, 'c# programming': 10, 'bulk marketing': 8, 'brochure design': 6, 'book writing': 6, 'php': 9, 'illustrator': 9, 'translation': 10, 'web scraping': 12, 'linux': 10, 'software architecture': 10, '.net': 12, 'logo design': 5, 'mysql': 10, 'c programming': 11, 'html': 2, 'iphone': 7, 'illustration': 11, 'academic writing': 7, 'copywriting': 8, 'internet marketing': 7, 'website design': 11, 'graphic design': 5, 'wordpress': 9, 'android': 9, 'marketing': 0, 'business plans': 0, 'greek': 0, 'photoshop': 0, 'photo editing': 0, 'photoshop design': 0, 'video services': 0, 'cms': 0, 'matlab &amp; mathematica': 0, 'mathematics': 0, 'css': 0, 'javascript': 0, 'mac os': 0, 'magento': 0, 'mobile phone': 0, 'banner design': 0, 'electrical engineering': 0, 'joomla': 0}, 'worke_cost': {'w1359': 12.0, 'w1188': 8.0, 'w0454': 10.0, 'w1676': 10.0, 'w0064': 12.0, 'w0527': 4.0, 'w1319': 16.0, 'w1008': 18.0, 'w0960': 10.0, 'w0180': 15.0, 'w1214': 20.0, 'w0382': 20.0, 'w1108': 8.0, 'w0241': 15.0, 'w0403': 30.0, 'w0609': 15.0, 'w0268': 20.0, 'w0734': 10.0, 'w0274': 23.0, 'w0195': 13.0}, 'n': 118, 'm': 20, 'solution': {'w0527', 'w0960', 'w0734', 'w0454'}, 'value': 84.0}"
Official_Experiment_ROI_dataset_07_instance_02_1_exec,"{'task_file': 'C:\\Users\\Konstantina\\Desktop\\HDrop20-master-thesis-experiments\\data\\data_files\\07_dataset_20_workers_100_tasks\\instance_02\\tasks.csv', 'worker_file': 'C:\\Users\\Konstantina\\Desktop\\HDrop20-master-thesis-experiments\\data\\data_files\\07_dataset_20_workers_100_tasks\\instance_02\\workers.csv', 'workers': {'w0568', 'w1329', 'w0443', 'w0519', 'w0154', 'w0455', 'w1446', 'w0056', 'w1581', 'w1358', 'w0900', 'w0948', 'w1192', 'w1258', 'w1289', 'w0735', 'w0850', 'w0615', 'w1322', 'w0998'}, 'workers_df':     cost  ... y_star_index
0   10.0  ...          0.0
1   10.0  ...          0.0
2   25.0  ...          0.0
3    6.0  ...          0.0
4   20.0  ...          0.0
5   15.0  ...          0.0
6   18.0  ...          0.0
7   15.0  ...          0.0
8   10.0  ...          0.0
9   10.0  ...          1.0
10  15.0  ...          0.0
11   5.0  ...          1.0
12  25.0  ...          0.0
13  10.0  ...          0.0
14  20.0  ...          0.0
15  20.0  ...          0.0
16  10.0  ...          1.0
17  15.0  ...          0.0
18  10.0  ...          0.0
19  12.0  ...          1.0

[20 rows x 5 columns], 'tasks_df':                    skill  skill_id  valuation  x_star_index
0               robotics       126         10           0.0
1    amazon web services        12          5           0.0
2                 korean        87         13           0.0
3               unity 3d       152          9           0.0
4      financial markets        65         14           0.0
..                   ...       ...        ...           ...
110           javascript         0          0           0.0
111                mysql         0          0           0.0
112          logo design         0          0           0.0
113      brochure design         0          0           0.0
114               python         0          0           0.0

[115 rows x 4 columns], 'task_set': {'sem / adwords', 'german', 'covers &amp; packaging', 'engineering', 'greek', 'link building', 'metatrader', 'article rewriting', 'visual basic', 'bootstrap', 'electronic forms', 'voice talent', 'facebook marketing', 'data entry', 'photo editing', 'statistics', 'product design', 'photoshop design', 'php', 'virtual assistant', 'anything goes', 'illustrator', 'korean', 'iphone', 'mathematics', 'algorithm', 'concept design', 'robotics', 'embedded software', 'blog', 'video broadcasting', 'sharepoint', 'invitation design', 'articles', 'game design', 'leads', 'academic writing', 'caricature &amp; cartoons', 'editing', 'banner design', 'joomla', 'psd to html', 'java', 'youtube', 'unity 3d', 'animation', 'xml', 'web scraping', 'brochure design', 'classifieds posting', 'shell script', 'amazon web services', 'autocad', 'photoshop', 'videography', 'website design', 'android', 'cms', 'system admin', 'delphi', 'financial markets', 'database administration', 'windows desktop', 'cad/cam', 'microcontroller', 'html', 'flash', 'japanese', 'drupal', 'social networking', 'ghostwriting', 'email marketing', 'logo design', 'proofreading', 'book writing', 'graphic design', 't-shirts', 'internet marketing', 'poster design', 'c programming', 'bulk marketing', 'magento', 'apache', 'ruby on rails', 'microsoft access', 'mobile phone', 'mysql', 'technical writing', 'pcb layout', 'indesign', '3d rendering', 'asp', 'electrical engineering', 'transcription', 'video services', 'telemarketing', 'xxx', 'business cards', 'web search', 'javascript', 'flyer design', '3ds max', 'python', 'linux', 'ipad', 'sales', 'polish', 'css', '.net', 'prestashop', 'marketing', 'mechanical engineering', 'seo', 'after effects', '3d animation'}, 'worker_task_dict': {'w1289': ['graphic design', 'photoshop design', 't-shirts', 'photoshop'], 'w0455': ['link building', 'seo', 'internet marketing', 'php'], 'w0154': ['mobile phone', 'iphone', 'android', 'php', 'anything goes'], 'w1192': ['articles'], 'w1258': ['joomla', 'html', 'php', 'website design', 'css'], 'w1581': ['articles', 'ghostwriting', 'proofreading', 'blog', 'editing'], 'w0568': ['video services', 'after effects', 'videography', 'animation', '3d animation'], 'w0900': ['php', 'website design', 'iphone', 'joomla', 'mobile phone'], 'w1322': ['css', 'php', 'html'], 'w1329': ['seo', 'link building', 'internet marketing', 'data entry'], 'w0998': ['php', 'website design', 'graphic design', '.net', 'flash'], 'w1446': ['graphic design', 'facebook marketing', 'photoshop', 'illustrator', 'data entry'], 'w0056': ['php', 'website design', 'graphic design', 'flash', 'javascript'], 'w0850': ['html', 'php', 'graphic design', 'website design', 'mysql'], 'w0948': ['html', 'php', 'website design', 'css'], 'w0443': ['graphic design', 'logo design', 'photoshop', 't-shirts'], 'w0735': ['articles', 'article rewriting', 'technical writing', 'academic writing', 'blog'], 'w0519': ['indesign', 'brochure design', 'graphic design', 'banner design'], 'w1358': ['email marketing', 'bulk marketing'], 'w0615': ['android', 'mobile phone', 'java', 'iphone', 'python']}, 'task_val_dict': {'robotics': 10, 'amazon web services': 5, 'korean': 13, 'unity 3d': 9, 'financial markets': 14, 'japanese': 16, 'concept design': 5, 'polish': 12, 'ruby on rails': 11, 'xxx': 11, 'poster design': 5, 'embedded software': 5, 'german': 11, 'sharepoint': 10, 'bootstrap': 12, 'telemarketing': 14, 'product design': 13, 'covers &amp; packaging': 10, 'invitation design': 14, 'electronic forms': 12, '3d rendering': 10, 'microcontroller': 9, 'anything goes': 12, 'mechanical engineering': 6, 'magento': 9, 'visual basic': 12, 'bulk marketing': 5, 'flash': 13, 'photoshop design': 7, 'classifieds posting': 10, 'asp': 15, 'business cards': 11, 'indesign': 10, 'database administration': 9, 'transcription': 15, 'xml': 6, 'book writing': 7, 'microsoft access': 13, '3d animation': 9, 't-shirts': 9, 'mathematics': 16, 'java': 12, 'engineering': 17, 'flyer design': 5, 'video broadcasting': 3, 'sales': 11, 'algorithm': 7, 'shell script': 1, 'link building': 6, 'sem / adwords': 10, 'marketing': 8, 'web search': 11, 'pcb layout': 13, 'game design': 6, 'statistics': 11, 'autocad': 6, 'virtual assistant': 10, 'leads': 9, 'cms': 7, 'social networking': 7, '3ds max': 9, 'drupal': 11, 'email marketing': 14, 'apache': 6, 'photo editing': 14, 'system admin': 6, 'proofreading': 14, 'voice talent': 15, 'metatrader': 12, 'cad/cam': 9, 'delphi': 8, 'caricature &amp; cartoons': 3, 'technical writing': 8, 'electrical engineering': 6, 'prestashop': 13, 'youtube': 11, 'greek': 8, 'psd to html': 13, 'ipad': 16, 'windows desktop': 9, 'facebook marketing': 9, 'seo': 13, 'article rewriting': 7, 'articles': 11, 'website design': 9, 'graphic design': 9, 'linux': 5, 'web scraping': 14, 'internet marketing': 9, 'academic writing': 9, 'photoshop': 3, 'css': 12, 'illustrator': 10, 'banner design': 10, 'mobile phone': 6, 'iphone': 14, 'video services': 15, '.net': 6, 'c programming': 12, 'data entry': 10, 'php': 0, 'android': 0, 'joomla': 0, 'html': 0, 'ghostwriting': 0, 'blog': 0, 'editing': 0, 'after effects': 0, 'videography': 0, 'animation': 0, 'javascript': 0, 'mysql': 0, 'logo design': 0, 'brochure design': 0, 'python': 0}, 'worke_cost': {'w1289': 10.0, 'w0455': 10.0, 'w0154': 25.0, 'w1192': 6.0, 'w1258': 20.0, 'w1581': 15.0, 'w0568': 18.0, 'w0900': 15.0, 'w1322': 10.0, 'w1329': 10.0, 'w0998': 15.0, 'w1446': 5.0, 'w0056': 25.0, 'w0850': 10.0, 'w0948': 20.0, 'w0443': 20.0, 'w0735': 10.0, 'w0519': 15.0, 'w1358': 10.0, 'w0615': 12.0}, 'n': 115, 'm': 20, 'solution': {'w0615', 'w1446', 'w1329', 'w0735'}, 'value': 99.0}"
Official_Experiment_ROI_dataset_07_instance_03_2_exec,"{'task_file': 'C:\\Users\\Konstantina\\Desktop\\HDrop20-master-thesis-experiments\\data\\data_files\\07_dataset_20_workers_100_tasks\\instance_03\\tasks.csv', 'worker_file': 'C:\\Users\\Konstantina\\Desktop\\HDrop20-master-thesis-experiments\\data\\data_files\\07_dataset_20_workers_100_tasks\\instance_03\\workers.csv', 'workers': {'w1071', 'w0531', 'w0705', 'w0101', 'w1576', 'w1269', 'w1663', 'w1140', 'w1630', 'w0944', 'w1356', 'w0136', 'w1279', 'w1654', 'w1442', 'w0180', 'w0643', 'w1456', 'w0832', 'w0843'}, 'workers_df':     cost  ... y_star_index
0    2.0  ...          1.0
1   15.0  ...          0.0
2   30.0  ...          0.0
3   15.0  ...          0.0
4   15.0  ...          0.0
5   10.0  ...          0.0
6   10.0  ...          0.0
7   10.0  ...          1.0
8   10.0  ...          0.0
9    9.0  ...          0.0
10  18.0  ...          0.0
11   4.0  ...          0.0
12  10.0  ...          0.0
13  20.0  ...          0.0
14  25.0  ...          0.0
15  15.0  ...          1.0
16  10.0  ...          0.0
17   5.0  ...          0.0
18  10.0  ...          1.0
19   8.0  ...          0.0

[20 rows x 5 columns], 'tasks_df':                   skill  skill_id  valuation  x_star_index
0    microsoft exchange       102         12           0.0
1                oracle       106          7           0.0
2      creative writing        45         13           0.0
3              robotics       126          4           0.0
4      customer support        47          6           0.0
..                  ...       ...        ...           ...
112       c programming         0          0           0.0
113        flyer design         0          0           0.0
114       banner design         0          0           0.0
115                 asp         0          0           0.0
116  facebook marketing         0          0           0.0

[117 rows x 4 columns], 'task_set': {'translation', 'finance', 'asterisk pbx', 'perl', 'sem / adwords', 'engineering', 'greek', 'matlab &amp; mathematica', 'link building', 'metatrader', 'visual basic', 'bootstrap', 'electronic forms', 'voice talent', 'website management', 'data entry', 'facebook marketing', 'photo editing', 'statistics', 'oracle', 'photoshop design', 'php', 'anything goes', 'illustrator', 'powerpoint', 'pdf', 'iphone', 'mathematics', 'c# programming', 'user interface / ia', 'algorithm', 'robotics', 'wordpress', 'video broadcasting', 'sharepoint', 'articles', 'game design', 'leads', 'academic writing', 'caricature &amp; cartoons', 'banner design', 'joomla', 'psd to html', 'youtube', 'arabic', 'animation', 'web hosting', 'xml', 'brochure design', 'advertising', 'photoshop', 'copy typing', 'android', 'website design', 'database administration', 'windows desktop', 'html', 'business plans', 'drupal', 'ghostwriting', 'email marketing', 'logo design', 'software architecture', 'graphic design', 't-shirts', 'poster design', 'c programming', 'creative writing', 'virtuemart', 'bulk marketing', 'data processing', 'magento', 'apache', 'research', 'ruby on rails', 'arduino', 'mobile phone', 'mysql', 'forum posting', 'customer support', 'pcb layout', 'jquery / prototype', 'simplified chinese (china)', '3d rendering', 'illustration', 'excel', 'script install', 'asp', 'electrical engineering', 'copywriting', 'swedish', 'microsoft exchange', 'word', 'unix', 'mac os', 'transcription', 'video services', 'telemarketing', 'stationery design', 'business cards', 'voip', 'javascript', 'flyer design', 'python', 'ipad', 'sales', 'sql', 'polish', 'typography', 'css', 'business analysis', '.net', 'actionscript', 'prestashop', 'software testing', 'seo', 'project management'}, 'worker_task_dict': {'w1269': ['graphic design', 'photoshop', 'illustrator', 'css', 'illustration'], 'w0180': ['php', 'wordpress', 'html', 'mysql', 'css'], 'w0843': ['iphone', 'ipad', 'mysql', 'php'], 'w1576': ['website management', 'software architecture', 'software testing'], 'w0101': ['php', 'mysql', 'software architecture', 'software testing'], 'w1442': ['articles', 'copywriting', 'data entry'], 'w1356': ['email marketing', 'bulk marketing'], 'w1071': ['php', 'anything goes', 'joomla', 'mysql', 'html'], 'w0832': ['html', 'wordpress', 'css', 'graphic design'], 'w1654': ['graphic design', 'website design', 'photoshop', 'javascript', 'powerpoint'], 'w0944': ['wordpress', 'php', 'html', 'website design', 'css'], 'w1279': ['data entry', 'excel', 'data processing'], 'w1630': ['articles', 'copywriting', 'ghostwriting'], 'w0136': ['graphic design', 'logo design', 'illustrator', 'photoshop', 'business cards'], 'w1140': ['video services', 'graphic design', 'photo editing', 'animation'], 'w0531': ['mathematics', 'matlab &amp; mathematica', 'algorithm', 'statistics', 'c programming'], 'w0705': ['graphic design', 'logo design', 'flyer design', 'banner design', 'photoshop design'], 'w0643': ['php', 'wordpress', 'css', 'html', 'website design'], 'w1663': ['javascript', '.net', 'asp', 'visual basic', 'windows desktop'], 'w1456': ['wordpress', 'facebook marketing', 'data entry', 'web hosting', 'php']}, 'task_val_dict': {'microsoft exchange': 12, 'oracle': 7, 'creative writing': 13, 'robotics': 4, 'customer support': 6, 'arduino': 9, 'simplified chinese (china)': 8, 'arabic': 7, 'sharepoint': 9, 'swedish': 7, 'bootstrap': 7, 'electronic forms': 7, 'typography': 11, 'user interface / ia': 8, 'virtuemart': 6, 'polish': 9, 'poster design': 11, 'forum posting': 11, 'telemarketing': 12, 'ruby on rails': 11, 'software testing': 7, 'actionscript': 7, 'unix': 8, 'leads': 9, 'voip': 9, 'copy typing': 5, 'sales': 7, 'sem / adwords': 13, 'photo editing': 10, 'drupal': 10, 'statistics': 12, 'game design': 13, 'perl': 10, 'caricature &amp; cartoons': 8, 'engineering': 6, 'project management': 9, 'matlab &amp; mathematica': 17, 'python': 5, 'ipad': 12, 'bulk marketing': 13, 'brochure design': 12, 'video broadcasting': 14, 'database administration': 9, 'metatrader': 4, 'mathematics': 14, 'anything goes': 9, 'jquery / prototype': 8, 'advertising': 12, 'windows desktop': 9, 'email marketing': 11, 'stationery design': 8, 'pcb layout': 7, 'word': 12, 'finance': 12, 'mac os': 8, 'business analysis': 10, 'photoshop design': 9, 'apache': 7, 'web hosting': 12, 'link building': 16, 'transcription': 5, 'business plans': 9, 'xml': 5, 'asterisk pbx': 12, 'magento': 11, 'research': 11, '3d rendering': 10, 't-shirts': 10, 'prestashop': 10, 'powerpoint': 7, 'greek': 9, 'youtube': 13, 'pdf': 8, 'sql': 14, 'visual basic': 12, 'script install': 14, 'voice talent': 4, 'psd to html': 13, 'c# programming': 6, 'electrical engineering': 7, 'illustrator': 8, 'logo design': 11, 'css': 10, 'mysql': 10, 'android': 13, 'seo': 7, 'academic writing': 15, 'mobile phone': 14, 'iphone': 12, 'data processing': 9, 'graphic design': 6, 'software architecture': 10, 'excel': 14, 'copywriting': 9, 'articles': 11, 'animation': 11, '.net': 10, 'joomla': 11, 'html': 10, 'translation': 9, 'photoshop': 0, 'illustration': 0, 'php': 0, 'wordpress': 0, 'website management': 0, 'data entry': 0, 'website design': 0, 'javascript': 0, 'ghostwriting': 0, 'business cards': 0, 'video services': 0, 'algorithm': 0, 'c programming': 0, 'flyer design': 0, 'banner design': 0, 'asp': 0, 'facebook marketing': 0}, 'worke_cost': {'w1269': 2.0, 'w0180': 15.0, 'w0843': 30.0, 'w1576': 15.0, 'w0101': 15.0, 'w1442': 10.0, 'w1356': 10.0, 'w1071': 10.0, 'w0832': 10.0, 'w1654': 9.0, 'w0944': 18.0, 'w1279': 4.0, 'w1630': 10.0, 'w0136': 20.0, 'w1140': 25.0, 'w0531': 15.0, 'w0705': 10.0, 'w0643': 5.0, 'w1663': 10.0, 'w1456': 8.0}, 'n': 117, 'm': 20, 'solution': {'w1269', 'w1071', 'w1663', 'w1279'}, 'value': 92.0}"
Official_Experiment_ROI_dataset_07_instance_04_3_exec,"{'task_file': 'C:\\Users\\Konstantina\\Desktop\\HDrop20-master-thesis-experiments\\data\\data_files\\07_dataset_20_workers_100_tasks\\instance_04\\tasks.csv', 'worker_file': 'C:\\Users\\Konstantina\\Desktop\\HDrop20-master-thesis-experiments\\data\\data_files\\07_dataset_20_workers_100_tasks\\instance_04\\workers.csv', 'workers': {'w0804', 'w0844', 'w0627', 'w0937', 'w0977', 'w1118', 'w0095', 'w1094', 'w0431', 'w1486', 'w1213', 'w0477', 'w0894', 'w1379', 'w0116', 'w1296', 'w1226', 'w0299', 'w1564', 'w0667'}, 'workers_df':     cost  ... y_star_index
0   10.0  ...          0.0
1    7.0  ...          0.0
2    5.0  ...          0.0
3   25.0  ...          0.0
4    5.0  ...          0.0
5   30.0  ...          0.0
6    7.0  ...          0.0
7   15.0  ...          0.0
8   15.0  ...          0.0
9    5.0  ...          0.0
10  10.0  ...          0.0
11  20.0  ...          1.0
12   5.0  ...          1.0
13   4.0  ...          0.0
14   5.0  ...          0.0
15  10.0  ...          0.0
16  10.0  ...          1.0
17   2.0  ...          0.0
18  25.0  ...          1.0
19  20.0  ...          0.0

[20 rows x 5 columns], 'tasks_df':              skill  skill_id  valuation  x_star_index
0           korean        87          7           0.0
1           oracle       106         10           0.0
2          arduino        18          5           0.0
3           arabic        17          9           0.0
4           polish       115         11           0.0
..             ...       ...        ...           ...
111          greek         0          0           0.0
112       research         0          0           0.0
113   3d rendering         0          0           0.0
114        autocad         0          0           0.0
115  anything goes         0          0           0.0

[116 rows x 4 columns], 'task_set': {'translation', 'asterisk pbx', 'perl', 'german', 'engineering', 'greek', 'matlab &amp; mathematica', 'article rewriting', 'visual basic', 'voice talent', 'facebook marketing', 'website management', 'data entry', 'photo editing', 'product design', 'oracle', 'ajax', 'photoshop design', 'php', 'virtual assistant', 'anything goes', 'illustrator', 'powerpoint', 'korean', 'pdf', 'mathematics', 'iphone', 'user interface / ia', 'algorithm', 'blog', 'photography', 'wordpress', 'video broadcasting', 'sharepoint', 'game design', 'caricature &amp; cartoons', 'banner design', 'psd to html', 'java', 'arabic', 'web hosting', 'xml', 'web scraping', 'brochure design', 'classifieds posting', 'shell script', 'autocad', 'photoshop', 'copy typing', 'website design', 'delphi', 'system admin', 'cms', 'financial markets', 'database administration', 'windows desktop', 'cad/cam', 'microcontroller', 'html', 'social networking', 'email marketing', 'logo design', 'proofreading', 'book writing', 'software architecture', 'graphic design', 'internet marketing', 'c programming', 'virtuemart', 'audio services', 'music', 'data processing', 'latex', 'magento', 'apache', 'research', 'ruby on rails', 'arduino', 'mobile phone', 'mysql', 'forum posting', 'customer support', 'technical writing', 'pcb layout', 'indesign', 'jquery / prototype', '3d rendering', 'illustration', 'excel', 'script install', 'swedish', 'microsoft exchange', 'mac os', 'transcription', 'video services', 'telemarketing', 'xxx', 'stationery design', 'business cards', 'ebooks', '3d modelling', 'web search', 'javascript', 'flyer design', '3ds max', 'linux', 'ipad', 'polish', 'typography', 'css', '.net', 'actionscript', 'marketing', 'mechanical engineering', 'c++ programming', 'after effects'}, 'worker_task_dict': {'w0937': ['photoshop design', 'photo editing', 'video services', 'audio services'], 'w0894': ['audio services', 'data entry', 'music', 'game design'], 'w0844': ['data entry', 'data processing', 'virtual assistant', 'web search', 'excel'], 'w0627': ['php', 'html', 'internet marketing', 'website design', 'wordpress'], 'w1379': ['web search', 'data entry', 'web scraping'], 'w0095': ['iphone', 'mobile phone', 'c++ programming', 'ipad', 'php'], 'w0977': ['mysql', 'website design', 'jquery / prototype', 'css'], 'w0667': ['wordpress', 'php', 'internet marketing', 'css', 'html'], 'w1296': ['javascript', 'jquery / prototype', 'php', 'html'], 'w1226': ['data entry', 'internet marketing', 'excel', 'data processing', 'virtual assistant'], 'w0116': ['html', 'wordpress', 'website design', 'css', 'php'], 'w0477': ['graphic design', 'logo design', 'photoshop', 'banner design', 'business cards'], 'w0804': ['translation', 'greek', 'proofreading', 'data processing', 'data entry'], 'w0431': ['data entry', 'excel', 'virtual assistant', 'web scraping', 'research'], 'w1486': ['graphic design', 'logo design', 'photoshop'], 'w1094': ['3ds max', '3d rendering', 'autocad'], 'w0299': ['facebook marketing', 'social networking', 'internet marketing', 'marketing'], 'w1213': ['audio services', 'virtual assistant', 'anything goes'], 'w1564': ['software architecture', 'php', 'mysql', 'javascript', 'script install'], 'w1118': ['javascript', 'css', 'html', 'php']}, 'task_val_dict': {'korean': 7, 'oracle': 10, 'arduino': 5, 'arabic': 9, 'polish': 11, 'swedish': 4, 'customer support': 15, 'financial markets': 10, 'product design': 13, 'xxx': 14, 'user interface / ia': 12, 'forum posting': 11, 'typography': 13, 'latex': 13, 'telemarketing': 10, 'microsoft exchange': 14, 'sharepoint': 13, 'virtuemart': 6, 'german': 5, 'ruby on rails': 9, 'book writing': 12, 'pdf': 10, 'script install': 10, 'photography': 13, 'web hosting': 11, 'social networking': 9, 'ebooks': 6, 'delphi': 4, '3d modelling': 13, 'mac os': 16, 'magento': 13, 'java': 16, 'brochure design': 5, 'technical writing': 12, 'powerpoint': 10, 'mechanical engineering': 9, 'jquery / prototype': 9, 'photoshop design': 6, 'matlab &amp; mathematica': 12, 'proofreading': 11, 'classifieds posting': 14, 'engineering': 16, 'perl': 12, 'ajax': 12, 'business cards': 6, 'xml': 8, 'stationery design': 16, 'after effects': 14, 'apache': 11, 'virtual assistant': 8, 'system admin': 7, 'voice talent': 5, 'microcontroller': 8, 'windows desktop': 13, 'psd to html': 16, 'database administration': 2, 'mathematics': 12, 'email marketing': 11, 'website management': 14, 'marketing': 14, 'pcb layout': 13, 'c++ programming': 10, 'transcription': 16, 'shell script': 12, 'actionscript': 3, 'visual basic': 14, 'photo editing': 11, 'copy typing': 9, 'cms': 10, 'cad/cam': 13, 'ipad': 10, 'caricature &amp; cartoons': 8, 'algorithm': 9, 'video broadcasting': 10, 'blog': 9, 'indesign': 15, 'flyer design': 6, 'asterisk pbx': 12, 'music': 15, '3ds max': 15, 'software architecture': 8, 'css': 8, 'illustration': 11, 'linux': 11, 'facebook marketing': 9, 'photoshop': 15, 'iphone': 7, 'mobile phone': 8, 'mysql': 8, 'c programming': 11, 'translation': 9, 'data processing': 8, 'php': 13, 'javascript': 14, 'excel': 5, 'data entry': 13, 'article rewriting': 14, 'illustrator': 7, 'banner design': 12, '.net': 14, 'video services': 0, 'audio services': 0, 'game design': 0, 'web search': 0, 'html': 0, 'internet marketing': 0, 'website design': 0, 'wordpress': 0, 'web scraping': 0, 'graphic design': 0, 'logo design': 0, 'greek': 0, 'research': 0, '3d rendering': 0, 'autocad': 0, 'anything goes': 0}, 'worke_cost': {'w0937': 10.0, 'w0894': 7.0, 'w0844': 5.0, 'w0627': 25.0, 'w1379': 5.0, 'w0095': 30.0, 'w0977': 7.0, 'w0667': 15.0, 'w1296': 15.0, 'w1226': 5.0, 'w0116': 10.0, 'w0477': 20.0, 'w0804': 5.0, 'w0431': 4.0, 'w1486': 5.0, 'w1094': 10.0, 'w0299': 10.0, 'w1213': 2.0, 'w1564': 25.0, 'w1118': 20.0}, 'n': 116, 'm': 20, 'solution': {'w0804', 'w0299', 'w1213', 'w0977'}, 'value': 82.0}"
Official_Experiment_ROI_dataset_07_instance_05_4_exec,"{'task_file': 'C:\\Users\\Konstantina\\Desktop\\HDrop20-master-thesis-experiments\\data\\data_files\\07_dataset_20_workers_100_tasks\\instance_05\\tasks.csv', 'worker_file': 'C:\\Users\\Konstantina\\Desktop\\HDrop20-master-thesis-experiments\\data\\data_files\\07_dataset_20_workers_100_tasks\\instance_05\\workers.csv', 'workers': {'w0335', 'w0878', 'w0890', 'w0576', 'w0303', 'w0326', 'w0725', 'w1419', 'w1448', 'w1213', 'w0529', 'w0383', 'w1183', 'w0403', 'w0220', 'w0513', 'w0374', 'w0308', 'w1610', 'w1643'}, 'workers_df':     cost  ... y_star_index
0   15.0  ...          1.0
1    3.0  ...          1.0
2   10.0  ...          0.0
3   15.0  ...          0.0
4   10.0  ...          0.0
5   15.0  ...          0.0
6    3.0  ...          0.0
7   12.0  ...          0.0
8   10.0  ...          1.0
9   15.0  ...          0.0
10  15.0  ...          0.0
11  30.0  ...          0.0
12  15.0  ...          0.0
13  25.0  ...          0.0
14  24.0  ...          1.0
15  30.0  ...          0.0
16  30.0  ...          0.0
17   2.0  ...          0.0
18  10.0  ...          0.0
19   5.0  ...          0.0

[20 rows x 5 columns], 'tasks_df':                  skill  skill_id  valuation  x_star_index
0               polish       115         10           0.0
1               korean        87         15           0.0
2        telemarketing       147          5           0.0
3                latex        88          5           0.0
4    financial markets        65         13           0.0
..                 ...       ...        ...           ...
111     audio services         0          0           0.0
112      anything goes         0          0           0.0
113               blog         0          0           0.0
114  article rewriting         0          0           0.0
115                seo         0          0           0.0

[116 rows x 4 columns], 'task_set': {'translation', 'asterisk pbx', 'sem / adwords', 'german', 'covers &amp; packaging', 'engineering', 'matlab &amp; mathematica', 'metatrader', 'article rewriting', 'spanish', 'visual basic', 'bootstrap', 'electronic forms', 'voice talent', 'website management', 'facebook marketing', 'data entry', 'photo editing', 'statistics', 'ajax', 'php', 'virtual assistant', 'anything goes', 'korean', 'pdf', 'c# programming', 'mathematics', 'user interface / ia', 'iphone', 'windows server', 'blog', 'photography', 'wordpress', 'video broadcasting', 'invitation design', 'articles', 'academic writing', 'caricature &amp; cartoons', 'joomla', 'psd to html', 'java', 'youtube', 'animation', 'web scraping', 'brochure design', 'amazon web services', 'autocad', 'advertising', 'photoshop', 'videography', 'android', 'website design', 'reviews', 'cms', 'delphi', 'financial markets', 'database administration', 'cad/cam', 'html', 'flash', 'drupal', 'social networking', 'ghostwriting', 'email marketing', 'logo design', 'software architecture', 'graphic design', 't-shirts', 'internet marketing', 'c programming', 'creative writing', 'audio services', 'travel writing', 'bulk marketing', 'music', 'data processing', 'electronics', 'latex', 'apache', 'microsoft access', 'mobile phone', 'mysql', 'forum posting', 'customer support', 'pcb layout', 'indesign', 'simplified chinese (china)', 'excel', 'script install', 'electrical engineering', 'copywriting', 'swedish', 'microsoft exchange', 'video services', 'telemarketing', 'xxx', 'stationery design', 'business cards', 'ebooks', 'web search', 'javascript', 'flyer design', 'ecommerce', '3ds max', 'python', 'linux', 'ipad', 'sales', 'polish', 'css', '.net', 'actionscript', 'seo', 'c++ programming', 'after effects', '3d animation'}, 'worker_task_dict': {'w0374': ['css', 'php', 'html', 'website design', 'wordpress'], 'w1448': ['web search', 'data entry', 'advertising', 'internet marketing', 'virtual assistant'], 'w0383': ['excel', 'data entry', 'web scraping', 'data processing'], 'w0335': ['after effects', '3d animation', 'animation', 'video services', 'photoshop'], 'w0303': ['facebook marketing', 'social networking'], 'w0878': ['excel', 'css', 'translation', 'php', 'data entry'], 'w1183': ['data entry', 'excel', 'data processing'], 'w0308': ['php', 'javascript', 'mysql', 'java', 'css'], 'w0513': ['photoshop', 'photography', 'copywriting', 'excel', 'data entry'], 'w0890': ['excel', 'web scraping'], 'w0326': ['php', 'wordpress', 'css', 'website design', 'html'], 'w0529': ['iphone', 'mobile phone', 'ipad', 'python', 'android'], 'w0725': ['website design', 'graphic design', 'wordpress', 'logo design', 'ecommerce'], 'w1419': ['php', 'joomla', 'ajax'], 'w0576': ['.net', 'web scraping', 'visual basic', 'c# programming', 'c programming'], 'w0403': ['php', 'mobile phone', 'iphone', 'python', 'android'], 'w1643': ['graphic design', 'website design', 'php', 'flash', 'photoshop'], 'w1213': ['audio services', 'virtual assistant', 'anything goes'], 'w1610': ['mysql', 'php', 'css', 'graphic design'], 'w0220': ['articles', 'blog', 'article rewriting', 'copywriting', 'seo']}, 'task_val_dict': {'polish': 10, 'korean': 15, 'telemarketing': 5, 'latex': 5, 'financial markets': 13, 'swedish': 10, 'xxx': 6, 'user interface / ia': 9, 'microsoft exchange': 11, 'invitation design': 8, 'simplified chinese (china)': 8, 'travel writing': 11, 'bootstrap': 13, 'customer support': 9, 'german': 10, 'forum posting': 13, 'amazon web services': 6, 'creative writing': 11, 'electronic forms': 10, 'covers &amp; packaging': 5, 'videography': 12, 'cad/cam': 5, 'engineering': 8, 'windows server': 8, 'electrical engineering': 11, 'web search': 14, 'metatrader': 10, 'flash': 10, 'python': 10, 'microsoft access': 9, 'ghostwriting': 9, 'visual basic': 11, 'video broadcasting': 11, 'after effects': 12, 'psd to html': 12, 'flyer design': 15, 'cms': 8, 'bulk marketing': 11, 'social networking': 12, 'ecommerce': 14, 'drupal': 10, 'photo editing': 9, 'apache': 12, 'sales': 5, 'asterisk pbx': 9, 'pdf': 3, 'virtual assistant': 12, 'ebooks': 15, 'database administration': 6, 'c++ programming': 11, 'voice talent': 10, 'ajax': 10, 'photography': 15, 'business cards': 9, 'autocad': 11, 'electronics': 5, 'stationery design': 7, 't-shirts': 9, 'brochure design': 5, 'pcb layout': 5, 'java': 11, 'delphi': 13, 'script install': 12, 'statistics': 13, 'reviews': 10, 'actionscript': 16, 'website management': 11, 'spanish': 11, 'youtube': 14, 'indesign': 11, '3d animation': 4, '3ds max': 7, 'c# programming': 17, 'sem / adwords': 12, 'ipad': 13, 'mathematics': 1, 'email marketing': 9, 'music': 12, 'caricature &amp; cartoons': 10, 'matlab &amp; mathematica': 4, 'video services': 13, 'php': 9, 'joomla': 13, '.net': 10, 'css': 9, 'android': 12, 'articles': 11, 'linux': 12, 'website design': 13, 'photoshop': 12, 'academic writing': 6, 'facebook marketing': 9, 'software architecture': 5, 'excel': 10, 'translation': 12, 'html': 6, 'iphone': 1, 'web scraping': 9, 'data entry': 10, 'copywriting': 9, 'wordpress': 0, 'advertising': 0, 'internet marketing': 0, 'data processing': 0, 'animation': 0, 'javascript': 0, 'mysql': 0, 'mobile phone': 0, 'graphic design': 0, 'logo design': 0, 'c programming': 0, 'audio services': 0, 'anything goes': 0, 'blog': 0, 'article rewriting': 0, 'seo': 0}, 'worke_cost': {'w0374': 15.0, 'w1448': 3.0, 'w0383': 10.0, 'w0335': 15.0, 'w0303': 10.0, 'w0878': 15.0, 'w1183': 3.0, 'w0308': 12.0, 'w0513': 10.0, 'w0890': 15.0, 'w0326': 15.0, 'w0529': 30.0, 'w0725': 15.0, 'w1419': 25.0, 'w0576': 24.0, 'w0403': 30.0, 'w1643': 30.0, 'w1213': 2.0, 'w1610': 10.0, 'w0220': 5.0}, 'n': 116, 'm': 20, 'solution': {'w0513', 'w1448', 'w0220', 'w0326'}, 'value': 97.0}"
Official_Experiment_ROI_dataset_07_instance_06_5_exec,"{'task_file': 'C:\\Users\\Konstantina\\Desktop\\HDrop20-master-thesis-experiments\\data\\data_files\\07_dataset_20_workers_100_tasks\\instance_06\\tasks.csv', 'worker_file': 'C:\\Users\\Konstantina\\Desktop\\HDrop20-master-thesis-experiments\\data\\data_files\\07_dataset_20_workers_100_tasks\\instance_06\\workers.csv', 'workers': {'w0034', 'w1703', 'w0803', 'w1114', 'w1372', 'w0143', 'w0540', 'w1086', 'w1131', 'w0772', 'w1418', 'w1670', 'w0636', 'w0305', 'w1241', 'w0554', 'w1054', 'w0240', 'w0957', 'w0594'}, 'workers_df':     cost  ... y_star_index
0   10.0  ...          0.0
1   15.0  ...          0.0
2   10.0  ...          0.0
3   15.0  ...          0.0
4    7.0  ...          1.0
5   13.0  ...          0.0
6    7.0  ...          0.0
7   15.0  ...          0.0
8   10.0  ...          1.0
9   20.0  ...          0.0
10  14.0  ...          0.0
11   2.0  ...          1.0
12   9.0  ...          0.0
13  25.0  ...          0.0
14  10.0  ...          0.0
15  10.0  ...          0.0
16  12.0  ...          0.0
17   7.0  ...          0.0
18   3.0  ...          1.0
19  15.0  ...          0.0

[20 rows x 5 columns], 'tasks_df':                skill  skill_id  valuation  x_star_index
0             oracle       106          7           0.0
1     product design       119          6           0.0
2      telemarketing       147          9           0.0
3             german        70         14           0.0
4         typography       151         16           0.0
..               ...       ...        ...           ...
112         articles         0          0           0.0
113       javascript         0          0           0.0
114             ajax         0          0           0.0
115      copy typing         0          0           0.0
116  data processing         0          0           0.0

[117 rows x 4 columns], 'task_set': {'translation', 'perl', 'sem / adwords', 'german', 'covers &amp; packaging', 'engineering', 'greek', 'matlab &amp; mathematica', 'link building', 'metatrader', 'article rewriting', 'visual basic', 'bootstrap', 'website management', 'data entry', 'photo editing', 'statistics', 'product design', 'oracle', 'ajax', 'photoshop design', 'php', 'virtual assistant', 'anything goes', 'illustrator', 'iphone', 'concept design', 'embedded software', 'photography', 'wordpress', 'video broadcasting', 'sharepoint', 'articles', 'leads', 'academic writing', 'caricature &amp; cartoons', 'editing', 'joomla', 'psd to html', 'java', 'animation', 'xml', 'web scraping', 'brochure design', 'amazon web services', 'autocad', 'advertising', 'photoshop', 'videography', 'copy typing', 'website design', 'android', 'reviews', 'delphi', 'database administration', 'windows desktop', 'cad/cam', 'html', 'drupal', 'social networking', 'ghostwriting', 'logo design', 'proofreading', 'book writing', 'graphic design', 't-shirts', 'internet marketing', 'poster design', 'creative writing', 'virtuemart', 'audio services', 'travel writing', 'bulk marketing', 'data processing', 'apache', 'arduino', 'microsoft access', 'mobile phone', 'mysql', 'forum posting', 'technical writing', 'pcb layout', 'indesign', 'jquery / prototype', '3d rendering', 'illustration', 'excel', 'asp', 'copywriting', 'microsoft exchange', 'word', 'mac os', 'transcription', 'telemarketing', 'xxx', 'stationery design', 'business cards', '3d modelling', 'voip', 'javascript', 'flyer design', '3ds max', 'linux', 'ipad', 'sales', 'sql', 'polish', 'typography', 'css', 'business analysis', '.net', 'prestashop', 'marketing', 'seo', 'project management', 'after effects', '3d animation'}, 'worker_task_dict': {'w1241': ['internet marketing', 'seo', 'css', 'html', 'advertising'], 'w0594': ['after effects', 'graphic design', '3d animation'], 'w1131': ['translation', 'php', 'mysql', 'graphic design', 'delphi'], 'w0957': ['graphic design', 'logo design', 'css', 'brochure design'], 'w1372': ['marketing', 'internet marketing', 'data entry', 'social networking'], 'w0772': ['graphic design', 'logo design', 'illustrator', 'photoshop design'], 'w1054': ['graphic design', 'logo design'], 'w0034': ['link building', 'seo', 'internet marketing', 'marketing', 'data entry'], 'w0540': ['graphic design', 'photoshop', 'logo design', 'illustrator', 'flyer design'], 'w0143': ['php', 'html', 'website design', 'graphic design', 'css'], 'w1114': ['website design', 'html', 'php'], 'w1086': ['css', 'website design', 'html', 'wordpress', 'php'], 'w0305': ['photoshop', 'photo editing', 'graphic design', 'photoshop design', 'website design'], 'w0554': ['3d rendering', '3d modelling', 'autocad', '3d animation'], 'w1703': ['proofreading', 'editing', 'ghostwriting', 'technical writing', 'copywriting'], 'w0240': ['articles', 'article rewriting', 'academic writing', 'copywriting', 'ghostwriting'], 'w0636': ['php', 'html', 'mysql', 'javascript', 'ajax'], 'w1670': ['wordpress'], 'w1418': ['data entry', 'copy typing', 'excel', 'data processing', 'word'], 'w0803': ['3d animation', 'after effects', 'animation']}, 'task_val_dict': {'oracle': 7, 'product design': 6, 'telemarketing': 9, 'german': 14, 'typography': 16, 'microsoft exchange': 10, 'arduino': 8, 'xxx': 10, 'virtuemart': 11, 'creative writing': 3, 'concept design': 6, 'embedded software': 8, 'polish': 10, 'sharepoint': 7, 'bootstrap': 11, 'amazon web services': 9, 'poster design': 12, 'covers &amp; packaging': 8, 'forum posting': 9, 'travel writing': 10, 'voip': 6, 'autocad': 11, 'transcription': 10, 'bulk marketing': 14, '3d rendering': 4, 'brochure design': 10, 'after effects': 4, 'leads': 9, 'mac os': 4, 'drupal': 15, 'video broadcasting': 11, 'flyer design': 8, 'advertising': 10, 'stationery design': 8, 'sales': 13, 'technical writing': 9, 'statistics': 8, 'engineering': 7, 'perl': 7, 'reviews': 10, 'indesign': 10, 't-shirts': 8, 'jquery / prototype': 7, 'database administration': 10, '3ds max': 7, 'asp': 8, 'greek': 7, 'photo editing': 6, 'pcb layout': 9, 'marketing': 9, '3d animation': 11, 'virtual assistant': 10, 'psd to html': 3, 'cad/cam': 8, 'photography': 9, 'visual basic': 10, 'videography': 6, 'windows desktop': 7, 'social networking': 8, 'word': 9, 'business cards': 10, 'business analysis': 5, 'book writing': 6, 'sem / adwords': 9, 'matlab &amp; mathematica': 5, 'editing': 5, 'sql': 9, 'xml': 13, 'microsoft access': 9, 'website management': 10, 'anything goes': 16, 'apache': 8, 'ghostwriting': 5, 'audio services': 12, 'java': 7, 'project management': 12, 'caricature &amp; cartoons': 8, 'ipad': 10, 'metatrader': 10, 'prestashop': 10, 'animation': 4, 'website design': 11, 'seo': 7, '.net': 10, 'joomla': 12, 'article rewriting': 8, 'php': 5, 'mobile phone': 10, 'illustration': 16, 'iphone': 12, 'android': 10, 'internet marketing': 9, 'css': 10, 'mysql': 11, 'web scraping': 9, 'linux': 7, 'excel': 7, 'academic writing': 9, 'illustrator': 10, 'logo design': 8, 'html': 0, 'graphic design': 0, 'translation': 0, 'delphi': 0, 'data entry': 0, 'photoshop design': 0, 'link building': 0, 'photoshop': 0, 'wordpress': 0, '3d modelling': 0, 'proofreading': 0, 'copywriting': 0, 'articles': 0, 'javascript': 0, 'ajax': 0, 'copy typing': 0, 'data processing': 0}, 'worke_cost': {'w1241': 10.0, 'w0594': 15.0, 'w1131': 10.0, 'w0957': 15.0, 'w1372': 7.0, 'w0772': 13.0, 'w1054': 7.0, 'w0034': 15.0, 'w0540': 10.0, 'w0143': 20.0, 'w1114': 14.0, 'w1086': 2.0, 'w0305': 9.0, 'w0554': 25.0, 'w1703': 10.0, 'w0240': 10.0, 'w0636': 12.0, 'w1670': 7.0, 'w1418': 3.0, 'w0803': 15.0}, 'n': 117, 'm': 20, 'solution': {'w1086', 'w1418', 'w1372', 'w0540'}, 'value': 72.0}"
Official_Experiment_ROI_dataset_07_instance_07_6_exec,"{'task_file': 'C:\\Users\\Konstantina\\Desktop\\HDrop20-master-thesis-experiments\\data\\data_files\\07_dataset_20_workers_100_tasks\\instance_07\\tasks.csv', 'worker_file': 'C:\\Users\\Konstantina\\Desktop\\HDrop20-master-thesis-experiments\\data\\data_files\\07_dataset_20_workers_100_tasks\\instance_07\\workers.csv', 'workers': {'w0600', 'w0961', 'w0847', 'w0399', 'w0385', 'w1672', 'w0362', 'w1627', 'w1048', 'w0526', 'w0178', 'w0255', 'w0272', 'w1099', 'w0381', 'w1557', 'w1054', 'w1661', 'w1124', 'w1274'}, 'workers_df':     cost  ... y_star_index
0    7.0  ...          0.0
1   25.0  ...          0.0
2    5.0  ...          1.0
3   20.0  ...          1.0
4   10.0  ...          0.0
5   35.0  ...          0.0
6    7.0  ...          0.0
7   21.0  ...          0.0
8   15.0  ...          0.0
9   10.0  ...          0.0
10  10.0  ...          1.0
11   5.0  ...          0.0
12  10.0  ...          0.0
13  10.0  ...          0.0
14  10.0  ...          0.0
15   5.0  ...          0.0
16   4.0  ...          1.0
17  15.0  ...          0.0
18  10.0  ...          0.0
19  25.0  ...          0.0

[20 rows x 5 columns], 'tasks_df':                 skill  skill_id  valuation  x_star_index
0            japanese        82          8           0.0
1       forum posting        68         10           1.0
2              german        70          7           0.0
3             arduino        18          9           0.0
4      product design       119         10           0.0
..                ...       ...        ...           ...
109        powerpoint         0          0           0.0
110       game design         0          0           0.0
111          articles         0          0           0.0
112  academic writing         0          0           0.0
113      visual basic         0          0           0.0

[114 rows x 4 columns], 'task_set': {'translation', 'asterisk pbx', 'perl', 'sem / adwords', 'german', 'covers &amp; packaging', 'engineering', 'greek', 'link building', 'article rewriting', 'spanish', 'visual basic', 'electronic forms', 'website management', 'data entry', 'photo editing', 'statistics', 'product design', 'oracle', 'ajax', 'photoshop design', 'php', 'virtual assistant', 'anything goes', 'illustrator', 'powerpoint', 'korean', 'c# programming', 'mathematics', 'concept design', 'windows server', 'photography', 'wordpress', 'video broadcasting', 'articles', 'game design', 'academic writing', 'caricature &amp; cartoons', 'editing', 'banner design', 'joomla', 'youtube', 'arabic', 'animation', 'web hosting', 'xml', 'web scraping', 'brochure design', 'classifieds posting', 'autocad', 'advertising', 'photoshop', 'website design', 'reviews', 'delphi', 'system admin', 'html', 'business plans', 'japanese', 'logo design', 'proofreading', 'book writing', 'graphic design', 't-shirts', 'internet marketing', 'poster design', 'creative writing', 'virtuemart', 'travel writing', 'bulk marketing', 'music', 'data processing', 'electronics', 'magento', 'arduino', 'mobile phone', 'mysql', 'forum posting', 'accounting', 'technical writing', 'pcb layout', 'indesign', 'jquery / prototype', 'simplified chinese (china)', 'illustration', 'excel', 'script install', 'electrical engineering', 'copywriting', 'swedish', 'word', 'unix', 'mac os', 'video services', 'xxx', 'business cards', 'ebooks', '3d modelling', 'web search', 'voip', 'javascript', 'flyer design', 'ecommerce', 'ipad', 'sales', 'sql', 'polish', 'typography', 'css', '.net', 'marketing', 'mechanical engineering', 'seo', 'c++ programming'}, 'worker_task_dict': {'w1274': ['mysql'], 'w0362': ['graphic design', 'logo design', 'banner design', 'website design'], 'w1124': ['editing', 'article rewriting', 'proofreading'], 'w0600': ['php', 'excel', 'web scraping', 'data entry', 'mysql'], 'w0526': ['logo design', 'graphic design', 'illustrator'], 'w0961': ['php', 'website design', 'joomla', 'css', 'wordpress'], 'w1054': ['graphic design', 'logo design'], 'w0178': ['graphic design', 'photoshop design', 'website design', 'concept design', 'photoshop'], 'w1048': ['php', 'wordpress', 'javascript', 'website design', 'html'], 'w1557': ['copywriting', 'website design'], 'w1627': ['logo design', 'caricature &amp; cartoons', 'graphic design', 'photoshop', 'illustration'], 'w1661': ['excel'], 'w0255': ['translation', 'greek', 'technical writing', 'editing'], 'w0847': ['graphic design', 'logo design', 'photoshop', 'illustration', 'photoshop design'], 'w0381': ['photoshop', 'graphic design', 'photo editing', 'photoshop design', 'illustrator'], 'w1099': ['youtube', 'powerpoint', 'graphic design', 'photoshop', 'game design'], 'w1672': ['classifieds posting', 'advertising', 'forum posting'], 'w0385': ['articles', 'article rewriting', 'academic writing', 'translation', 'copywriting'], 'w0272': ['php', 'html', 'website design', 'wordpress', 'css'], 'w0399': ['excel', 'php', 'visual basic', 'css', 'web scraping']}, 'task_val_dict': {'japanese': 8, 'forum posting': 10, 'german': 7, 'arduino': 9, 'product design': 10, 'arabic': 6, 'virtuemart': 10, 'simplified chinese (china)': 10, 'travel writing': 16, 'oracle': 7, 'poster design': 13, 'electronic forms': 13, 'creative writing': 8, 'typography': 14, 'korean': 12, 'concept design': 11, 'xxx': 6, 'covers &amp; packaging': 8, 'swedish': 9, 'polish': 9, 'editing': 2, 'photography': 9, 'anything goes': 7, 'reviews': 7, 'sales': 5, 'business cards': 12, 'photo editing': 13, 't-shirts': 6, 'brochure design': 9, 'indesign': 10, 'caricature &amp; cartoons': 10, 'flyer design': 11, 'script install': 9, 'proofreading': 12, 'windows server': 12, 'engineering': 7, 'system admin': 5, 'voip': 10, 'jquery / prototype': 8, 'asterisk pbx': 9, 'technical writing': 10, 'pcb layout': 6, 'classifieds posting': 12, 'perl': 10, 'ecommerce': 6, 'sql': 7, 'music': 13, 'ebooks': 10, 'accounting': 16, '3d modelling': 8, 'virtual assistant': 8, 'c# programming': 10, 'delphi': 8, 'website management': 12, 'mechanical engineering': 9, 'xml': 7, 'magento': 13, 'marketing': 8, 'link building': 5, 'spanish': 8, 'advertising': 12, 'ajax': 7, 'ipad': 5, 'word': 9, 'web search': 9, 'youtube': 7, 'c++ programming': 6, 'unix': 9, 'mathematics': 8, 'sem / adwords': 4, 'statistics': 10, 'business plans': 12, 'book writing': 10, 'electrical engineering': 7, 'web hosting': 8, 'autocad': 11, 'bulk marketing': 8, 'electronics': 6, 'mac os': 11, 'video broadcasting': 12, 'logo design': 9, 'article rewriting': 12, 'internet marketing': 11, 'translation': 8, 'joomla': 7, 'seo': 9, 'animation': 10, 'graphic design': 12, 'illustration': 8, 'copywriting': 10, 'data processing': 6, 'mysql': 14, 'banner design': 10, 'website design': 9, '.net': 6, 'css': 13, 'mobile phone': 10, 'video services': 17, 'web scraping': 12, 'excel': 8, 'php': 0, 'data entry': 0, 'illustrator': 0, 'wordpress': 0, 'photoshop design': 0, 'photoshop': 0, 'javascript': 0, 'html': 0, 'greek': 0, 'powerpoint': 0, 'game design': 0, 'articles': 0, 'academic writing': 0, 'visual basic': 0}, 'worke_cost': {'w1274': 7.0, 'w0362': 25.0, 'w1124': 5.0, 'w0600': 20.0, 'w0526': 10.0, 'w0961': 35.0, 'w1054': 7.0, 'w0178': 21.0, 'w1048': 15.0, 'w1557': 10.0, 'w1627': 10.0, 'w1661': 5.0, 'w0255': 10.0, 'w0847': 10.0, 'w0381': 10.0, 'w1099': 5.0, 'w1672': 4.0, 'w0385': 15.0, 'w0272': 10.0, 'w0399': 25.0}, 'n': 114, 'm': 20, 'solution': {'w0272', 'w1627', 'w1672', 'w1124'}, 'value': 92.0}"
Official_Experiment_ROI_dataset_07_instance_08_7_exec,"{'task_file': 'C:\\Users\\Konstantina\\Desktop\\HDrop20-master-thesis-experiments\\data\\data_files\\07_dataset_20_workers_100_tasks\\instance_08\\tasks.csv', 'worker_file': 'C:\\Users\\Konstantina\\Desktop\\HDrop20-master-thesis-experiments\\data\\data_files\\07_dataset_20_workers_100_tasks\\instance_08\\workers.csv', 'workers': {'w0779', 'w1090', 'w0686', 'w1276', 'w1644', 'w1453', 'w0445', 'w0580', 'w1422', 'w1544', 'w1367', 'w0812', 'w1492', 'w1722', 'w0999', 'w1432', 'w0808', 'w1403', 'w0355', 'w0300'}, 'workers_df':     cost  ... y_star_index
0   30.0  ...          0.0
1   17.0  ...          0.0
2   10.0  ...          1.0
3   12.0  ...          0.0
4   15.0  ...          1.0
5   27.0  ...          0.0
6    3.0  ...          0.0
7   25.0  ...          0.0
8   30.0  ...          0.0
9   13.0  ...          0.0
10   5.0  ...          1.0
11   5.0  ...          0.0
12  10.0  ...          0.0
13   7.0  ...          0.0
14  12.0  ...          0.0
15  30.0  ...          0.0
16  15.0  ...          0.0
17   3.0  ...          1.0
18   5.0  ...          0.0
19  20.0  ...          0.0

[20 rows x 5 columns], 'tasks_df':                               skill  skill_id  valuation  x_star_index
0                microsoft exchange       102          3           0.0
1                     telemarketing       147          7           0.0
2                        virtuemart       159          9           0.0
3    telecommunications engineering       146          6           0.0
4                 invitation design        79          7           0.0
..                              ...       ...        ...           ...
107                           excel         0          0           0.0
108               virtual assistant         0          0           0.0
109                     translation         0          0           0.0
110                    proofreading         0          0           0.0
111                         reviews         0          0           0.0

[112 rows x 4 columns], 'task_set': {'translation', 'finance', 'asterisk pbx', 'perl', 'sem / adwords', 'link building', 'article rewriting', 'spanish', 'visual basic', 'electronic forms', 'bootstrap', 'website management', 'facebook marketing', 'data entry', 'photo editing', 'product design', 'oracle', 'photoshop design', 'php', 'virtual assistant', 'illustrator', 'pdf', 'iphone', 'c# programming', 'concept design', 'robotics', 'embedded software', 'blog', 'wordpress', 'telecommunications engineering', 'video broadcasting', 'invitation design', 'articles', 'game design', 'leads', 'academic writing', 'caricature &amp; cartoons', 'banner design', 'joomla', 'psd to html', 'java', 'youtube', 'unity 3d', 'xml', 'classifieds posting', 'photoshop', 'copy typing', 'videography', 'website design', 'reviews', 'delphi', 'cms', 'database administration', 'cad/cam', 'html', 'business plans', 'drupal', 'social networking', 'ghostwriting', 'email marketing', 'logo design', 'proofreading', 'book writing', 'software architecture', 'graphic design', 't-shirts', 'internet marketing', 'poster design', 'virtuemart', 'audio services', 'music', 'data processing', 'electronics', 'latex', 'magento', 'research', 'apache', 'ruby on rails', 'arduino', 'mobile phone', 'mysql', 'forum posting', 'accounting', 'technical writing', '3d rendering', 'illustration', 'excel', 'asp', 'electrical engineering', 'copywriting', 'microsoft exchange', 'unix', 'mac os', 'transcription', 'telemarketing', 'xxx', 'business cards', 'ebooks', '3d modelling', 'web search', 'voip', 'flyer design', '3ds max', 'python', 'sql', 'typography', 'css', 'actionscript', 'software testing', 'seo', 'c++ programming', 'after effects'}, 'worker_task_dict': {'w0580': ['php', 'website design', 'html', 'graphic design', 'magento'], 'w0999': ['web search', 'graphic design', 'research', 'leads', 'illustration'], 'w0445': ['graphic design', 'logo design', 'photoshop', 'illustrator', 'banner design'], 'w0779': ['graphic design', 'website design', 'photoshop', 'illustrator', 'php'], 'w0300': ['php', 'html', 'drupal', 'wordpress', 'magento'], 'w0812': ['php', 'website design', 'html', 'graphic design', 'seo'], 'w1367': ['youtube', 'facebook marketing', 'social networking', 'internet marketing'], 'w1544': ['software architecture', 'software testing', 'mysql', 'website management'], 'w1090': ['html', 'magento', 'php', 'css', 'website design'], 'w0808': ['photoshop', 'photoshop design'], 'w1403': ['seo', 'link building', 'internet marketing'], 'w1492': ['photoshop', 'graphic design', 'logo design'], 'w0686': ['data entry', 'excel', 'data processing', 'virtual assistant', 'copy typing'], 'w1453': ['graphic design', 'logo design'], 'w1422': ['articles', 'copywriting', 'translation'], 'w0355': ['mysql', 'sql', 'database administration', 'php', 'oracle'], 'w1644': ['copywriting', 'proofreading', 'research'], 'w1432': ['articles', 'article rewriting', 'academic writing', 'reviews'], 'w1722': ['seo', 'link building'], 'w1276': ['seo', 'internet marketing', 'articles', 'link building', 'article rewriting']}, 'task_val_dict': {'microsoft exchange': 3, 'telemarketing': 7, 'virtuemart': 9, 'telecommunications engineering': 6, 'invitation design': 7, 'embedded software': 5, 'xxx': 10, 'electronic forms': 5, 'ruby on rails': 8, 'oracle': 7, 'robotics': 8, 'poster design': 12, 'unity 3d': 7, 'forum posting': 10, 'latex': 10, 'product design': 10, 'arduino': 13, 'concept design': 7, 'typography': 8, 'bootstrap': 8, 'actionscript': 10, 'photo editing': 8, 'after effects': 8, 'audio services': 10, 'c# programming': 10, 'delphi': 9, 'link building': 8, 't-shirts': 12, 'asterisk pbx': 7, 'drupal': 8, 'voip': 8, 'java': 4, 'visual basic': 10, 'game design': 7, 'sql': 9, 'finance': 11, 'book writing': 8, 'xml': 8, '3ds max': 8, 'copy typing': 9, 'unix': 6, 'psd to html': 2, 'magento': 10, 'music': 6, 'software testing': 9, 'photoshop design': 8, 'blog': 13, 'classifieds posting': 8, 'database administration': 9, 'asp': 13, 'business plans': 7, 'sem / adwords': 6, 'social networking': 7, 'ghostwriting': 10, 'python': 9, 'c++ programming': 7, 'caricature &amp; cartoons': 6, 'spanish': 11, 'videography': 4, '3d modelling': 11, 'electrical engineering': 10, 'mac os': 5, 'email marketing': 7, 'ebooks': 10, 'website management': 8, '3d rendering': 10, 'cad/cam': 5, 'video broadcasting': 10, 'technical writing': 7, 'pdf': 6, 'leads': 8, 'research': 11, 'cms': 10, 'accounting': 5, 'electronics': 8, 'business cards': 9, 'flyer design': 9, 'transcription': 11, 'apache': 7, 'perl': 10, 'mobile phone': 6, 'copywriting': 8, 'website design': 10, 'wordpress': 5, 'article rewriting': 8, 'iphone': 7, 'joomla': 5, 'facebook marketing': 8, 'graphic design': 7, 'articles': 5, 'logo design': 3, 'internet marketing': 7, 'banner design': 8, 'mysql': 5, 'academic writing': 11, 'php': 4, 'data processing': 9, 'html': 9, 'seo': 11, 'photoshop': 7, 'web search': 0, 'illustration': 0, 'illustrator': 0, 'youtube': 0, 'software architecture': 0, 'css': 0, 'data entry': 0, 'excel': 0, 'virtual assistant': 0, 'translation': 0, 'proofreading': 0, 'reviews': 0}, 'worke_cost': {'w0580': 30.0, 'w0999': 17.0, 'w0445': 10.0, 'w0779': 12.0, 'w0300': 15.0, 'w0812': 27.0, 'w1367': 3.0, 'w1544': 25.0, 'w1090': 30.0, 'w0808': 13.0, 'w1403': 5.0, 'w1492': 5.0, 'w0686': 10.0, 'w1453': 7.0, 'w1422': 12.0, 'w0355': 30.0, 'w1644': 15.0, 'w1432': 3.0, 'w1722': 5.0, 'w1276': 20.0}, 'n': 112, 'm': 20, 'solution': {'w1722', 'w1367', 'w1432', 'w1492'}, 'value': 66.0}"
Official_Experiment_ROI_dataset_07_instance_09_8_exec,"{'task_file': 'C:\\Users\\Konstantina\\Desktop\\HDrop20-master-thesis-experiments\\data\\data_files\\07_dataset_20_workers_100_tasks\\instance_09\\tasks.csv', 'worker_file': 'C:\\Users\\Konstantina\\Desktop\\HDrop20-master-thesis-experiments\\data\\data_files\\07_dataset_20_workers_100_tasks\\instance_09\\workers.csv', 'workers': {'w0737', 'w0228', 'w0675', 'w0472', 'w0182', 'w0698', 'w0727', 'w1681', 'w1112', 'w0338', 'w1594', 'w1359', 'w1701', 'w0003', 'w0329', 'w0582', 'w0437', 'w1683', 'w0901', 'w0205'}, 'workers_df':     cost  ... y_star_index
0   25.0  ...          0.0
1   20.0  ...          0.0
2   12.0  ...          0.0
3    4.0  ...          0.0
4    8.0  ...          1.0
5    6.0  ...          1.0
6   15.0  ...          0.0
7    8.0  ...          0.0
8   10.0  ...          0.0
9    8.0  ...          0.0
10  15.0  ...          1.0
11  15.0  ...          0.0
12  25.0  ...          0.0
13  20.0  ...          0.0
14   6.0  ...          1.0
15  10.0  ...          0.0
16   5.0  ...          0.0
17  19.0  ...          0.0
18  12.0  ...          0.0
19  10.0  ...          0.0

[20 rows x 5 columns], 'tasks_df':                   skill  skill_id  valuation  x_star_index
0         telemarketing       147          7           0.0
1      creative writing        45          8           0.0
2                polish       115          4           0.0
3                 latex        88          6           0.0
4              japanese        82          6           0.0
..                  ...       ...        ...           ...
107           photoshop         0          0           0.0
108       sem / adwords         0          0           0.0
109  facebook marketing         0          0           0.0
110               linux         0          0           0.0
111          accounting         0          0           0.0

[112 rows x 4 columns], 'task_set': {'translation', 'finance', 'sem / adwords', 'engineering', 'covers &amp; packaging', 'link building', 'metatrader', 'article rewriting', 'electronic forms', 'facebook marketing', 'website management', 'data entry', 'photo editing', 'oracle', 'ajax', 'php', 'anything goes', 'powerpoint', 'iphone', 'c# programming', 'mathematics', 'user interface / ia', 'concept design', 'robotics', 'windows server', 'blog', 'photography', 'wordpress', 'sharepoint', 'invitation design', 'articles', 'game design', 'academic writing', 'editing', 'banner design', 'joomla', 'psd to html', 'arabic', 'unity 3d', 'web hosting', 'xml', 'photoshop', 'copy typing', 'videography', 'website design', 'android', 'reviews', 'cms', 'system admin', 'financial markets', 'database administration', 'cad/cam', 'html', 'business plans', 'flash', 'japanese', 'ghostwriting', 'email marketing', 'logo design', 'proofreading', 'book writing', 'software architecture', 'graphic design', 'internet marketing', 'creative writing', 'audio services', 'travel writing', 'bulk marketing', 'data processing', 'electronics', 'latex', 'magento', 'apache', 'research', 'ruby on rails', 'microsoft access', 'mobile phone', 'mysql', 'accounting', 'customer support', 'pcb layout', 'indesign', '3d rendering', 'excel', 'asp', 'copywriting', 'swedish', 'word', 'unix', 'mac os', 'transcription', 'video services', 'telemarketing', 'stationery design', 'ebooks', 'web search', 'javascript', 'ecommerce', 'python', 'linux', 'ipad', 'sales', 'sql', 'polish', 'css', 'business analysis', 'prestashop', 'marketing', 'software testing', 'seo', 'project management', 'after effects'}, 'worker_task_dict': {'w0205': ['anything goes', 'website design', 'graphic design', 'php', 'html'], 'w0003': ['website design', 'php', 'graphic design', 'html', 'logo design'], 'w1594': ['link building', 'seo', 'internet marketing', 'data entry'], 'w1701': ['data entry', 'data processing', 'seo'], 'w0228': ['php', 'mysql', 'web hosting', 'website management', 'flash'], 'w0582': ['blog', 'anything goes', 'articles'], 'w0901': ['php', 'wordpress', 'copywriting', 'translation'], 'w0437': ['translation', 'data entry', 'excel', 'web search', 'research'], 'w0737': ['photoshop', 'graphic design', 'photo editing', 'logo design', 'banner design'], 'w0329': ['html', 'website design', 'css', 'psd to html', 'graphic design'], 'w0698': ['html', 'excel', 'wordpress', 'php', 'website design'], 'w1683': ['php', 'xml', 'javascript'], 'w0182': ['anything goes', 'website design', 'graphic design', 'php', 'html'], 'w0472': ['link building', 'seo', 'php', 'website design'], 'w0675': ['article rewriting', 'copywriting', 'translation', 'php', 'blog'], 'w1681': ['seo', 'internet marketing', 'php', 'marketing', 'sem / adwords'], 'w0338': ['data entry', 'facebook marketing', 'internet marketing', 'data processing', 'excel'], 'w1112': ['linux', 'system admin', 'apache', 'web hosting', 'windows server'], 'w1359': ['academic writing', 'marketing', 'business analysis', 'business plans'], 'w0727': ['excel', 'finance', 'accounting', 'data entry']}, 'task_val_dict': {'telemarketing': 7, 'creative writing': 8, 'polish': 4, 'latex': 6, 'japanese': 6, 'robotics': 10, 'travel writing': 3, 'sharepoint': 14, 'arabic': 6, 'oracle': 6, 'financial markets': 3, 'covers &amp; packaging': 7, 'user interface / ia': 1, 'electronic forms': 6, 'ruby on rails': 2, 'invitation design': 8, 'concept design': 7, 'swedish': 5, 'customer support': 8, 'unity 3d': 8, 'web search': 3, 'c# programming': 8, 'ipad': 5, 'flash': 9, 'copy typing': 8, 'pcb layout': 9, 'ecommerce': 9, 'ajax': 7, 'psd to html': 5, 'proofreading': 9, 'transcription': 12, 'blog': 9, 'web hosting': 5, 'engineering': 3, 'anything goes': 6, 'photo editing': 12, 'microsoft access': 12, 'prestashop': 4, 'after effects': 15, 'indesign': 6, 'xml': 8, 'audio services': 11, 'apache': 6, 'python': 5, 'word': 5, 'software testing': 8, 'unix': 5, 'game design': 9, 'metatrader': 6, 'website management': 6, 'ebooks': 8, 'ghostwriting': 8, 'magento': 9, 'email marketing': 6, 'link building': 9, 'bulk marketing': 13, 'marketing': 5, 'mathematics': 12, '3d rendering': 10, 'project management': 13, 'system admin': 8, 'cad/cam': 9, 'business plans': 6, 'sales': 9, 'book writing': 8, 'business analysis': 4, 'electronics': 12, 'sql': 6, 'cms': 4, 'windows server': 10, 'asp': 6, 'mac os': 3, 'database administration': 6, 'stationery design': 8, 'videography': 11, 'powerpoint': 11, 'editing': 12, 'finance': 9, 'reviews': 12, 'photography': 8, 'website design': 6, 'css': 4, 'joomla': 4, 'html': 12, 'android': 9, 'wordpress': 12, 'academic writing': 4, 'php': 8, 'mobile phone': 3, 'javascript': 12, 'video services': 4, 'software architecture': 8, 'copywriting': 9, 'logo design': 6, 'iphone': 8, 'excel': 10, 'articles': 10, 'article rewriting': 8, 'seo': 5, 'banner design': 2, 'graphic design': 0, 'internet marketing': 0, 'data entry': 0, 'data processing': 0, 'mysql': 0, 'translation': 0, 'research': 0, 'photoshop': 0, 'sem / adwords': 0, 'facebook marketing': 0, 'linux': 0, 'accounting': 0}, 'worke_cost': {'w0205': 25.0, 'w0003': 20.0, 'w1594': 12.0, 'w1701': 4.0, 'w0228': 8.0, 'w0582': 6.0, 'w0901': 15.0, 'w0437': 8.0, 'w0737': 10.0, 'w0329': 8.0, 'w0698': 15.0, 'w1683': 15.0, 'w0182': 25.0, 'w0472': 20.0, 'w0675': 6.0, 'w1681': 10.0, 'w0338': 5.0, 'w1112': 19.0, 'w1359': 12.0, 'w0727': 10.0}, 'n': 112, 'm': 20, 'solution': {'w0228', 'w0329', 'w0582', 'w0675'}, 'value': 69.0}"
Official_Experiment_ROI_dataset_07_instance_10_9_exec,"{'task_file': 'C:\\Users\\Konstantina\\Desktop\\HDrop20-master-thesis-experiments\\data\\data_files\\07_dataset_20_workers_100_tasks\\instance_10\\tasks.csv', 'worker_file': 'C:\\Users\\Konstantina\\Desktop\\HDrop20-master-thesis-experiments\\data\\data_files\\07_dataset_20_workers_100_tasks\\instance_10\\workers.csv', 'workers': {'w1087', 'w1700', 'w0422', 'w1596', 'w0085', 'w1228', 'w0839', 'w0326', 'w0746', 'w0224', 'w1049', 'w1410', 'w0585', 'w0400', 'w1298', 'w1273', 'w1567', 'w0000', 'w0432', 'w1244'}, 'workers_df':     cost  ... y_star_index
0   15.0  ...          1.0
1   10.0  ...          1.0
2   20.0  ...          0.0
3   20.0  ...          0.0
4   20.0  ...          0.0
5   25.0  ...          0.0
6   20.0  ...          0.0
7   15.0  ...          0.0
8   25.0  ...          0.0
9    5.0  ...          0.0
10  15.0  ...          1.0
11  10.0  ...          0.0
12   5.0  ...          0.0
13  15.0  ...          0.0
14  20.0  ...          0.0
15   8.0  ...          0.0
16  25.0  ...          0.0
17  20.0  ...          0.0
18  10.0  ...          1.0
19   8.0  ...          0.0

[20 rows x 5 columns], 'tasks_df':                               skill  skill_id  valuation  x_star_index
0    telecommunications engineering       146          7           0.0
1                           swedish       142         10           0.0
2                          unity 3d       152          5           0.0
3                            arabic        17         14           0.0
4                        typography       151         13           0.0
..                              ...       ...        ...           ...
118       caricature &amp; cartoons         0          0           0.0
119                     illustrator         0          0           0.0
120                     engineering         0          0           0.0
121                 windows desktop         0          0           0.0
122                           sales         0          0           0.0

[123 rows x 4 columns], 'task_set': {'translation', 'finance', 'perl', 'sem / adwords', 'greek', 'engineering', 'matlab &amp; mathematica', 'link building', 'metatrader', 'article rewriting', 'spanish', 'visual basic', 'voice talent', 'facebook marketing', 'website management', 'data entry', 'statistics', 'oracle', 'photoshop design', 'php', 'virtual assistant', 'illustrator', 'powerpoint', 'iphone', 'mathematics', 'c# programming', 'algorithm', 'concept design', 'robotics', 'windows server', 'photography', 'wordpress', 'telecommunications engineering', 'video broadcasting', 'sharepoint', 'invitation design', 'leads', 'academic writing', 'caricature &amp; cartoons', 'banner design', 'joomla', 'java', 'youtube', 'unity 3d', 'arabic', 'web hosting', 'xml', 'web scraping', 'classifieds posting', 'amazon web services', 'autocad', 'advertising', 'photoshop', 'videography', 'copy typing', 'website design', 'android', 'reviews', 'cms', 'system admin', 'windows desktop', 'cad/cam', 'microcontroller', 'html', 'business plans', 'social networking', 'email marketing', 'logo design', 'software architecture', 'graphic design', 't-shirts', 'internet marketing', 'poster design', 'c programming', 'creative writing', 'virtuemart', 'audio services', 'travel writing', 'bulk marketing', 'latex', 'magento', 'research', 'apache', 'ruby on rails', 'arduino', 'microsoft access', 'mobile phone', 'mysql', 'forum posting', 'accounting', 'pcb layout', 'indesign', '3d rendering', 'illustration', 'excel', 'asp', 'swedish', 'mac os', 'transcription', 'video services', 'telemarketing', 'stationery design', 'business cards', 'ebooks', '3d modelling', 'voip', 'javascript', 'flyer design', '3ds max', 'python', 'linux', 'ipad', 'sales', 'typography', 'css', 'business analysis', '.net', 'actionscript', 'prestashop', 'marketing', 'software testing', 'seo', 'project management'}, 'worker_task_dict': {'w1087': ['mysql', 'php', 'html', 'website design', 'css'], 'w1410': ['3d rendering', 'autocad', '3ds max', '3d modelling'], 'w0085': ['mobile phone', 'iphone', 'android', 'ipad'], 'w1049': ['graphic design', 'logo design', 'banner design', 'stationery design'], 'w0839': ['html', 'website design', 'mysql', 'css'], 'w0400': ['data entry', 'research', 'article rewriting', 'virtual assistant'], 'w1298': ['.net', 'asp', 'mysql', 'javascript', 'php'], 'w0326': ['php', 'wordpress', 'css', 'website design', 'html'], 'w0746': ['bulk marketing', 'leads', 'marketing', 'advertising', 'internet marketing'], 'w1273': ['data entry', 'internet marketing'], 'w0432': ['graphic design', 'logo design', 'photoshop', 'powerpoint', 'photoshop design'], 'w0422': ['facebook marketing', 'social networking', 'internet marketing', 'article rewriting'], 'w1244': ['translation', 'internet marketing'], 'w1228': ['internet marketing', 'sem / adwords'], 'w0585': ['web scraping', 'web hosting', 'seo', 'excel', 'magento'], 'w1567': ['illustration', 'logo design', 'caricature &amp; cartoons', 'illustrator'], 'w1700': ['engineering', 'windows desktop', 'visual basic', '.net', 'excel'], 'w0224': ['php', 'html', 'website design', 'graphic design', 'joomla'], 'w1596': ['classifieds posting', 'internet marketing', 'leads', 'advertising', 'marketing'], 'w0000': ['internet marketing', 'marketing', 'seo', 'sales', 'link building']}, 'task_val_dict': {'telecommunications engineering': 7, 'swedish': 10, 'unity 3d': 5, 'arabic': 14, 'typography': 13, 'forum posting': 2, 'telemarketing': 6, 'oracle': 11, 'travel writing': 6, 'virtuemart': 11, 'creative writing': 8, 'amazon web services': 8, 'sharepoint': 8, 'arduino': 11, 'latex': 11, 'concept design': 5, 'robotics': 11, 'ruby on rails': 14, 'invitation design': 12, 'poster design': 8, 'link building': 10, 'email marketing': 7, 'videography': 12, 'microsoft access': 10, 'perl': 10, 'video broadcasting': 8, 'classifieds posting': 9, 'reviews': 6, 'research': 16, 'greek': 6, 'metatrader': 8, 'project management': 8, 'java': 3, 'voip': 11, 'cad/cam': 10, 'youtube': 9, 'photoshop design': 5, 'flyer design': 9, 'business plans': 8, 'audio services': 9, 'stationery design': 5, 'mathematics': 16, 'pcb layout': 6, 'python': 10, 'leads': 6, 'ipad': 8, 'actionscript': 9, 'c# programming': 8, 'business analysis': 3, 'microcontroller': 9, 'apache': 8, 'indesign': 8, 'statistics': 7, 'virtual assistant': 10, 'visual basic': 6, 'cms': 15, 'system admin': 7, 'finance': 13, 'photography': 13, 'mac os': 9, '3d rendering': 7, 'prestashop': 11, 'ebooks': 11, 'xml': 7, 'windows server': 5, 'spanish': 13, 'matlab &amp; mathematica': 10, 'algorithm': 11, 'social networking': 15, 'business cards': 15, 'website management': 12, 'voice talent': 4, 'autocad': 10, 'copy typing': 9, 'marketing': 9, 'accounting': 10, 'transcription': 11, 'bulk marketing': 8, 't-shirts': 9, 'software testing': 15, 'academic writing': 7, 'graphic design': 11, 'software architecture': 9, '.net': 12, 'javascript': 9, 'html': 13, 'logo design': 10, 'video services': 9, 'iphone': 15, 'web scraping': 14, 'illustration': 13, 'joomla': 9, 'excel': 11, 'photoshop': 6, 'linux': 11, 'website design': 6, 'internet marketing': 10, 'translation': 10, 'c programming': 10, 'css': 14, 'mysql': 0, 'php': 0, '3ds max': 0, '3d modelling': 0, 'mobile phone': 0, 'android': 0, 'banner design': 0, 'data entry': 0, 'article rewriting': 0, 'asp': 0, 'wordpress': 0, 'advertising': 0, 'powerpoint': 0, 'facebook marketing': 0, 'sem / adwords': 0, 'web hosting': 0, 'seo': 0, 'magento': 0, 'caricature &amp; cartoons': 0, 'illustrator': 0, 'engineering': 0, 'windows desktop': 0, 'sales': 0}, 'worke_cost': {'w1087': 15.0, 'w1410': 10.0, 'w0085': 20.0, 'w1049': 20.0, 'w0839': 20.0, 'w0400': 25.0, 'w1298': 20.0, 'w0326': 15.0, 'w0746': 25.0, 'w1273': 5.0, 'w0432': 15.0, 'w0422': 10.0, 'w1244': 5.0, 'w1228': 15.0, 'w0585': 20.0, 'w1567': 8.0, 'w1700': 25.0, 'w0224': 20.0, 'w1596': 10.0, 'w0000': 8.0}, 'n': 123, 'm': 20, 'solution': {'w1087', 'w1596', 'w1567', 'w1244'}, 'value': 62.0}"
