Official_Experiment_dUSM_dataset_03_instance_01_0_exec,"{'task_file': '/Users/hdrop/Documents/Personal FIles/master-thesis-experiments/data/data_files/03_dataset_10_workers_10_tasks/instance_01/tasks_2.csv', 'worker_file': '/Users/hdrop/Documents/Personal FIles/master-thesis-experiments/data/data_files/03_dataset_10_workers_10_tasks/instance_01/workers_2.csv', 'workers': {'w08', 'w03', 'w00', 'w09', 'w05', 'w06', 'w04', 'w07', 'w02', 'w01'}, 'workers_df':         cost           skills  user_id user_name  y_star_index
0   7.266811  [t02, t09, t04]        0       w00  1.000000e+00
1   6.948454  [t00, t04, t03]        1       w01  7.896757e-10
2   2.331524       [t01, t03]        2       w02  1.000000e+00
3   4.680573       [t02, t03]        3       w03  1.150669e-10
4   7.802477  [t00, t03, t06]        4       w04  1.000000e+00
5  23.510090       [t01, t06]        5       w05 -1.244019e-10
6  11.475550       [t02, t06]        6       w06  1.905963e-10
7  22.752349  [t00, t06, t08]        7       w07  6.641306e-10
8  33.967294  [t01, t08, t07]        8       w08  1.407920e-09
9  17.583698       [t02, t07]        9       w09  1.000000e+00, 'tasks_df':   skill  skill_id  valuation  x_star_index
0   t00         0   4.982143  1.000000e+00
1   t01         1   7.969027  1.000000e+00
2   t02         2   4.036019  1.000000e+00
3   t03         3   4.499257  1.000000e+00
4   t04         4  19.731477  1.000000e+00
5   t05         5  18.908242  1.030383e-10
6   t06         6  18.427097  1.000000e+00
7   t07         7  18.784281  1.000000e+00
8   t08         8  10.720747  2.186064e-09
9   t09         9   8.570838  1.000000e+00, 'task_set': {'t00', 't07', 't09', 't08', 't04', 't01', 't02', 't05', 't06', 't03'}, 'worker_task_dict': {'w00': ['t02', 't09', 't04'], 'w01': ['t00', 't04', 't03'], 'w02': ['t01', 't03'], 'w03': ['t02', 't03'], 'w04': ['t00', 't03', 't06'], 'w05': ['t01', 't06'], 'w06': ['t02', 't06'], 'w07': ['t00', 't06', 't08'], 'w08': ['t01', 't08', 't07'], 'w09': ['t02', 't07']}, 'task_val_dict': {'t00': 4.98214277693052, 't01': 7.969027052754777, 't02': 4.036018569731618, 't03': 4.499256863886145, 't04': 19.731476744427976, 't05': 18.908241799617876, 't06': 18.427097101470647, 't07': 18.78428064597028, 't08': 10.720747291127113, 't09': 8.57083838546574}, 'worke_cost': {'w00': 7.266811376102311, 'w01': 6.948453576400643, 'w02': 2.331524333675788, 'w03': 4.68057269166353, 'w04': 7.802477321460432, 'w05': 23.51008965748385, 'w06': 11.475550006283644, 'w07': 22.752348987033216, 'w08': 33.967294193192856, 'w09': 17.583698284473446}, 'n': 10, 'm': 10, 'solution': {'w02', 'w04', 'w00'}, 'value': 50.81504446342889}"
Official_Experiment_dUSM_dataset_03_instance_02_1_exec,"{'task_file': '/Users/hdrop/Documents/Personal FIles/master-thesis-experiments/data/data_files/03_dataset_10_workers_10_tasks/instance_02/tasks_2.csv', 'worker_file': '/Users/hdrop/Documents/Personal FIles/master-thesis-experiments/data/data_files/03_dataset_10_workers_10_tasks/instance_02/workers_2.csv', 'workers': {'w08', 'w03', 'w00', 'w09', 'w05', 'w06', 'w04', 'w07', 'w02', 'w01'}, 'workers_df':         cost           skills  user_id user_name  y_star_index
0   6.471245  [t02, t09, t04]        0       w00  1.000000e+00
1   3.692443  [t00, t04, t03]        1       w01  1.184150e-10
2   4.486462       [t01, t03]        2       w02  1.000000e+00
3  10.920552  [t02, t03, t06]        3       w03  1.226699e-11
4   5.762044       [t00, t06]        4       w04  3.354284e-11
5  15.312102       [t01, t06]        5       w05  1.279098e-12
6  14.001141       [t02, t06]        6       w06 -2.108100e-12
7  12.147348  [t00, t06, t08]        7       w07  1.000000e+00
8  32.746874       [t01, t08]        8       w08 -1.089434e-11
9  16.871542       [t02, t08]        9       w09  1.759494e-11, 'tasks_df':   skill  skill_id  valuation  x_star_index
0   t00         0  14.747779  1.000000e+00
1   t01         1   7.404269  1.000000e+00
2   t02         2   3.460547  1.000000e+00
3   t03         3  19.345513  1.000000e+00
4   t04         4  18.363386  1.000000e+00
5   t05         5  18.372160  1.372944e-11
6   t06         6  12.667344  1.000000e+00
7   t07         7   3.194597  4.718182e-12
8   t08         8  14.390055  1.000000e+00
9   t09         9   3.474355  1.000000e+00, 'task_set': {'t00', 't07', 't09', 't08', 't04', 't01', 't02', 't05', 't06', 't03'}, 'worker_task_dict': {'w00': ['t02', 't09', 't04'], 'w01': ['t00', 't04', 't03'], 'w02': ['t01', 't03'], 'w03': ['t02', 't03', 't06'], 'w04': ['t00', 't06'], 'w05': ['t01', 't06'], 'w06': ['t02', 't06'], 'w07': ['t00', 't06', 't08'], 'w08': ['t01', 't08'], 'w09': ['t02', 't08']}, 'task_val_dict': {'t00': 14.747779276644124, 't01': 7.404268599526823, 't02': 3.460547390698257, 't03': 19.345513391505875, 't04': 18.363386356719708, 't05': 18.372159935877328, 't06': 12.667343625683646, 't07': 3.1945965541818184, 't08': 14.390054624506082, 't09': 3.474355199584981}, 'worke_cost': {'w00': 6.471245294052498, 'w01': 3.6924426975531888, 'w02': 4.486462117179256, 'w03': 10.920551899451723, 'w04': 5.762043938392159, 'w05': 15.312101769978822, 'w06': 14.001140902934242, 'w07': 12.147348222694426, 'w08': 32.74687362012312, 'w09': 16.871541863180482}, 'n': 10, 'm': 10, 'solution': {'w01', 'w03', 'w00'}, 'value': 50.97468534977918}"
Official_Experiment_dUSM_dataset_03_instance_03_2_exec,"{'task_file': '/Users/hdrop/Documents/Personal FIles/master-thesis-experiments/data/data_files/03_dataset_10_workers_10_tasks/instance_03/tasks_2.csv', 'worker_file': '/Users/hdrop/Documents/Personal FIles/master-thesis-experiments/data/data_files/03_dataset_10_workers_10_tasks/instance_03/workers_2.csv', 'workers': {'w08', 'w03', 'w00', 'w09', 'w05', 'w06', 'w04', 'w07', 'w02', 'w01'}, 'workers_df':         cost           skills  user_id user_name  y_star_index
0  11.931742  [t02, t09, t04]        0       w00  7.900472e-10
1   6.086981       [t00, t04]        1       w01  1.000000e+00
2   8.619777  [t01, t04, t03]        2       w02  1.000000e+00
3   2.712328       [t02, t03]        3       w03  3.835176e-09
4  11.483656  [t00, t03, t06]        4       w04  4.191599e-09
5  15.237159       [t01, t06]        5       w05  4.317091e-10
6  10.083343  [t02, t06, t08]        6       w06  1.000000e+00
7  20.267458  [t00, t08, t07]        7       w07  3.497521e-09
8  27.921560  [t01, t07, t05]        8       w08  9.334078e-10
9  33.253652  [t02, t05, t09]        9       w09  2.233148e-10, 'tasks_df':   skill  skill_id  valuation  x_star_index
0   t00         0  15.701897  1.000000e+00
1   t01         1  13.655998  1.000000e+00
2   t02         2   1.718252  1.000000e+00
3   t03         3  17.169646  1.000000e+00
4   t04         4  17.952886  1.000000e+00
5   t05         5  10.305543  8.877863e-10
6   t06         6   7.026906  1.000000e+00
7   t07         7   5.680981  3.934358e-09
8   t08         8   9.773417  1.000000e+00
9   t09         9   1.119002  5.792515e-10, 'task_set': {'t00', 't07', 't09', 't08', 't04', 't01', 't02', 't05', 't06', 't03'}, 'worker_task_dict': {'w00': ['t02', 't09', 't04'], 'w01': ['t00', 't04'], 'w02': ['t01', 't04', 't03'], 'w03': ['t02', 't03'], 'w04': ['t00', 't03', 't06'], 'w05': ['t01', 't06'], 'w06': ['t02', 't06', 't08'], 'w07': ['t00', 't08', 't07'], 'w08': ['t01', 't07', 't05'], 'w09': ['t02', 't05', 't09']}, 'task_val_dict': {'t00': 15.701897416804515, 't01': 13.655998431013872, 't02': 1.7182516495955205, 't03': 17.169646285383987, 't04': 17.95288629515011, 't05': 10.305543142190013, 't06': 7.026906389618422, 't07': 5.680980710182828, 't08': 9.773417276796923, 't09': 1.1190017481318573}, 'worke_cost': {'w00': 11.93174207326372, 'w01': 6.086980620826864, 'w02': 8.619776649156101, 'w03': 2.712327704403613, 'w04': 11.483655873422483, 'w05': 15.237158742875136, 'w06': 10.083343270651318, 'w07': 20.267457978110127, 'w08': 27.921560092659032, 'w09': 33.25365237438099}, 'n': 10, 'm': 10, 'solution': {'w01', 'w03'}, 'value': 43.74337332170365}"
Official_Experiment_dUSM_dataset_03_instance_04_3_exec,"{'task_file': '/Users/hdrop/Documents/Personal FIles/master-thesis-experiments/data/data_files/03_dataset_10_workers_10_tasks/instance_04/tasks_2.csv', 'worker_file': '/Users/hdrop/Documents/Personal FIles/master-thesis-experiments/data/data_files/03_dataset_10_workers_10_tasks/instance_04/workers_2.csv', 'workers': {'w08', 'w03', 'w00', 'w09', 'w05', 'w06', 'w04', 'w07', 'w02', 'w01'}, 'workers_df':         cost           skills  user_id user_name  y_star_index
0   6.910195            [t02]        0       w00  2.230936e-11
1   8.484300       [t00, t09]        1       w01  5.504996e-11
2   1.971764  [t01, t09, t04]        2       w02  1.000000e+00
3   3.211999            [t02]        3       w03  2.697044e-10
4   3.268315       [t00, t04]        4       w04  1.000000e+00
5  16.715887  [t01, t04, t03]        5       w05  4.850697e-11
6  13.305656  [t02, t03, t06]        6       w06  1.000000e+00
7  18.738013  [t00, t06, t08]        7       w07  7.140627e-11
8  23.704434  [t01, t08, t07]        8       w08  6.914129e-11
9  17.219686       [t02, t07]        9       w09 -9.576765e-12, 'tasks_df':   skill  skill_id  valuation  x_star_index
0   t00         0   4.047207  1.000000e+00
1   t01         1  12.251902  1.000000e+00
2   t02         2  11.196394  1.000000e+00
3   t03         3  17.351909  1.000000e+00
4   t04         4   6.656770  1.000000e+00
5   t05         5  10.096317  3.047126e-11
6   t06         6   7.560740  1.000000e+00
7   t07         7   6.470944  8.238946e-11
8   t08         8   7.593012  1.680881e-10
9   t09         9   5.481384  1.000000e+00, 'task_set': {'t00', 't07', 't09', 't08', 't04', 't01', 't02', 't05', 't06', 't03'}, 'worker_task_dict': {'w00': ['t02'], 'w01': ['t00', 't09'], 'w02': ['t01', 't09', 't04'], 'w03': ['t02'], 'w04': ['t00', 't04'], 'w05': ['t01', 't04', 't03'], 'w06': ['t02', 't03', 't06'], 'w07': ['t00', 't06', 't08'], 'w08': ['t01', 't08', 't07'], 'w09': ['t02', 't07']}, 'task_val_dict': {'t00': 4.04720718074115, 't01': 12.251901644395762, 't02': 11.19639405039383, 't03': 17.351908511364346, 't04': 6.656770215131654, 't05': 10.096316605963793, 't06': 7.560740084777833, 't07': 6.470943955401469, 't08': 7.593012465392493, 't09': 5.481383530320221}, 'worke_cost': {'w00': 6.910194728692876, 'w01': 8.484299852769034, 'w02': 1.9717638207477624, 'w03': 3.211998591159112, 'w04': 3.2683153660906497, 'w05': 16.715886626705878, 'w06': 13.30565636011524, 'w07': 18.73801307279951, 'w08': 23.704434127773258, 'w09': 17.219685755251458}, 'n': 10, 'm': 10, 'solution': {'w02', 'w05', 'w03'}, 'value': 31.038708912993055}"
Official_Experiment_dUSM_dataset_03_instance_05_4_exec,"{'task_file': '/Users/hdrop/Documents/Personal FIles/master-thesis-experiments/data/data_files/03_dataset_10_workers_10_tasks/instance_05/tasks_2.csv', 'worker_file': '/Users/hdrop/Documents/Personal FIles/master-thesis-experiments/data/data_files/03_dataset_10_workers_10_tasks/instance_05/workers_2.csv', 'workers': {'w08', 'w03', 'w00', 'w09', 'w05', 'w06', 'w04', 'w07', 'w02', 'w01'}, 'workers_df':         cost           skills  user_id user_name  y_star_index
0   3.821610            [t02]        0       w00  2.929908e-09
1   3.207085  [t00, t09, t04]        1       w01  1.000000e+00
2   6.474753       [t01, t04]        2       w02  2.616104e-10
3   3.374321       [t02, t04]        3       w03  1.000000e+00
4   2.219395  [t00, t04, t03]        4       w04  1.000000e+00
5  19.922637            [t01]        5       w05 -4.210846e-11
6  22.420683  [t02, t03, t06]        6       w06  4.338300e-10
7  13.277110  [t00, t06, t08]        7       w07  2.630098e-09
8  11.275287  [t01, t08, t07]        8       w08  1.000000e+00
9  27.142746  [t02, t07, t05]        9       w09  1.188179e-09, 'tasks_df':   skill  skill_id  valuation  x_star_index
0   t00         0   4.925843  1.000000e+00
1   t01         1   4.165246  1.000000e+00
2   t02         2   6.458973  1.000000e+00
3   t03         3   9.374900  1.000000e+00
4   t04         4   2.485112  1.000000e+00
5   t05         5  12.751959  1.400781e-09
6   t06         6  10.812356  3.275041e-09
7   t07         7  18.832503  1.000000e+00
8   t08         8  19.622087  1.000000e+00
9   t09         9  15.167116  1.000000e+00, 'task_set': {'t00', 't07', 't09', 't08', 't04', 't01', 't02', 't05', 't06', 't03'}, 'worker_task_dict': {'w00': ['t02'], 'w01': ['t00', 't09', 't04'], 'w02': ['t01', 't04'], 'w03': ['t02', 't04'], 'w04': ['t00', 't04', 't03'], 'w05': ['t01'], 'w06': ['t02', 't03', 't06'], 'w07': ['t00', 't06', 't08'], 'w08': ['t01', 't08', 't07'], 'w09': ['t02', 't07', 't05']}, 'task_val_dict': {'t00': 4.925842809287862, 't01': 4.165246210049778, 't02': 6.458973023140899, 't03': 9.374899676952284, 't04': 2.48511172620395, 't05': 12.751958706255444, 't06': 10.812356067466146, 't07': 18.83250327985621, 't08': 19.62208693066237, 't09': 15.167115742352674}, 'worke_cost': {'w00': 3.8216096499070655, 'w01': 3.2070851750437326, 'w02': 6.474752822459848, 'w03': 3.3743205782221373, 'w04': 2.219395470748335, 'w05': 19.922636673979763, 'w06': 22.420682803343105, 'w07': 13.277110184494544, 'w08': 11.27528673086423, 'w09': 27.142746129322376}, 'n': 10, 'm': 10, 'solution': {'w08', 'w03', 'w04', 'w01'}, 'value': 60.955691443627614}"
Official_Experiment_dUSM_dataset_03_instance_06_5_exec,"{'task_file': '/Users/hdrop/Documents/Personal FIles/master-thesis-experiments/data/data_files/03_dataset_10_workers_10_tasks/instance_06/tasks_2.csv', 'worker_file': '/Users/hdrop/Documents/Personal FIles/master-thesis-experiments/data/data_files/03_dataset_10_workers_10_tasks/instance_06/workers_2.csv', 'workers': {'w08', 'w03', 'w00', 'w09', 'w05', 'w06', 'w04', 'w07', 'w02', 'w01'}, 'workers_df':         cost           skills  user_id user_name  y_star_index
0   8.662274  [t02, t09, t04]        0       w00  1.000000e+00
1   9.522623  [t00, t04, t03]        1       w01  6.871375e-11
2   3.640008  [t01, t03, t06]        2       w02  1.000000e+00
3   8.336806       [t02, t06]        3       w03  2.141832e-11
4   7.893951  [t00, t06, t08]        4       w04  1.000000e+00
5  12.000086       [t01, t08]        5       w05  1.313297e-12
6  14.736969       [t02, t08]        6       w06 -5.681510e-12
7  20.160366       [t00, t08]        7       w07 -1.126665e-11
8  17.449630  [t01, t08, t07]        8       w08  8.701221e-12
9  24.923484  [t02, t07, t05]        9       w09 -1.122011e-12, 'tasks_df':   skill  skill_id  valuation  x_star_index
0   t00         0  19.258493  1.000000e+00
1   t01         1  10.575325  1.000000e+00
2   t02         2  15.651985  1.000000e+00
3   t03         3   5.193517  1.000000e+00
4   t04         4   9.074443  1.000000e+00
5   t05         5   1.381263  1.745872e-12
6   t06         6   7.557390  1.000000e+00
7   t07         7   3.576915  1.165402e-11
8   t08         8   1.757845  1.000000e+00
9   t09         9  12.360131  1.000000e+00, 'task_set': {'t00', 't07', 't09', 't08', 't04', 't01', 't02', 't05', 't06', 't03'}, 'worker_task_dict': {'w00': ['t02', 't09', 't04'], 'w01': ['t00', 't04', 't03'], 'w02': ['t01', 't03', 't06'], 'w03': ['t02', 't06'], 'w04': ['t00', 't06', 't08'], 'w05': ['t01', 't08'], 'w06': ['t02', 't08'], 'w07': ['t00', 't08'], 'w08': ['t01', 't08', 't07'], 'w09': ['t02', 't07', 't05']}, 'task_val_dict': {'t00': 19.25849274654901, 't01': 10.575324552356827, 't02': 15.651985315900294, 't03': 5.193517119969625, 't04': 9.074442650001588, 't05': 1.3812626000056885, 't06': 7.55739001294254, 't07': 3.57691472296684, 't08': 1.7578453035124664, 't09': 12.360130804974029}, 'worke_cost': {'w00': 8.662274253718262, 'w01': 9.522623036095364, 'w02': 3.640008399977359, 'w03': 8.336805774708784, 'w04': 7.893951356591213, 'w05': 12.000085954297266, 'w06': 14.73696891633247, 'w07': 20.160366378449915, 'w08': 17.449629668334246, 'w09': 24.92348408839112}, 'n': 10, 'm': 10, 'solution': {'w02', 'w01', 'w03', 'w00'}, 'value': 49.50957173819414}"
Official_Experiment_dUSM_dataset_03_instance_07_6_exec,"{'task_file': '/Users/hdrop/Documents/Personal FIles/master-thesis-experiments/data/data_files/03_dataset_10_workers_10_tasks/instance_07/tasks_2.csv', 'worker_file': '/Users/hdrop/Documents/Personal FIles/master-thesis-experiments/data/data_files/03_dataset_10_workers_10_tasks/instance_07/workers_2.csv', 'workers': {'w08', 'w03', 'w00', 'w09', 'w05', 'w06', 'w04', 'w07', 'w02', 'w01'}, 'workers_df':         cost           skills  user_id user_name  y_star_index
0   2.770158            [t02]        0       w00  1.140498e-10
1   2.893804       [t00, t09]        1       w01  2.194438e-10
2   4.767034  [t01, t09, t04]        2       w02  1.000000e+00
3   7.953364            [t02]        3       w03  1.191400e-12
4   1.669674  [t00, t04, t03]        4       w04  1.000000e+00
5   4.352290       [t01, t03]        5       w05  9.646389e-11
6  12.897138       [t02, t03]        6       w06 -2.482761e-12
7  21.218946       [t00, t03]        7       w07 -1.153591e-11
8  28.870937       [t01, t03]        8       w08 -1.022940e-11
9  16.060419  [t02, t03, t06]        9       w09  1.000000e+00, 'tasks_df':   skill  skill_id  valuation  x_star_index
0   t00         0  18.586529  1.000000e+00
1   t01         1   8.361066  1.000000e+00
2   t02         2  18.139354  1.000000e+00
3   t03         3  14.090319  1.000000e+00
4   t04         4   6.771998  1.000000e+00
5   t05         5   1.415705  1.763412e-12
6   t06         6  17.813398  1.000000e+00
7   t07         7  15.467647  1.152940e-11
8   t08         8  13.121976  1.072330e-11
9   t09         9  12.951065  1.000000e+00, 'task_set': {'t00', 't07', 't09', 't08', 't04', 't01', 't02', 't05', 't06', 't03'}, 'worker_task_dict': {'w00': ['t02'], 'w01': ['t00', 't09'], 'w02': ['t01', 't09', 't04'], 'w03': ['t02'], 'w04': ['t00', 't04', 't03'], 'w05': ['t01', 't03'], 'w06': ['t02', 't03'], 'w07': ['t00', 't03'], 'w08': ['t01', 't03'], 'w09': ['t02', 't03', 't06']}, 'task_val_dict': {'t00': 18.586528830070296, 't01': 8.36106569812811, 't02': 18.139354262508217, 't03': 14.090318986847445, 't04': 6.77199809260839, 't05': 1.4157049975563194, 't06': 17.813398443635897, 't07': 15.467647333660016, 't08': 13.121976484474736, 't09': 12.951064963073296}, 'worke_cost': {'w00': 2.7701584656052383, 'w01': 2.8938044755826686, 'w02': 4.7670336674880245, 'w03': 7.953364005393936, 'w04': 1.6696744683763762, 'w05': 4.352289935428318, 'w06': 12.897137880757963, 'w07': 21.21894595740531, 'w08': 28.87093684230993, 'w09': 16.06041864082971}, 'n': 10, 'm': 10, 'solution': {'w09', 'w01', 'w03', 'w04'}, 'value': 59.775401988560844}"
Official_Experiment_dUSM_dataset_03_instance_08_7_exec,"{'task_file': '/Users/hdrop/Documents/Personal FIles/master-thesis-experiments/data/data_files/03_dataset_10_workers_10_tasks/instance_08/tasks_2.csv', 'worker_file': '/Users/hdrop/Documents/Personal FIles/master-thesis-experiments/data/data_files/03_dataset_10_workers_10_tasks/instance_08/workers_2.csv', 'workers': {'w08', 'w03', 'w00', 'w09', 'w05', 'w06', 'w04', 'w07', 'w02', 'w01'}, 'workers_df':         cost           skills  user_id user_name  y_star_index
0   8.073081  [t02, t09, t04]        0       w00  1.000000e+00
1   6.392452  [t00, t04, t03]        1       w01  7.236257e-10
2  10.911813  [t01, t03, t06]        2       w02  1.000000e+00
3   6.955761       [t02, t06]        3       w03 -5.151741e-12
4   3.178283       [t00, t06]        4       w04  3.000331e-09
5  13.252951       [t01, t06]        5       w05 -5.744095e-11
6  21.211057  [t02, t06, t08]        6       w06 -1.206869e-10
7  14.515443       [t00, t08]        7       w07  1.785947e-10
8  31.965440  [t01, t08, t07]        8       w08  2.811831e-09
9  17.683092       [t02, t07]        9       w09  1.511088e-10, 'tasks_df':   skill  skill_id  valuation  x_star_index
0   t00         0   1.308389  3.529529e-09
1   t01         1  19.068150  1.000000e+00
2   t02         2   1.532193  1.000000e+00
3   t03         3   3.099440  1.000000e+00
4   t04         4   6.636974  1.000000e+00
5   t05         5   8.955127  1.394696e-10
6   t06         6   2.914316  1.000000e+00
7   t07         7  14.140281  3.084887e-09
8   t08         8  10.529057  2.958141e-09
9   t09         9  11.342311  1.000000e+00, 'task_set': {'t00', 't07', 't09', 't08', 't04', 't01', 't02', 't05', 't06', 't03'}, 'worker_task_dict': {'w00': ['t02', 't09', 't04'], 'w01': ['t00', 't04', 't03'], 'w02': ['t01', 't03', 't06'], 'w03': ['t02', 't06'], 'w04': ['t00', 't06'], 'w05': ['t01', 't06'], 'w06': ['t02', 't06', 't08'], 'w07': ['t00', 't08'], 'w08': ['t01', 't08', 't07'], 'w09': ['t02', 't07']}, 'task_val_dict': {'t00': 1.3083887057589645, 't01': 19.06815024099163, 't02': 1.532192769644075, 't03': 3.099440043416433, 't04': 6.6369736445251695, 't05': 8.9551270827148, 't06': 2.914315635822072, 't07': 14.140280735843753, 't08': 10.52905650221155, 't09': 11.34231140777612}, 'worke_cost': {'w00': 8.07308094481813, 'w01': 6.392451544086873, 'w02': 10.91181293098723, 'w03': 6.95576061507491, 'w04': 3.1782832699762835, 'w05': 13.252950742100012, 'w06': 21.21105738221432, 'w07': 14.515442930781887, 'w08': 31.96543957633827, 'w09': 17.683091930693145}, 'n': 10, 'm': 10, 'solution': {'w02', 'w00'}, 'value': 25.608489866370142}"
Official_Experiment_dUSM_dataset_03_instance_09_8_exec,"{'task_file': '/Users/hdrop/Documents/Personal FIles/master-thesis-experiments/data/data_files/03_dataset_10_workers_10_tasks/instance_09/tasks_2.csv', 'worker_file': '/Users/hdrop/Documents/Personal FIles/master-thesis-experiments/data/data_files/03_dataset_10_workers_10_tasks/instance_09/workers_2.csv', 'workers': {'w08', 'w03', 'w00', 'w09', 'w05', 'w06', 'w04', 'w07', 'w02', 'w01'}, 'workers_df':         cost           skills  user_id user_name  y_star_index
0   3.785188       [t02, t09]        0       w00  1.000000e+00
1   6.440164            [t00]        1       w01  5.471890e-11
2   2.724806       [t01, t09]        2       w02  1.259994e-08
3   7.405130            [t02]        3       w03  2.034807e-10
4   4.091046  [t00, t09, t04]        4       w04  5.661476e-10
5  12.502788       [t01, t04]        5       w05 -7.859194e-11
6   5.413563       [t02, t04]        6       w06  1.878870e-09
7   8.511716  [t00, t04, t03]        7       w07  1.000000e+00
8  22.393737       [t01, t03]        8       w08 -9.316204e-11
9  31.095648  [t02, t03, t06]        9       w09  3.107248e-11, 'tasks_df':   skill  skill_id  valuation  x_star_index
0   t00         0   3.792433  1.000000e+00
1   t01         1   2.493438  1.205871e-08
2   t02         2   7.652257  1.000000e+00
3   t03         3  12.817024  1.000000e+00
4   t04         4  19.053916  1.000000e+00
5   t05         5   9.479056  1.443819e-10
6   t06         6   8.341191  1.566465e-10
7   t07         7  13.764684  1.657918e-10
8   t08         8  14.408895  1.676240e-10
9   t09         9  15.964593  1.000000e+00, 'task_set': {'t00', 't07', 't09', 't08', 't04', 't01', 't02', 't05', 't06', 't03'}, 'worker_task_dict': {'w00': ['t02', 't09'], 'w01': ['t00'], 'w02': ['t01', 't09'], 'w03': ['t02'], 'w04': ['t00', 't09', 't04'], 'w05': ['t01', 't04'], 'w06': ['t02', 't04'], 'w07': ['t00', 't04', 't03'], 'w08': ['t01', 't03'], 'w09': ['t02', 't03', 't06']}, 'task_val_dict': {'t00': 3.792432969642984, 't01': 2.4934380503150946, 't02': 7.652257158473162, 't03': 12.817023557296594, 't04': 19.053915997061853, 't05': 9.479056279629518, 't06': 8.34119089330667, 't07': 13.764683822484391, 't08': 14.40889523085589, 't09': 15.964593263604192}, 'worke_cost': {'w00': 3.7851883117894407, 'w01': 6.440164257139839, 'w02': 2.724806257766709, 'w03': 7.405129500107525, 'w04': 4.091046028402396, 'w05': 12.50278839718331, 'w06': 5.413562569593645, 'w07': 8.511716084465895, 'w08': 22.39373710226953, 'w09': 31.09564762060199}, 'n': 10, 'm': 10, 'solution': {'w04', 'w00'}, 'value': 38.58696504859035}"
Official_Experiment_dUSM_dataset_03_instance_10_9_exec,"{'task_file': '/Users/hdrop/Documents/Personal FIles/master-thesis-experiments/data/data_files/03_dataset_10_workers_10_tasks/instance_10/tasks_2.csv', 'worker_file': '/Users/hdrop/Documents/Personal FIles/master-thesis-experiments/data/data_files/03_dataset_10_workers_10_tasks/instance_10/workers_2.csv', 'workers': {'w08', 'w03', 'w00', 'w09', 'w05', 'w06', 'w04', 'w07', 'w02', 'w01'}, 'workers_df':         cost           skills  user_id user_name  y_star_index
0   5.245839  [t02, t09, t04]        0       w00  1.000000e+00
1   5.721088            [t00]        1       w01 -2.114679e-11
2   2.409701       [t01, t04]        2       w02  4.384967e-10
3   3.131736       [t02, t04]        3       w03  2.995303e-10
4   2.815667       [t00, t04]        4       w04  1.000000e+00
5  11.056680            [t01]        5       w05 -7.813077e-12
6  12.762473       [t02, t04]        6       w06 -3.052012e-11
7   7.685912  [t00, t04, t03]        7       w07  1.803139e-10
8  11.771270  [t01, t03, t06]        8       w08  1.000000e+00
9  21.579479            [t02]        9       w09 -2.215283e-11, 'tasks_df':   skill  skill_id  valuation  x_star_index
0   t00         0  11.315395  1.000000e+00
1   t01         1   7.183664  1.000000e+00
2   t02         2  16.037400  1.000000e+00
3   t03         3  19.152047  1.000000e+00
4   t04         4  15.876282  1.000000e+00
5   t05         5  15.215163  4.090209e-11
6   t06         6  13.188081  1.000000e+00
7   t07         7   7.550680  3.155228e-11
8   t08         8  10.183130  3.634966e-11
9   t09         9   9.265696  1.000000e+00, 'task_set': {'t00', 't07', 't09', 't08', 't04', 't01', 't02', 't05', 't06', 't03'}, 'worker_task_dict': {'w00': ['t02', 't09', 't04'], 'w01': ['t00'], 'w02': ['t01', 't04'], 'w03': ['t02', 't04'], 'w04': ['t00', 't04'], 'w05': ['t01'], 'w06': ['t02', 't04'], 'w07': ['t00', 't04', 't03'], 'w08': ['t01', 't03', 't06'], 'w09': ['t02']}, 'task_val_dict': {'t00': 11.31539487461603, 't01': 7.183664323325054, 't02': 16.03739965370126, 't03': 19.152046832700307, 't04': 15.876282054244754, 't05': 15.215162977161093, 't06': 13.188081107818254, 't07': 7.550680187065545, 't08': 10.183130432388849, 't09': 9.265695708351918}, 'worke_cost': {'w00': 5.245839086589011, 'w01': 5.72108790403931, 'w02': 2.4097012776173425, 'w03': 3.131736284385163, 'w04': 2.815666817500128, 'w05': 11.05668032130915, 'w06': 12.762472915132092, 'w07': 7.685912227693056, 'w08': 11.77127020055807, 'w09': 21.579479380309365}, 'n': 10, 'm': 10, 'solution': {'w08', 'w03', 'w04', 'w00'}, 'value': 69.05405216572521}"
Official_Experiment_dUSM_dataset_03_instance_11_10_exec,"{'task_file': '/Users/hdrop/Documents/Personal FIles/master-thesis-experiments/data/data_files/03_dataset_10_workers_10_tasks/instance_11/tasks_2.csv', 'worker_file': '/Users/hdrop/Documents/Personal FIles/master-thesis-experiments/data/data_files/03_dataset_10_workers_10_tasks/instance_11/workers_2.csv', 'workers': {'w08', 'w03', 'w00', 'w09', 'w05', 'w06', 'w04', 'w07', 'w02', 'w01'}, 'workers_df':         cost           skills  user_id user_name  y_star_index
0   3.764724  [t02, t09, t04]        0       w00  1.000000e+00
1   3.781435       [t00, t04]        1       w01  9.312560e-10
2   2.525467       [t01, t04]        2       w02  6.548309e-10
3   2.109398  [t02, t04, t03]        3       w03  2.780266e-09
4   4.409245       [t00, t03]        4       w04  1.000000e+00
5  10.036865       [t01, t03]        5       w05 -1.203467e-11
6  20.592067  [t02, t03, t06]        6       w06  8.916409e-11
7  15.838513            [t00]        7       w07 -5.490106e-11
8  18.407601       [t01, t06]        8       w08  1.065772e-09
9  26.072300  [t02, t06, t08]        9       w09  2.113772e-10, 'tasks_df':   skill  skill_id  valuation  x_star_index
0   t00         0   3.402651  1.000000e+00
1   t01         1   1.531537  1.549498e-09
2   t02         2  10.430010  1.000000e+00
3   t03         3  16.715409  1.000000e+00
4   t04         4  16.587312  1.000000e+00
5   t05         5   7.387967  5.468615e-11
6   t06         6  16.058025  1.430947e-09
7   t07         7   2.791161  2.855768e-11
8   t08         8   7.565777  2.528433e-10
9   t09         9   8.472632  1.000000e+00, 'task_set': {'t00', 't07', 't09', 't08', 't04', 't01', 't02', 't05', 't06', 't03'}, 'worker_task_dict': {'w00': ['t02', 't09', 't04'], 'w01': ['t00', 't04'], 'w02': ['t01', 't04'], 'w03': ['t02', 't04', 't03'], 'w04': ['t00', 't03'], 'w05': ['t01', 't03'], 'w06': ['t02', 't03', 't06'], 'w07': ['t00'], 'w08': ['t01', 't06'], 'w09': ['t02', 't06', 't08']}, 'task_val_dict': {'t00': 3.4026511104526924, 't01': 1.5315373642372754, 't02': 10.430010012361713, 't03': 16.71540878807876, 't04': 16.587311507684085, 't05': 7.387967213434489, 't06': 16.058025276622296, 't07': 2.7911610942754965, 't08': 7.56577680202643, 't09': 8.47263158605429}, 'worke_cost': {'w00': 3.764724077836357, 'w01': 3.7814349851682807, 'w02': 2.525467180804581, 'w03': 2.109397556076755, 'w04': 4.40924469656513, 'w05': 10.0368646367758, 'w06': 20.59206658598827, 'w07': 15.8385131681517, 'w08': 18.407600797669133, 'w09': 26.072300021245372}, 'n': 10, 'm': 10, 'solution': {'w03', 'w00'}, 'value': 46.33124026026574}"
Official_Experiment_dUSM_dataset_03_instance_12_11_exec,"{'task_file': '/Users/hdrop/Documents/Personal FIles/master-thesis-experiments/data/data_files/03_dataset_10_workers_10_tasks/instance_12/tasks_2.csv', 'worker_file': '/Users/hdrop/Documents/Personal FIles/master-thesis-experiments/data/data_files/03_dataset_10_workers_10_tasks/instance_12/workers_2.csv', 'workers': {'w08', 'w03', 'w00', 'w09', 'w05', 'w06', 'w04', 'w07', 'w02', 'w01'}, 'workers_df':         cost                skills  user_id user_name  y_star_index
0   3.360623            [t02, t09]        0       w00  1.000000e+00
1  12.648696       [t00, t09, t04]        1       w01  1.311772e-11
2   5.820957       [t01, t04, t03]        2       w02  1.000000e+00
3   6.485900            [t02, t03]        3       w03  3.059744e-12
4   7.901147            [t00, t03]        4       w04  8.571060e-12
5  12.027315            [t01, t03]        5       w05  1.587046e-12
6  19.474812                 [t02]        6       w06 -1.582159e-12
7   8.807721  [t00, t03, t06, t08]        7       w07  1.000000e+00
8  30.037797       [t01, t08, t07]        8       w08 -1.595069e-12
9  30.513596  [t02, t07, t05, t09]        9       w09  6.908297e-12, 'tasks_df':   skill  skill_id  valuation  x_star_index
0   t00         0  10.440711  1.000000e+00
1   t01         1  14.008263  1.000000e+00
2   t02         2   3.742606  1.000000e+00
3   t03         3  18.519475  1.000000e+00
4   t04         4   7.546098  1.000000e+00
5   t05         5   7.157195  1.501418e-11
6   t06         6   6.655546  1.000000e+00
7   t07         7   9.271128  1.222269e-11
8   t08         8   2.652744  1.000000e+00
9   t09         9   3.106027  1.000000e+00, 'task_set': {'t00', 't07', 't09', 't08', 't04', 't01', 't02', 't05', 't06', 't03'}, 'worker_task_dict': {'w00': ['t02', 't09'], 'w01': ['t00', 't09', 't04'], 'w02': ['t01', 't04', 't03'], 'w03': ['t02', 't03'], 'w04': ['t00', 't03'], 'w05': ['t01', 't03'], 'w06': ['t02'], 'w07': ['t00', 't03', 't06', 't08'], 'w08': ['t01', 't08', 't07'], 'w09': ['t02', 't07', 't05', 't09']}, 'task_val_dict': {'t00': 10.44071075701073, 't01': 14.008262679695337, 't02': 3.742606094806922, 't03': 18.51947519250664, 't04': 7.546097738456258, 't05': 7.1571952411155975, 't06': 6.655546338383519, 't07': 9.271128004192956, 't08': 2.652743961032563, 't09': 3.106026935666036}, 'worke_cost': {'w00': 3.3606228569717085, 'w01': 12.64869585648316, 'w02': 5.820956517461293, 'w03': 6.485900371708759, 'w04': 7.901147292224283, 'w05': 12.02731450353732, 'w06': 19.47481207590446, 'w07': 8.807720862549072, 'w08': 30.03779671305165, 'w09': 30.513595922972776}, 'n': 10, 'm': 10, 'solution': {'w02', 'w03', 'w07'}, 'value': 42.45086501017284}"
Official_Experiment_dUSM_dataset_03_instance_13_12_exec,"{'task_file': '/Users/hdrop/Documents/Personal FIles/master-thesis-experiments/data/data_files/03_dataset_10_workers_10_tasks/instance_13/tasks_2.csv', 'worker_file': '/Users/hdrop/Documents/Personal FIles/master-thesis-experiments/data/data_files/03_dataset_10_workers_10_tasks/instance_13/workers_2.csv', 'workers': {'w08', 'w03', 'w00', 'w09', 'w05', 'w06', 'w04', 'w07', 'w02', 'w01'}, 'workers_df':         cost           skills  user_id user_name  y_star_index
0   4.577507       [t02, t09]        0       w00  1.000000e+00
1   5.325608  [t00, t09, t04]        1       w01  6.165252e-11
2   2.149175       [t01, t04]        2       w02  1.000000e+00
3   4.384360       [t02, t04]        3       w03  5.187172e-11
4   6.606785  [t00, t04, t03]        4       w04  2.409208e-11
5   9.512667       [t01, t03]        5       w05  4.666743e-12
6  15.236847       [t02, t03]        6       w06 -4.234388e-12
7  13.892734  [t00, t03, t06]        7       w07  1.000000e+00
8  19.272505       [t01, t06]        8       w08 -8.092605e-13
9  30.429884  [t02, t06, t08]        9       w09  1.885658e-11, 'tasks_df':   skill  skill_id  valuation  x_star_index
0   t00         0  10.030345  1.000000e+00
1   t01         1   4.718204  1.000000e+00
2   t02         2  16.560945  1.000000e+00
3   t03         3   6.489092  1.000000e+00
4   t04         4  16.404694  1.000000e+00
5   t05         5  10.653472  6.929972e-12
6   t06         6  13.828882  1.000000e+00
7   t07         7  11.360113  6.921277e-12
8   t08         8  15.590093  2.603933e-11
9   t09         9  15.496859  1.000000e+00, 'task_set': {'t00', 't07', 't09', 't08', 't04', 't01', 't02', 't05', 't06', 't03'}, 'worker_task_dict': {'w00': ['t02', 't09'], 'w01': ['t00', 't09', 't04'], 'w02': ['t01', 't04'], 'w03': ['t02', 't04'], 'w04': ['t00', 't04', 't03'], 'w05': ['t01', 't03'], 'w06': ['t02', 't03'], 'w07': ['t00', 't03', 't06'], 'w08': ['t01', 't06'], 'w09': ['t02', 't06', 't08']}, 'task_val_dict': {'t00': 10.03034488827354, 't01': 4.71820447811441, 't02': 16.560945042397137, 't03': 6.48909242825119, 't04': 16.404694491097402, 't05': 10.65347172839778, 't06': 13.8288822046954, 't07': 11.360112518273864, 't08': 15.590092895429384, 't09': 15.496859117192326}, 'worke_cost': {'w00': 4.57750696461162, 'w01': 5.325607941662486, 'w02': 2.149175115941475, 'w03': 4.384359930735724, 'w04': 6.606785022563636, 'w05': 9.512666806429827, 'w06': 15.236846705062174, 'w07': 13.892734034872571, 'w08': 19.2725051723512, 'w09': 30.429883945876878}, 'n': 10, 'm': 10, 'solution': {'w02', 'w03', 'w04', 'w00'}, 'value': 51.98231341147354}"
Official_Experiment_dUSM_dataset_03_instance_14_13_exec,"{'task_file': '/Users/hdrop/Documents/Personal FIles/master-thesis-experiments/data/data_files/03_dataset_10_workers_10_tasks/instance_14/tasks_2.csv', 'worker_file': '/Users/hdrop/Documents/Personal FIles/master-thesis-experiments/data/data_files/03_dataset_10_workers_10_tasks/instance_14/workers_2.csv', 'workers': {'w08', 'w03', 'w00', 'w09', 'w05', 'w06', 'w04', 'w07', 'w02', 'w01'}, 'workers_df':         cost           skills  user_id user_name  y_star_index
0   3.462974       [t02, t09]        0       w00  1.266829e-10
1   2.081863       [t00, t09]        1       w01  1.818746e-10
2   7.337733       [t01, t09]        2       w02  1.000000e+00
3  11.402142  [t02, t09, t04]        3       w03 -1.067624e-12
4   4.647574       [t00, t04]        4       w04  1.138256e-10
5  10.980676       [t01, t04]        5       w05  1.332687e-12
6  15.682801       [t02, t04]        6       w06 -1.571712e-11
7  12.938864  [t00, t04, t03]        7       w07  1.000000e+00
8  22.248534  [t01, t03, t06]        8       w08  7.735192e-11
9  22.505514  [t02, t06, t08]        9       w09  1.000000e+00, 'tasks_df':   skill  skill_id  valuation  x_star_index
0   t00         0  16.773028  1.000000e+00
1   t01         1  18.798275  1.000000e+00
2   t02         2   5.560350  1.000000e+00
3   t03         3  16.441892  1.000000e+00
4   t04         4   4.247998  1.000000e+00
5   t05         5  17.445084  2.226845e-11
6   t06         6  13.497757  1.000000e+00
7   t07         7  13.097136  2.228810e-11
8   t08         8  18.955463  1.000000e+00
9   t09         9  14.180325  1.000000e+00, 'task_set': {'t00', 't07', 't09', 't08', 't04', 't01', 't02', 't05', 't06', 't03'}, 'worker_task_dict': {'w00': ['t02', 't09'], 'w01': ['t00', 't09'], 'w02': ['t01', 't09'], 'w03': ['t02', 't09', 't04'], 'w04': ['t00', 't04'], 'w05': ['t01', 't04'], 'w06': ['t02', 't04'], 'w07': ['t00', 't04', 't03'], 'w08': ['t01', 't03', 't06'], 'w09': ['t02', 't06', 't08']}, 'task_val_dict': {'t00': 16.773027600358105, 't01': 18.798274670114196, 't02': 5.560350261212752, 't03': 16.441892122949184, 't04': 4.247997632022385, 't05': 17.445084404652444, 't06': 13.49775664561524, 't07': 13.097136301391114, 't08': 18.95546323883399, 't09': 14.1803251081567}, 'worke_cost': {'w00': 3.462974240640471, 'w01': 2.081862914363835, 'w02': 7.337732897724737, 'w03': 11.402141704896431, 'w04': 4.647574352456822, 'w05': 10.980676396192589, 'w06': 15.682801042056257, 'w07': 12.938863577598584, 'w08': 22.248534128836244, 'w09': 22.505514281954724}, 'n': 10, 'm': 10, 'solution': {'w08', 'w03', 'w01'}, 'value': 53.76708529233206}"
Official_Experiment_dUSM_dataset_03_instance_15_14_exec,"{'task_file': '/Users/hdrop/Documents/Personal FIles/master-thesis-experiments/data/data_files/03_dataset_10_workers_10_tasks/instance_15/tasks_2.csv', 'worker_file': '/Users/hdrop/Documents/Personal FIles/master-thesis-experiments/data/data_files/03_dataset_10_workers_10_tasks/instance_15/workers_2.csv', 'workers': {'w08', 'w03', 'w00', 'w09', 'w05', 'w06', 'w04', 'w07', 'w02', 'w01'}, 'workers_df':         cost                skills  user_id user_name  y_star_index
0   2.681027            [t02, t09]        0       w00  1.883468e-11
1   9.901066                 [t00]        1       w01 -1.301625e-12
2  14.619698            [t01, t09]        2       w02  2.662832e-13
3   3.286092            [t02, t09]        3       w03  6.264029e-12
4   4.146445            [t00, t09]        4       w04  5.000000e-01
5  13.483048       [t01, t09, t04]        5       w05  5.000000e-01
6  13.497126            [t02, t04]        6       w06 -2.653823e-12
7  19.032920  [t00, t04, t03, t06]        7       w07  5.000000e-01
8  35.646518       [t01, t06, t08]        8       w08 -4.834261e-12
9  18.377157  [t02, t08, t07, t05]        9       w09  1.000000e+00, 'tasks_df':   skill  skill_id  valuation  x_star_index
0   t00         0  10.601054           1.0
1   t01         1   8.905619           0.5
2   t02         2  12.121797           1.0
3   t03         3   5.716952           0.5
4   t04         4   9.933230           1.0
5   t05         5  15.251883           1.0
6   t06         6   5.486698           0.5
7   t07         7   5.642666           1.0
8   t08         8   7.165143           1.0
9   t09         9  11.663681           1.0, 'task_set': {'t00', 't07', 't09', 't08', 't04', 't01', 't02', 't05', 't06', 't03'}, 'worker_task_dict': {'w00': ['t02', 't09'], 'w01': ['t00'], 'w02': ['t01', 't09'], 'w03': ['t02', 't09'], 'w04': ['t00', 't09'], 'w05': ['t01', 't09', 't04'], 'w06': ['t02', 't04'], 'w07': ['t00', 't04', 't03', 't06'], 'w08': ['t01', 't06', 't08'], 'w09': ['t02', 't08', 't07', 't05']}, 'task_val_dict': {'t00': 10.60105439876416, 't01': 8.905618835722493, 't02': 12.121796597393612, 't03': 5.716952076555849, 't04': 9.93322993874418, 't05': 15.25188256761487, 't06': 5.486698212174408, 't07': 5.642666268322529, 't08': 7.16514270678064, 't09': 11.663681069010142}, 'worke_cost': {'w00': 2.6810270758685, 'w01': 9.901066001096066, 'w02': 14.619698243104454, 'w03': 3.286091690822396, 'w04': 4.14644507586446, 'w05': 13.483047588029404, 'w06': 13.497126002536618, 'w07': 19.03292046390389, 'w08': 35.64651846177238, 'w09': 18.37715706087916}, 'n': 10, 'm': 10, 'solution': {'w09', 'w03', 'w04'}, 'value': 36.63652978031994}"
Official_Experiment_dUSM_dataset_03_instance_16_15_exec,"{'task_file': '/Users/hdrop/Documents/Personal FIles/master-thesis-experiments/data/data_files/03_dataset_10_workers_10_tasks/instance_16/tasks_2.csv', 'worker_file': '/Users/hdrop/Documents/Personal FIles/master-thesis-experiments/data/data_files/03_dataset_10_workers_10_tasks/instance_16/workers_2.csv', 'workers': {'w08', 'w03', 'w00', 'w09', 'w05', 'w06', 'w04', 'w07', 'w02', 'w01'}, 'workers_df':         cost                     skills  user_id user_name  y_star_index
0   3.174108                 [t02, t09]        0       w00  5.000000e-01
1   3.888624            [t00, t09, t04]        1       w01  5.000000e-01
2   7.866637                 [t01, t04]        2       w02  1.992091e-11
3   5.761807                 [t02, t04]        3       w03  5.000000e-01
4   5.959815                 [t00, t04]        4       w04  6.256081e-12
5  26.237336            [t01, t04, t03]        5       w05 -5.594126e-12
6  30.683641                 [t02, t03]        6       w06 -7.764886e-12
7  13.380001  [t00, t01, t03, t06, t08]        7       w07  1.000000e+00
8  20.080697            [t02, t08, t07]        8       w08  2.636820e-12
9  26.829081  [t00, t01, t07, t05, t09]        9       w09 -2.389172e-12, 'tasks_df':   skill  skill_id  valuation  x_star_index
0   t00         0  14.192229  1.000000e+00
1   t01         1   6.717701  1.000000e+00
2   t02         2  13.106028  1.000000e+00
3   t03         3  19.117040  1.000000e+00
4   t04         4  15.371045  1.000000e+00
5   t05         5   5.564909  7.809882e-12
6   t06         6  13.527276  1.000000e+00
7   t07         7   5.018969  8.658654e-12
8   t08         8   3.919707  1.000000e+00
9   t09         9  13.280347  1.000000e+00, 'task_set': {'t00', 't07', 't09', 't08', 't04', 't01', 't02', 't05', 't06', 't03'}, 'worker_task_dict': {'w00': ['t02', 't09'], 'w01': ['t00', 't09', 't04'], 'w02': ['t01', 't04'], 'w03': ['t02', 't04'], 'w04': ['t00', 't04'], 'w05': ['t01', 't04', 't03'], 'w06': ['t02', 't03'], 'w07': ['t00', 't01', 't03', 't06', 't08'], 'w08': ['t02', 't08', 't07'], 'w09': ['t00', 't01', 't07', 't05', 't09']}, 'task_val_dict': {'t00': 14.19222936282878, 't01': 6.717700983309738, 't02': 13.106027610034443, 't03': 19.11703955772453, 't04': 15.371044676497396, 't05': 5.564908697788819, 't06': 13.52727563810799, 't07': 5.018969027640441, 't08': 3.919706767382607, 't09': 13.280346788005575}, 'worke_cost': {'w00': 3.174108409410485, 'w01': 3.888623802220179, 'w02': 7.866637078766065, 'w03': 5.761807204556323, 'w04': 5.95981451637903, 'w05': 26.237336071827507, 'w06': 30.68364149708805, 'w07': 13.38000063753062, 'w08': 20.08069742931999, 'w09': 26.829080908802958}, 'n': 10, 'm': 10, 'solution': {'w01', 'w03', 'w00', 'w07'}, 'value': 73.02683133017347}"
Official_Experiment_dUSM_dataset_03_instance_17_16_exec,"{'task_file': '/Users/hdrop/Documents/Personal FIles/master-thesis-experiments/data/data_files/03_dataset_10_workers_10_tasks/instance_17/tasks_2.csv', 'worker_file': '/Users/hdrop/Documents/Personal FIles/master-thesis-experiments/data/data_files/03_dataset_10_workers_10_tasks/instance_17/workers_2.csv', 'workers': {'w08', 'w03', 'w00', 'w09', 'w05', 'w06', 'w04', 'w07', 'w02', 'w01'}, 'workers_df':         cost                     skills  user_id user_name  y_star_index
0   3.744828                 [t02, t09]        0       w00  1.000000e+00
1  10.220344            [t00, t09, t04]        1       w01  1.785681e-11
2   2.556970                 [t01, t04]        2       w02  1.000000e+00
3   3.609958                 [t02, t04]        3       w03  3.098949e-11
4   3.316345                 [t00, t04]        4       w04  3.871722e-11
5  24.079034                 [t01, t04]        5       w05 -1.483043e-11
6  11.753542                 [t02, t04]        6       w06 -1.071143e-11
7  25.052530  [t00, t01, t04, t03, t06]        7       w07  4.846250e-10
8  16.023799            [t02, t06, t08]        8       w08  1.652860e-10
9  19.625280       [t00, t08, t07, t05]        9       w09  1.000000e+00, 'tasks_df':   skill  skill_id  valuation  x_star_index
0   t00         0  14.889405  1.000000e+00
1   t01         1   9.612433  1.000000e+00
2   t02         2  14.237173  1.000000e+00
3   t03         3   8.671741  4.930128e-10
4   t04         4   3.154736  1.000000e+00
5   t05         5   4.076196  1.000000e+00
6   t06         6  12.823984  6.620390e-10
7   t07         7  14.564122  1.000000e+00
8   t08         8  17.426172  1.000000e+00
9   t09         9  10.094115  1.000000e+00, 'task_set': {'t00', 't07', 't09', 't08', 't04', 't01', 't02', 't05', 't06', 't03'}, 'worker_task_dict': {'w00': ['t02', 't09'], 'w01': ['t00', 't09', 't04'], 'w02': ['t01', 't04'], 'w03': ['t02', 't04'], 'w04': ['t00', 't04'], 'w05': ['t01', 't04'], 'w06': ['t02', 't04'], 'w07': ['t00', 't01', 't04', 't03', 't06'], 'w08': ['t02', 't06', 't08'], 'w09': ['t00', 't08', 't07', 't05']}, 'task_val_dict': {'t00': 14.889405353997416, 't01': 9.612432627483276, 't02': 14.237173423971544, 't03': 8.671740945027135, 't04': 3.1547363229183905, 't05': 4.076195992092931, 't06': 12.823983772136408, 't07': 14.564122370602313, 't08': 17.42617244861482, 't09': 10.09411538439825}, 'worke_cost': {'w00': 3.744828227090109, 'w01': 10.22034435339632, 'w02': 2.556969950470755, 'w03': 3.6099576864731047, 'w04': 3.316345231465326, 'w05': 24.079034057416955, 'w06': 11.75354206941608, 'w07': 25.052530145464445, 'w08': 16.023798790057754, 'w09': 19.62527977115504}, 'n': 10, 'm': 10, 'solution': {'w02', 'w09', 'w08', 'w00'}, 'value': 58.927460957441696}"
Official_Experiment_dUSM_dataset_03_instance_18_17_exec,"{'task_file': '/Users/hdrop/Documents/Personal FIles/master-thesis-experiments/data/data_files/03_dataset_10_workers_10_tasks/instance_18/tasks_2.csv', 'worker_file': '/Users/hdrop/Documents/Personal FIles/master-thesis-experiments/data/data_files/03_dataset_10_workers_10_tasks/instance_18/workers_2.csv', 'workers': {'w08', 'w03', 'w00', 'w09', 'w05', 'w06', 'w04', 'w07', 'w02', 'w01'}, 'workers_df':         cost                     skills  user_id user_name  y_star_index
0   3.415389                 [t02, t09]        0       w00  7.185669e-11
1  16.025935                 [t00, t09]        1       w01 -9.209431e-14
2   8.332219            [t01, t09, t04]        2       w02  8.885747e-11
3   2.697974            [t02, t04, t03]        3       w03  1.000000e+00
4   3.477677                 [t00, t03]        4       w04  1.000000e+00
5  27.666124            [t01, t03, t06]        5       w05 -3.485111e-12
6   4.826057            [t02, t06, t08]        6       w06  1.000000e+00
7  12.385923                      [t00]        7       w07  1.492442e-12
8  25.356180  [t01, t02, t08, t07, t05]        8       w08  9.998368e-12
9  30.705003  [t00, t01, t05, t09, t04]        9       w09 -3.055713e-12, 'tasks_df':   skill  skill_id  valuation  x_star_index
0   t00         0   8.201327  1.000000e+00
1   t01         1   2.795062  7.103939e-11
2   t02         2  17.119304  1.000000e+00
3   t03         3  12.941942  1.000000e+00
4   t04         4  19.887033  1.000000e+00
5   t05         5   1.873830  7.455112e-12
6   t06         6  19.197215  1.000000e+00
7   t07         7   7.863676  1.526961e-11
8   t08         8  13.361966  1.000000e+00
9   t09         9   2.270105  1.355751e-10, 'task_set': {'t00', 't07', 't09', 't08', 't04', 't01', 't02', 't05', 't06', 't03'}, 'worker_task_dict': {'w00': ['t02', 't09'], 'w01': ['t00', 't09'], 'w02': ['t01', 't09', 't04'], 'w03': ['t02', 't04', 't03'], 'w04': ['t00', 't03'], 'w05': ['t01', 't03', 't06'], 'w06': ['t02', 't06', 't08'], 'w07': ['t00'], 'w08': ['t01', 't02', 't08', 't07', 't05'], 'w09': ['t00', 't01', 't05', 't09', 't04']}, 'task_val_dict': {'t00': 8.201326982420888, 't01': 2.7950621792067167, 't02': 17.119303816804678, 't03': 12.941941651090806, 't04': 19.887032709538456, 't05': 1.873829843995908, 't06': 19.19721494612139, 't07': 7.863676482033097, 't08': 13.3619661695255, 't09': 2.2701045822295884}, 'worke_cost': {'w00': 3.4153893546922327, 'w01': 16.02593514421144, 'w02': 8.332219422295237, 'w03': 2.697973822790327, 'w04': 3.477676989482449, 'w05': 27.6661238878769, 'w06': 4.826057116528844, 'w07': 12.385923349756606, 'w08': 25.356179969885584, 'w09': 30.70500273679575}, 'n': 10, 'm': 10, 'solution': {'w08', 'w03', 'w04', 'w06'}, 'value': 66.88346688205021}"
Official_Experiment_dUSM_dataset_03_instance_19_18_exec,"{'task_file': '/Users/hdrop/Documents/Personal FIles/master-thesis-experiments/data/data_files/03_dataset_10_workers_10_tasks/instance_19/tasks_2.csv', 'worker_file': '/Users/hdrop/Documents/Personal FIles/master-thesis-experiments/data/data_files/03_dataset_10_workers_10_tasks/instance_19/workers_2.csv', 'workers': {'w08', 'w03', 'w00', 'w09', 'w05', 'w06', 'w04', 'w07', 'w02', 'w01'}, 'workers_df':         cost                     skills  user_id user_name  y_star_index
0  14.090968                 [t02, t09]        0       w00  1.664783e-10
1   6.246713            [t00, t09, t04]        1       w01  6.690239e-10
2   3.203702                      [t01]        2       w02  2.806128e-10
3   5.490244            [t02, t04, t03]        3       w03  1.000000e+00
4   3.469386            [t00, t03, t06]        4       w04  3.262760e-09
5   4.984388            [t01, t06, t08]        5       w05  1.000000e+00
6  23.807744            [t02, t08, t07]        6       w06  1.199227e-10
7  14.584065  [t00, t01, t07, t05, t09]        7       w07  1.000000e+00
8  34.188101       [t02, t09, t04, t03]        8       w08 -5.748973e-11
9  48.661906                 [t00, t03]        9       w09 -6.905753e-11, 'tasks_df':   skill  skill_id  valuation  x_star_index
0   t00         0   8.905669           1.0
1   t01         1  14.707948           1.0
2   t02         2  16.782228           1.0
3   t03         3  17.649895           1.0
4   t04         4   8.990921           1.0
5   t05         5  18.632259           1.0
6   t06         6  18.610256           1.0
7   t07         7  18.558089           1.0
8   t08         8   2.765875           1.0
9   t09         9   7.704643           1.0, 'task_set': {'t00', 't07', 't09', 't08', 't04', 't01', 't02', 't05', 't06', 't03'}, 'worker_task_dict': {'w00': ['t02', 't09'], 'w01': ['t00', 't09', 't04'], 'w02': ['t01'], 'w03': ['t02', 't04', 't03'], 'w04': ['t00', 't03', 't06'], 'w05': ['t01', 't06', 't08'], 'w06': ['t02', 't08', 't07'], 'w07': ['t00', 't01', 't07', 't05', 't09'], 'w08': ['t02', 't09', 't04', 't03'], 'w09': ['t00', 't03']}, 'task_val_dict': {'t00': 8.90566853498143, 't01': 14.707947845092562, 't02': 16.782228380429082, 't03': 17.649894630908626, 't04': 8.990920848877607, 't05': 18.632259045399813, 't06': 18.61025553967251, 't07': 18.5580885352699, 't08': 2.7658751132129757, 't09': 7.704643072189992}, 'worke_cost': {'w00': 14.090967812549028, 'w01': 6.24671314043823, 'w02': 3.2037017079869727, 'w03': 5.490243591956316, 'w04': 3.4693855055422373, 'w05': 4.9843879759108445, 'w06': 23.80774449045306, 'w07': 14.58406516209006, 'w08': 34.188101316299175, 'w09': 48.66190612911875}, 'n': 10, 'm': 10, 'solution': {'w01', 'w03', 'w05', 'w07'}, 'value': 102.00237167563903}"
Official_Experiment_dUSM_dataset_03_instance_20_19_exec,"{'task_file': '/Users/hdrop/Documents/Personal FIles/master-thesis-experiments/data/data_files/03_dataset_10_workers_10_tasks/instance_20/tasks_2.csv', 'worker_file': '/Users/hdrop/Documents/Personal FIles/master-thesis-experiments/data/data_files/03_dataset_10_workers_10_tasks/instance_20/workers_2.csv', 'workers': {'w08', 'w03', 'w00', 'w09', 'w05', 'w06', 'w04', 'w07', 'w02', 'w01'}, 'workers_df':         cost                     skills  user_id user_name  y_star_index
0   9.876190            [t02, t09, t04]        0       w00  4.801569e-11
1  12.038056                      [t00]        1       w01 -9.542637e-12
2   1.270316                      [t01]        2       w02  1.000000e+00
3   3.808217                 [t02, t04]        3       w03  1.103156e-11
4   8.005761                 [t00, t04]        4       w04  1.196730e-11
5  11.287784                 [t01, t04]        5       w05  1.208252e-11
6   6.791730            [t02, t04, t03]        6       w06  1.000000e+00
7  15.325616            [t00, t03, t06]        7       w07  1.315809e-11
8  16.538743                 [t01, t06]        8       w08  4.394364e-12
9  21.612441  [t02, t00, t06, t08, t07]        9       w09  1.000000e+00, 'tasks_df':   skill  skill_id  valuation  x_star_index
0   t00         0   3.104963  1.000000e+00
1   t01         1  18.820461  1.000000e+00
2   t02         2   6.676262  1.000000e+00
3   t03         3  14.950020  1.000000e+00
4   t04         4  17.985960  1.000000e+00
5   t05         5   7.971252  1.056641e-11
6   t06         6  15.896854  1.000000e+00
7   t07         7   8.211766  1.000000e+00
8   t08         8  13.033182  1.000000e+00
9   t09         9   7.850762  5.660093e-11, 'task_set': {'t00', 't07', 't09', 't08', 't04', 't01', 't02', 't05', 't06', 't03'}, 'worker_task_dict': {'w00': ['t02', 't09', 't04'], 'w01': ['t00'], 'w02': ['t01'], 'w03': ['t02', 't04'], 'w04': ['t00', 't04'], 'w05': ['t01', 't04'], 'w06': ['t02', 't04', 't03'], 'w07': ['t00', 't03', 't06'], 'w08': ['t01', 't06'], 'w09': ['t02', 't00', 't06', 't08', 't07']}, 'task_val_dict': {'t00': 3.1049631860806115, 't01': 18.82046059981259, 't02': 6.676261587973876, 't03': 14.95002027094736, 't04': 17.985960055053066, 't05': 7.97125153709018, 't06': 15.896853651817615, 't07': 8.211766212718494, 't08': 13.03318203971127, 't09': 7.850761734884812}, 'worke_cost': {'w00': 9.87619024249456, 'w01': 12.038055652073638, 'w02': 1.2703164770040702, 'w03': 3.808217154152816, 'w04': 8.00576081739401, 'w05': 11.28778430056902, 'w06': 6.791729928660885, 'w07': 15.325615991759475, 'w08': 16.538742959192813, 'w09': 21.612440776382464}, 'n': 10, 'm': 10, 'solution': {'w09', 'w08', 'w03', 'w06'}, 'value': 49.92833678572592}"
Official_Experiment_dUSM_dataset_03_instance_21_20_exec,"{'task_file': '/Users/hdrop/Documents/Personal FIles/master-thesis-experiments/data/data_files/03_dataset_10_workers_10_tasks/instance_21/tasks_2.csv', 'worker_file': '/Users/hdrop/Documents/Personal FIles/master-thesis-experiments/data/data_files/03_dataset_10_workers_10_tasks/instance_21/workers_2.csv', 'workers': {'w08', 'w03', 'w00', 'w09', 'w05', 'w06', 'w04', 'w07', 'w02', 'w01'}, 'workers_df':         cost                     skills  user_id user_name  y_star_index
0   6.327574            [t02, t09, t04]        0       w00  3.269435e-09
1   7.914349                 [t00, t04]        1       w01  1.263977e-11
2   6.249608            [t01, t04, t03]        2       w02  1.000000e+00
3  10.143804                 [t02, t03]        3       w03  1.647087e-11
4   3.461136            [t00, t03, t06]        4       w04  3.477369e-09
5  19.188209            [t01, t06, t08]        5       w05  1.000000e+00
6  32.947740            [t02, t08, t07]        6       w06  1.328946e-10
7  22.427444  [t00, t01, t07, t05, t09]        7       w07  1.000000e+00
8  20.554156                 [t02, t09]        8       w08 -4.126148e-11
9  50.632863  [t00, t01, t09, t04, t03]        9       w09 -7.643186e-12, 'tasks_df':   skill  skill_id  valuation  x_star_index
0   t00         0  10.763052  1.000000e+00
1   t01         1  13.077788  1.000000e+00
2   t02         2   2.419880  3.265594e-09
3   t03         3  14.269497  1.000000e+00
4   t04         4   4.441299  1.000000e+00
5   t05         5  16.691996  1.000000e+00
6   t06         6   2.721266  1.000000e+00
7   t07         7  11.938131  1.000000e+00
8   t08         8  19.554461  1.000000e+00
9   t09         9   7.715555  1.000000e+00, 'task_set': {'t00', 't07', 't09', 't08', 't04', 't01', 't02', 't05', 't06', 't03'}, 'worker_task_dict': {'w00': ['t02', 't09', 't04'], 'w01': ['t00', 't04'], 'w02': ['t01', 't04', 't03'], 'w03': ['t02', 't03'], 'w04': ['t00', 't03', 't06'], 'w05': ['t01', 't06', 't08'], 'w06': ['t02', 't08', 't07'], 'w07': ['t00', 't01', 't07', 't05', 't09'], 'w08': ['t02', 't09'], 'w09': ['t00', 't01', 't09', 't04', 't03']}, 'task_val_dict': {'t00': 10.76305165061391, 't01': 13.077787764492378, 't02': 2.4198798876401013, 't03': 14.26949669241992, 't04': 4.441298555663746, 't05': 16.691995613353797, 't06': 2.721265834999493, 't07': 11.93813142760039, 't08': 19.55446094651485, 't09': 7.715555042146793}, 'worke_cost': {'w00': 6.327573652599812, 'w01': 7.914348648524553, 'w02': 6.249608453362074, 'w03': 10.143803883802043, 'w04': 3.461135584744767, 'w05': 19.188208681687563, 'w06': 32.94773989362861, 'w07': 22.427443664905294, 'w08': 20.554155896267226, 'w09': 50.63286334774776}, 'n': 10, 'm': 10, 'solution': {'w04', 'w00', 'w07'}, 'value': 51.82230956668066}"
Official_Experiment_dUSM_dataset_03_instance_22_21_exec,"{'task_file': '/Users/hdrop/Documents/Personal FIles/master-thesis-experiments/data/data_files/03_dataset_10_workers_10_tasks/instance_22/tasks_2.csv', 'worker_file': '/Users/hdrop/Documents/Personal FIles/master-thesis-experiments/data/data_files/03_dataset_10_workers_10_tasks/instance_22/workers_2.csv', 'workers': {'w08', 'w03', 'w00', 'w09', 'w05', 'w06', 'w04', 'w07', 'w02', 'w01'}, 'workers_df':         cost           skills  user_id user_name  y_star_index
0  11.599957       [t02, t09]        0       w00  4.994463e-10
1   2.947310  [t00, t09, t04]        1       w01  1.000000e+00
2   3.411142  [t01, t04, t03]        2       w02  1.000000e+00
3  16.280187            [t02]        3       w03 -1.270974e-10
4   6.631431       [t00, t03]        4       w04  3.833976e-10
5   6.401138       [t01, t03]        5       w05  5.185787e-10
6  22.454845  [t02, t03, t06]        6       w06 -2.867834e-11
7   2.683094  [t00, t06, t08]        7       w07  1.000000e+00
8   1.845597  [t01, t08, t07]        8       w08  1.455234e-08
9  18.682512  [t02, t07, t05]        9       w09  9.336482e-11, 'tasks_df':   skill  skill_id  valuation  x_star_index
0   t00         0  10.228995  1.000000e+00
1   t01         1   3.570906  1.000000e+00
2   t02         2   2.587313  3.778704e-10
3   t03         3  14.752078  1.000000e+00
4   t04         4  17.837184  1.000000e+00
5   t05         5   5.397553  1.788178e-10
6   t06         6  10.926053  1.000000e+00
7   t07         7   1.483844  1.405765e-08
8   t08         8   2.345166  1.000000e+00
9   t09         9  17.346437  1.000000e+00, 'task_set': {'t00', 't07', 't09', 't08', 't04', 't01', 't02', 't05', 't06', 't03'}, 'worker_task_dict': {'w00': ['t02', 't09'], 'w01': ['t00', 't09', 't04'], 'w02': ['t01', 't04', 't03'], 'w03': ['t02'], 'w04': ['t00', 't03'], 'w05': ['t01', 't03'], 'w06': ['t02', 't03', 't06'], 'w07': ['t00', 't06', 't08'], 'w08': ['t01', 't08', 't07'], 'w09': ['t02', 't07', 't05']}, 'task_val_dict': {'t00': 10.228994732759062, 't01': 3.5709064374536585, 't02': 2.5873128704290407, 't03': 14.75207771018068, 't04': 17.837184266815747, 't05': 5.39755340719747, 't06': 10.926053442911966, 't07': 1.4838443449317804, 't08': 2.3451659074036204, 't09': 17.346437083250088}, 'worke_cost': {'w00': 11.599957065221474, 'w01': 2.947310417471922, 'w02': 3.41114192499874, 'w03': 16.280186703672534, 'w04': 6.6314308682056815, 'w05': 6.401138255868173, 'w06': 22.45484514359377, 'w07': 2.6830941799155807, 'w08': 1.8455972082784475, 'w09': 18.6825116506449}, 'n': 10, 'm': 10, 'solution': {'w08', 'w05', 'w01', 'w07'}, 'value': 64.61352386417248}"
Official_Experiment_dUSM_dataset_03_instance_23_22_exec,"{'task_file': '/Users/hdrop/Documents/Personal FIles/master-thesis-experiments/data/data_files/03_dataset_10_workers_10_tasks/instance_23/tasks_2.csv', 'worker_file': '/Users/hdrop/Documents/Personal FIles/master-thesis-experiments/data/data_files/03_dataset_10_workers_10_tasks/instance_23/workers_2.csv', 'workers': {'w08', 'w03', 'w00', 'w09', 'w05', 'w06', 'w04', 'w07', 'w02', 'w01'}, 'workers_df':         cost           skills  user_id user_name  y_star_index
0   7.202292            [t02]        0       w00 -3.916446e-11
1  11.411015  [t00, t09, t04]        1       w01  1.836802e-09
2   2.593074       [t01, t04]        2       w02  1.000000e+00
3  19.219505            [t02]        3       w03 -2.013771e-10
4  24.694168  [t00, t04, t03]        4       w04 -1.599149e-10
5  12.878070  [t01, t03, t06]        5       w05  1.000000e+00
6   6.968476  [t02, t06, t08]        6       w06  5.613265e-09
7   1.135584       [t00, t08]        7       w07  1.000000e+00
8   3.897243            [t01]        8       w08 -4.890960e-11
9  12.515185  [t02, t08, t07]        9       w09  1.000000e+00, 'tasks_df':   skill  skill_id  valuation  x_star_index
0   t00         0   8.684412  1.000000e+00
1   t01         1  14.485894  1.000000e+00
2   t02         2  14.294653  1.000000e+00
3   t03         3  10.524974  1.000000e+00
4   t04         4  17.409887  1.000000e+00
5   t05         5   3.855462  2.779281e-10
6   t06         6  14.422853  1.000000e+00
7   t07         7   8.693675  1.000000e+00
8   t08         8   1.050438  1.000000e+00
9   t09         9   1.064590  1.449532e-09, 'task_set': {'t00', 't07', 't09', 't08', 't04', 't01', 't02', 't05', 't06', 't03'}, 'worker_task_dict': {'w00': ['t02'], 'w01': ['t00', 't09', 't04'], 'w02': ['t01', 't04'], 'w03': ['t02'], 'w04': ['t00', 't04', 't03'], 'w05': ['t01', 't03', 't06'], 'w06': ['t02', 't06', 't08'], 'w07': ['t00', 't08'], 'w08': ['t01'], 'w09': ['t02', 't08', 't07']}, 'task_val_dict': {'t00': 8.684411628802074, 't01': 14.485894012897486, 't02': 14.29465334012118, 't03': 10.524973766990072, 't04': 17.40988733061453, 't05': 3.85546245898048, 't06': 14.422852584373995, 't07': 8.693674755756584, 't08': 1.050438309486485, 't09': 1.064589591171439}, 'worke_cost': {'w00': 7.202292343897801, 'w01': 11.411014961870125, 'w02': 2.593073667237165, 'w03': 19.219504819672476, 'w04': 24.6941678222809, 'w05': 12.878069573414384, 'w06': 6.96847566293989, 'w07': 1.1355840587968595, 'w08': 3.897242689033738, 'w09': 12.515185142112752}, 'n': 10, 'm': 10, 'solution': {'w09', 'w08', 'w06', 'w01'}, 'value': 45.31448309726727}"
Official_Experiment_dUSM_dataset_03_instance_24_23_exec,"{'task_file': '/Users/hdrop/Documents/Personal FIles/master-thesis-experiments/data/data_files/03_dataset_10_workers_10_tasks/instance_24/tasks_2.csv', 'worker_file': '/Users/hdrop/Documents/Personal FIles/master-thesis-experiments/data/data_files/03_dataset_10_workers_10_tasks/instance_24/workers_2.csv', 'workers': {'w08', 'w03', 'w00', 'w09', 'w05', 'w06', 'w04', 'w07', 'w02', 'w01'}, 'workers_df':         cost           skills  user_id user_name  y_star_index
0  14.223633            [t02]        0       w00 -5.678235e-12
1   5.162304  [t00, t09, t04]        1       w01  1.000000e+00
2   4.456146            [t01]        2       w02  2.310063e-11
3  23.235337       [t02, t04]        3       w03 -5.981801e-12
4  12.825361  [t00, t04, t03]        4       w04  3.066354e-11
5  20.688414       [t01, t03]        5       w05 -3.114771e-12
6  16.867120  [t02, t03, t06]        6       w06  1.000000e+00
7  11.333101  [t00, t06, t08]        7       w07  2.720163e-11
8   3.516675       [t01, t08]        8       w08  1.000000e+00
9   2.839191  [t02, t08, t07]        9       w09  1.000000e+00, 'tasks_df':   skill  skill_id  valuation  x_star_index
0   t00         0  18.197782  1.000000e+00
1   t01         1   5.268459  1.000000e+00
2   t02         2  12.184378  1.000000e+00
3   t03         3  12.554426  1.000000e+00
4   t04         4   7.661661  1.000000e+00
5   t05         5   9.256050  5.753617e-12
6   t06         6  12.879446  1.000000e+00
7   t07         7   4.142671  1.000000e+00
8   t08         8  13.934863  1.000000e+00
9   t09         9   6.642478  1.000000e+00, 'task_set': {'t00', 't07', 't09', 't08', 't04', 't01', 't02', 't05', 't06', 't03'}, 'worker_task_dict': {'w00': ['t02'], 'w01': ['t00', 't09', 't04'], 'w02': ['t01'], 'w03': ['t02', 't04'], 'w04': ['t00', 't04', 't03'], 'w05': ['t01', 't03'], 'w06': ['t02', 't03', 't06'], 'w07': ['t00', 't06', 't08'], 'w08': ['t01', 't08'], 'w09': ['t02', 't08', 't07']}, 'task_val_dict': {'t00': 18.19778244329493, 't01': 5.268459237365128, 't02': 12.184378448974885, 't03': 12.554425894387046, 't04': 7.661660609563196, 't05': 9.25605043719258, 't06': 12.879446004433795, 't07': 4.142671117469411, 't08': 13.93486331090367, 't09': 6.642478362209992}, 'worke_cost': {'w00': 14.223632858216169, 'w01': 5.162303524683909, 'w02': 4.456146328616046, 'w03': 23.235337199994813, 'w04': 12.825361066946554, 'w05': 20.6884137381731, 'w06': 16.867120089314113, 'w07': 11.333100614629954, 'w08': 3.516675053869678, 'w09': 2.83919115861346}, 'n': 10, 'm': 10, 'solution': {'w09', 'w08', 'w01'}, 'value': 56.51412379261417}"
Official_Experiment_dUSM_dataset_03_instance_25_24_exec,"{'task_file': '/Users/hdrop/Documents/Personal FIles/master-thesis-experiments/data/data_files/03_dataset_10_workers_10_tasks/instance_25/tasks_2.csv', 'worker_file': '/Users/hdrop/Documents/Personal FIles/master-thesis-experiments/data/data_files/03_dataset_10_workers_10_tasks/instance_25/workers_2.csv', 'workers': {'w08', 'w03', 'w00', 'w09', 'w05', 'w06', 'w04', 'w07', 'w02', 'w01'}, 'workers_df':         cost           skills  user_id user_name  y_star_index
0  20.079387            [t02]        0       w00  3.004119e-11
1  12.650109  [t00, t09, t04]        1       w01  2.858868e-10
2  19.811583       [t01, t04]        2       w02  1.106700e-10
3  14.985110  [t02, t04, t03]        3       w03 -3.070977e-11
4   1.285877            [t00]        4       w04  1.000000e+00
5  10.228630       [t01, t03]        5       w05  1.000000e+00
6   9.714408  [t02, t03, t06]        6       w06  1.000000e+00
7  19.516510       [t00, t06]        7       w07 -2.663188e-11
8  15.383863            [t01]        8       w08  1.478530e-10
9   3.769349            [t02]        9       w09  2.039368e-10, 'tasks_df':   skill  skill_id  valuation  x_star_index
0   t00         0   5.302131  1.000000e+00
1   t01         1  19.835395  1.000000e+00
2   t02         2   1.992124  1.000000e+00
3   t03         3  15.506133  1.000000e+00
4   t04         4   1.433748  2.760447e-10
5   t05         5  12.706096  1.157287e-10
6   t06         6  10.166000  1.000000e+00
7   t07         7  14.858290  1.119132e-10
8   t08         8   6.825986  9.739885e-11
9   t09         9   1.046055  2.096101e-10, 'task_set': {'t00', 't07', 't09', 't08', 't04', 't01', 't02', 't05', 't06', 't03'}, 'worker_task_dict': {'w00': ['t02'], 'w01': ['t00', 't09', 't04'], 'w02': ['t01', 't04'], 'w03': ['t02', 't04', 't03'], 'w04': ['t00'], 'w05': ['t01', 't03'], 'w06': ['t02', 't03', 't06'], 'w07': ['t00', 't06'], 'w08': ['t01'], 'w09': ['t02']}, 'task_val_dict': {'t00': 5.302130726901256, 't01': 19.83539508253689, 't02': 1.9921238955959557, 't03': 15.50613295531309, 't04': 1.4337482408419835, 't05': 12.70609575402904, 't06': 10.165999679193373, 't07': 14.85828959530161, 't08': 6.825985943686762, 't09': 1.0460549507820276}, 'worke_cost': {'w00': 20.079387206728825, 'w01': 12.65010868655467, 'w02': 19.81158334702333, 'w03': 14.985109523766194, 'w04': 1.285876500918623, 'w05': 10.228630156355088, 'w06': 9.714407662288174, 'w07': 19.51650987247195, 'w08': 15.383863298419026, 'w09': 3.7693488091992657}, 'n': 10, 'm': 10, 'solution': {'w05', 'w04'}, 'value': 29.129152107477527}"
Official_Experiment_dUSM_dataset_03_instance_26_25_exec,"{'task_file': '/Users/hdrop/Documents/Personal FIles/master-thesis-experiments/data/data_files/03_dataset_10_workers_10_tasks/instance_26/tasks_2.csv', 'worker_file': '/Users/hdrop/Documents/Personal FIles/master-thesis-experiments/data/data_files/03_dataset_10_workers_10_tasks/instance_26/workers_2.csv', 'workers': {'w08', 'w03', 'w00', 'w09', 'w05', 'w06', 'w04', 'w07', 'w02', 'w01'}, 'workers_df':         cost           skills  user_id user_name  y_star_index
0   7.458674       [t02, t09]        0       w00  1.000000e+00
1  24.680432  [t00, t09, t04]        1       w01  3.444121e-11
2   4.471421  [t01, t04, t03]        2       w02  1.000000e+00
3  16.237483  [t02, t03, t06]        3       w03  8.302413e-10
4  19.659247            [t00]        4       w04 -8.451240e-11
5  15.256823       [t01, t06]        5       w05 -1.075959e-10
6  18.504858            [t02]        6       w06 -1.337446e-10
7  22.266676  [t00, t06, t08]        7       w07  1.000000e+00
8  11.467950            [t01]        8       w08 -1.742620e-10
9  13.031982            [t02]        9       w09 -5.298095e-11, 'tasks_df':   skill  skill_id  valuation  x_star_index
0   t00         0  11.103040  1.000000e+00
1   t01         1   1.936700  1.000000e+00
2   t02         2  17.000340  1.000000e+00
3   t03         3   9.726659  1.000000e+00
4   t04         4   9.553130  1.000000e+00
5   t05         5   4.788027  1.537204e-10
6   t06         6   7.347690  1.000000e+00
7   t07         7   4.890836  1.557339e-10
8   t08         8   3.965633  1.000000e+00
9   t09         9   6.047248  1.000000e+00, 'task_set': {'t00', 't07', 't09', 't08', 't04', 't01', 't02', 't05', 't06', 't03'}, 'worker_task_dict': {'w00': ['t02', 't09'], 'w01': ['t00', 't09', 't04'], 'w02': ['t01', 't04', 't03'], 'w03': ['t02', 't03', 't06'], 'w04': ['t00'], 'w05': ['t01', 't06'], 'w06': ['t02'], 'w07': ['t00', 't06', 't08'], 'w08': ['t01'], 'w09': ['t02']}, 'task_val_dict': {'t00': 11.103040301797968, 't01': 1.936699622363618, 't02': 17.000340299175107, 't03': 9.726658698001089, 't04': 9.55312993500823, 't05': 4.788027107846647, 't06': 7.347689774402774, 't07': 4.890835938911681, 't08': 3.965633159477001, 't09': 6.047247898119043}, 'worke_cost': {'w00': 7.458674317472476, 'w01': 24.680432497202585, 'w02': 4.4714214923028015, 'w03': 16.23748273836219, 'w04': 19.659247467622063, 'w05': 15.256822730830088, 'w06': 18.50485835421999, 'w07': 22.26667592847376, 'w08': 11.467950187873916, 'w09': 13.031981869230208}, 'n': 10, 'm': 10, 'solution': {'w02', 'w03'}, 'value': 24.855614098285827}"
Official_Experiment_dUSM_dataset_03_instance_27_26_exec,"{'task_file': '/Users/hdrop/Documents/Personal FIles/master-thesis-experiments/data/data_files/03_dataset_10_workers_10_tasks/instance_27/tasks_2.csv', 'worker_file': '/Users/hdrop/Documents/Personal FIles/master-thesis-experiments/data/data_files/03_dataset_10_workers_10_tasks/instance_27/workers_2.csv', 'workers': {'w08', 'w03', 'w00', 'w09', 'w05', 'w06', 'w04', 'w07', 'w02', 'w01'}, 'workers_df':         cost           skills  user_id user_name  y_star_index
0  13.217255            [t02]        0       w00 -2.823628e-11
1  24.257957  [t00, t09, t04]        1       w01  3.322314e-10
2  19.044116            [t01]        2       w02 -2.202452e-11
3  22.874495  [t02, t04, t03]        3       w03  2.892654e-10
4   3.955289  [t00, t03, t06]        4       w04  1.000000e+00
5   2.035423  [t01, t06, t08]        5       w05  1.000000e+00
6   7.641372       [t02, t08]        6       w06  1.118485e-10
7  17.527176       [t00, t08]        7       w07 -2.323678e-11
8  24.344812  [t01, t08, t07]        8       w08  6.100567e-12
9   3.359349  [t02, t07, t05]        9       w09  1.000000e+00, 'tasks_df':   skill  skill_id  valuation  x_star_index
0   t00         0  19.534461  1.000000e+00
1   t01         1  18.250084  1.000000e+00
2   t02         2  18.679649  1.000000e+00
3   t03         3  14.289307  1.000000e+00
4   t04         4  17.143321  6.643789e-10
5   t05         5  16.126301  1.000000e+00
6   t06         6   2.018952  1.000000e+00
7   t07         7  15.781673  1.000000e+00
8   t08         8  18.304789  1.000000e+00
9   t09         9   2.614763  2.629668e-10, 'task_set': {'t00', 't07', 't09', 't08', 't04', 't01', 't02', 't05', 't06', 't03'}, 'worker_task_dict': {'w00': ['t02'], 'w01': ['t00', 't09', 't04'], 'w02': ['t01'], 'w03': ['t02', 't04', 't03'], 'w04': ['t00', 't03', 't06'], 'w05': ['t01', 't06', 't08'], 'w06': ['t02', 't08'], 'w07': ['t00', 't08'], 'w08': ['t01', 't08', 't07'], 'w09': ['t02', 't07', 't05']}, 'task_val_dict': {'t00': 19.534460712005878, 't01': 18.250084265159067, 't02': 18.67964929876568, 't03': 14.289307492235755, 't04': 17.143321469676067, 't05': 16.12630092986415, 't06': 2.018952220657513, 't07': 15.781673383121475, 't08': 18.304788671352163, 't09': 2.6147631713528883}, 'worke_cost': {'w00': 13.217254553799442, 'w01': 24.25795700624588, 'w02': 19.04411609248541, 'w03': 22.87449491507425, 'w04': 3.955289232424305, 'w05': 2.035423017815432, 'w06': 7.641371924036305, 'w07': 17.527175710375428, 'w08': 24.34481242691671, 'w09': 3.359348900747288}, 'n': 10, 'm': 10, 'solution': {'w09', 'w08', 'w03', 'w04'}, 'value': 85.59459296767518}"
Official_Experiment_dUSM_dataset_03_instance_28_27_exec,"{'task_file': '/Users/hdrop/Documents/Personal FIles/master-thesis-experiments/data/data_files/03_dataset_10_workers_10_tasks/instance_28/tasks_2.csv', 'worker_file': '/Users/hdrop/Documents/Personal FIles/master-thesis-experiments/data/data_files/03_dataset_10_workers_10_tasks/instance_28/workers_2.csv', 'workers': {'w08', 'w03', 'w00', 'w09', 'w05', 'w06', 'w04', 'w07', 'w02', 'w01'}, 'workers_df':         cost           skills  user_id user_name  y_star_index
0   5.726313       [t02, t09]        0       w00  4.589238e-12
1  10.514052            [t00]        1       w01  1.621772e-11
2   7.248914       [t01, t09]        2       w02  1.547987e-12
3  16.979743            [t02]        3       w03 -1.181504e-12
4  17.875799            [t00]        4       w04 -3.227387e-12
5  11.018862       [t01, t09]        5       w05 -4.092842e-12
6   2.992860       [t02, t09]        6       w06  1.000000e+00
7  23.420619       [t00, t09]        7       w07 -6.436823e-12
8   2.442286  [t01, t09, t04]        8       w08  1.000000e+00
9  22.876314  [t02, t04, t03]        9       w09  8.451054e-13, 'tasks_df':   skill  skill_id  valuation  x_star_index
0   t00         0   5.204034  7.773091e-12
1   t01         1   2.064899  1.000000e+00
2   t02         2   3.217853  1.000000e+00
3   t03         3   8.511610  6.899384e-12
4   t04         4   2.672541  1.000000e+00
5   t05         5  12.428343  6.609766e-12
6   t06         6  11.667930  6.588685e-12
7   t07         7   2.459133  2.840671e-12
8   t08         8   6.407852  5.321535e-12
9   t09         9  14.824358  1.000000e+00, 'task_set': {'t00', 't07', 't09', 't08', 't04', 't01', 't02', 't05', 't06', 't03'}, 'worker_task_dict': {'w00': ['t02', 't09'], 'w01': ['t00'], 'w02': ['t01', 't09'], 'w03': ['t02'], 'w04': ['t00'], 'w05': ['t01', 't09'], 'w06': ['t02', 't09'], 'w07': ['t00', 't09'], 'w08': ['t01', 't09', 't04'], 'w09': ['t02', 't04', 't03']}, 'task_val_dict': {'t00': 5.204034097166078, 't01': 2.064898757386359, 't02': 3.2178534963067618, 't03': 8.511609786695423, 't04': 2.672541255753753, 't05': 12.428343483675606, 't06': 11.667929741476408, 't07': 2.459132603777042, 't08': 6.4078515913509175, 't09': 14.824357890537431}, 'worke_cost': {'w00': 5.726312524466017, 'w01': 10.51405223258682, 'w02': 7.24891366990237, 'w03': 16.979743478343252, 'w04': 17.8757994591247, 'w05': 11.01886207494676, 'w06': 2.992859802625227, 'w07': 23.420618717002643, 'w08': 2.4422859937049326, 'w09': 22.87631441040968}, 'n': 10, 'm': 10, 'solution': {'w08'}, 'value': 17.119511909972612}"
Official_Experiment_dUSM_dataset_03_instance_29_28_exec,"{'task_file': '/Users/hdrop/Documents/Personal FIles/master-thesis-experiments/data/data_files/03_dataset_10_workers_10_tasks/instance_29/tasks_2.csv', 'worker_file': '/Users/hdrop/Documents/Personal FIles/master-thesis-experiments/data/data_files/03_dataset_10_workers_10_tasks/instance_29/workers_2.csv', 'workers': {'w08', 'w03', 'w00', 'w09', 'w05', 'w06', 'w04', 'w07', 'w02', 'w01'}, 'workers_df':         cost           skills  user_id user_name  y_star_index
0   7.650866       [t02, t09]        0       w00  1.000000e+00
1  10.700206  [t00, t09, t04]        1       w01  1.376106e-11
2   5.586382       [t01, t04]        2       w02  1.000000e+00
3  14.803733       [t02, t04]        3       w03 -3.011870e-12
4  19.537061  [t00, t04, t03]        4       w04 -8.168174e-13
5   6.241272            [t01]        5       w05  1.378737e-11
6  15.654547       [t02, t03]        6       w06  5.443746e-12
7   9.196434       [t00, t03]        7       w07  1.000000e+00
8  13.108719            [t01]        8       w08 -2.347499e-12
9   6.639944            [t02]        9       w09  6.017664e-12, 'tasks_df':   skill  skill_id  valuation  x_star_index
0   t00         0  14.409467  1.000000e+00
1   t01         1   6.375605  1.000000e+00
2   t02         2   6.179075  1.000000e+00
3   t03         3  17.790417  1.000000e+00
4   t04         4   2.354793  1.000000e+00
5   t05         5   2.908730  2.640472e-12
6   t06         6   1.228029  1.580946e-12
7   t07         7  10.196213  4.082230e-12
8   t08         8  13.222641  3.399784e-12
9   t09         9   8.106664  1.000000e+00, 'task_set': {'t00', 't07', 't09', 't08', 't04', 't01', 't02', 't05', 't06', 't03'}, 'worker_task_dict': {'w00': ['t02', 't09'], 'w01': ['t00', 't09', 't04'], 'w02': ['t01', 't04'], 'w03': ['t02', 't04'], 'w04': ['t00', 't04', 't03'], 'w05': ['t01'], 'w06': ['t02', 't03'], 'w07': ['t00', 't03'], 'w08': ['t01'], 'w09': ['t02']}, 'task_val_dict': {'t00': 14.409467214998529, 't01': 6.375605058157658, 't02': 6.179074816663596, 't03': 17.790416658024373, 't04': 2.3547927322652047, 't05': 2.908730449744459, 't06': 1.2280288596338131, 't07': 10.196212973475877, 't08': 13.22264141765273, 't09': 8.106663963192531}, 'worke_cost': {'w00': 7.650865512767435, 'w01': 10.700205925182846, 'w02': 5.586382309759185, 'w03': 14.803733052683535, 'w04': 19.53706064757799, 'w05': 6.241272286114311, 'w06': 15.654546596553658, 'w07': 9.196434343731774, 'w08': 13.10871915422047, 'w09': 6.6399443921721}, 'n': 10, 'm': 10, 'solution': {'w01'}, 'value': 14.170717985273416}"
Official_Experiment_dUSM_dataset_03_instance_30_29_exec,"{'task_file': '/Users/hdrop/Documents/Personal FIles/master-thesis-experiments/data/data_files/03_dataset_10_workers_10_tasks/instance_30/tasks_2.csv', 'worker_file': '/Users/hdrop/Documents/Personal FIles/master-thesis-experiments/data/data_files/03_dataset_10_workers_10_tasks/instance_30/workers_2.csv', 'workers': {'w08', 'w03', 'w00', 'w09', 'w05', 'w06', 'w04', 'w07', 'w02', 'w01'}, 'workers_df':         cost           skills  user_id user_name  y_star_index
0  20.622623            [t02]        0       w00 -2.248691e-10
1   9.982541            [t00]        1       w01  4.052827e-09
2   9.555055       [t01, t09]        2       w02  1.000000e+00
3   5.378340  [t02, t09, t04]        3       w03  2.860737e-09
4  20.295166       [t00, t04]        4       w04 -1.049641e-10
5  12.825101            [t01]        5       w05  7.024222e-10
6  12.715772       [t02, t04]        6       w06 -4.540159e-12
7   9.497163            [t00]        7       w07  1.000000e+00
8  24.296798            [t01]        8       w08 -1.360426e-10
9  19.331945  [t02, t04, t03]        9       w09  1.000000e+00, 'tasks_df':   skill  skill_id  valuation  x_star_index
0   t00         0  17.111214  1.000000e+00
1   t01         1  15.583701  1.000000e+00
2   t02         2  16.868276  1.000000e+00
3   t03         3  18.065445  1.000000e+00
4   t04         4   4.350958  1.000000e+00
5   t05         5  14.985026  2.617170e-10
6   t06         6  18.961274  2.667186e-10
7   t07         7  11.222231  2.397302e-10
8   t08         8   1.732780  6.100212e-11
9   t09         9   6.362358  1.000000e+00, 'task_set': {'t00', 't07', 't09', 't08', 't04', 't01', 't02', 't05', 't06', 't03'}, 'worker_task_dict': {'w00': ['t02'], 'w01': ['t00'], 'w02': ['t01', 't09'], 'w03': ['t02', 't09', 't04'], 'w04': ['t00', 't04'], 'w05': ['t01'], 'w06': ['t02', 't04'], 'w07': ['t00'], 'w08': ['t01'], 'w09': ['t02', 't04', 't03']}, 'task_val_dict': {'t00': 17.111213682964053, 't01': 15.583700907971243, 't02': 16.868275534815233, 't03': 18.065444630191088, 't04': 4.350958423140079, 't05': 14.985025859604262, 't06': 18.96127407117583, 't07': 11.222231153308917, 't08': 1.732779728718442, 't09': 6.362357837997526}, 'worke_cost': {'w00': 20.622622927190623, 'w01': 9.982540880366084, 'w02': 9.555055341300717, 'w03': 5.378339722559852, 'w04': 20.295166318994188, 'w05': 12.82510094854532, 'w06': 12.7157723019015, 'w07': 9.4971628435212, 'w08': 24.29679839096085, 'w09': 19.331945285363496}, 'n': 10, 'm': 10, 'solution': {'w03'}, 'value': 22.20325207339298}"
